{
"type": "FeatureCollection",
"name": "europe_geographic",
"crs": { "type": "name", "properties": { "name": "urn:ogc:def:crs:EPSG::3035" } },
"features": [
{ "type": "Feature", "properties": { "CNTR_ID": "AD", "CNTR_NAME": "Andorra", "NAME_ENGL": "Andorra", "NAME_FREN": "Andorre", "ISO3_CODE": "AND", "SVRG_UN": "UN Member State", "CAPT": "Andorra la Vella", "EU_STAT": "F", "EFTA_STAT": "F", "CC_STAT": "F", "NAME_GERM": "Andorra" }, "geometry": { "type": "Polygon", "coordinates": [ [ [ 3618228.6744, 2206417.97069999948144 ], [ 3626606.70920000039041, 2210941.969100000336766 ], [ 3645972.828600000590086, 2199964.717499999329448 ], [ 3640254.160199999809265, 2192873.192800000309944 ], [ 3624104.099300000816584, 2187124.076400000602007 ], [ 3618066.67989999987185, 2188181.764599999412894 ], [ 3616515.127000000327826, 2191872.323400000110269 ], [ 3618228.6744, 2206417.97069999948144 ] ] ] } },
{ "type": "Feature", "properties": { "CNTR_ID": "AL", "CNTR_NAME": "Shqipëria", "NAME_ENGL": "Albania", "NAME_FREN": "Albanie", "ISO3_CODE": "ALB", "SVRG_UN": "UN Member State", "CAPT": "Tirana", "EU_STAT": "F", "EFTA_STAT": "F", "CC_STAT": "T", "NAME_GERM": "Albanien" }, "geometry": { "type": "Polygon", "coordinates": [ [ [ 5123029.97069999948144, 2209024.064999999478459 ], [ 5129574.741900000721216, 2204091.313699999824166 ], [ 5145576.778300000354648, 2214724.526499999687076 ], [ 5148385.465600000694394, 2216598.8925 ], [ 5150268.391200000420213, 2215356.855399999767542 ], [ 5156464.968000000342727, 2211276.455299999564886 ], [ 5164672.74970000050962, 2198102.286599999293685 ], [ 5165881.593699999153614, 2194854.556099999696016 ], [ 5175406.693900000303984, 2192411.207699999213219 ], [ 5185675.751800000667572, 2187658.405099999159575 ], [ 5192131.569700000807643, 2178418.923900000751019 ], [ 5201114.557399999350309, 2158787.227099999785423 ], [ 5200419.911599999293685, 2147880.017000000923872 ], [ 5198279.450899999588728, 2144087.081399999558926 ], [ 5199849.679199999198318, 2138950.348200000822544 ], [ 5197008.057099999859929, 2129844.264799999073148 ], [ 5201644.27140000090003, 2114995.648800000548363 ], [ 5195102.122099999338388, 2108244.496300000697374 ], [ 5204336.224500000476837, 2095978.1996 ], [ 5200757.002599999308586, 2085264.651200000196695 ], [ 5203624.1403, 2075657.4572 ], [ 5209671.816800000146031, 2068467.452099999412894 ], [ 5210607.042099999263883, 2065691.02280000038445 ], [ 5211962.697599999606609, 2061668.541600000113249 ], [ 5214972.375499999150634, 2061477.0768 ], [ 5218111.208799999207258, 2062016.529799999669194 ], [ 5222324.136199999600649, 2051836.398399999365211 ], [ 5224553.307800000533462, 2046461.273 ], [ 5225797.383300000801682, 2043463.847699999809265 ], [ 5234386.398399999365211, 2046491.739800000563264 ], [ 5246639.273800000548363, 2044019.53800000064075 ], [ 5247352.787799999117851, 2040320.509600000455976 ], [ 5247920.31279999949038, 2031103.162499999627471 ], [ 5255695.314200000837445, 2021365.45549999922514 ], [ 5257241.4561, 2015037.956000000238419 ], [ 5250244.525100000202656, 1998297.887199999764562 ], [ 5242273.770500000566244, 1996966.281899999827147 ], [ 5237999.398700000718236, 1991786.92200000025332 ], [ 5237771.734300000593066, 1982247.040200000628829 ], [ 5233854.108200000599027, 1973785.129799999296665 ], [ 5232771.63370000012219, 1954669.740299999713898 ], [ 5227594.23960000090301, 1950737.211899999529123 ], [ 5215221.3717, 1947787.331599999219179 ], [ 5213447.268500000238419, 1947366.486600000411272 ], [ 5209598.439500000327826, 1939511.3293999992311 ], [ 5204439.324200000613928, 1937005.242900000885129 ], [ 5213201.005300000309944, 1923359.618300000205636 ], [ 5212814.762599999085069, 1916169.599899999797344 ], [ 5204901.866800000891089, 1917791.128799999132752 ], [ 5205980.163200000301003, 1908391.560699999332428 ], [ 5198696.10700000077486, 1899128.525499999523163 ], [ 5181493.357200000435114, 1901093.419399999082088 ], [ 5178751.17710000090301, 1907765.6623 ], [ 5179496.5219, 1918042.448899999260902 ], [ 5171406.693099999800324, 1923637.490800000727177 ], [ 5170696.0329, 1929119.547900000587106 ], [ 5165249.325999999418855, 1936215.6118 ], [ 5151574.548900000751019, 1942587.807800000533462 ], [ 5129458.842299999669194, 1952978.285599999129772 ], [ 5120517.080800000578165, 1960978.226399999111891 ], [ 5112344.319199999794364, 1973457.22690000012517 ], [ 5117156.376000000163913, 1973583.650699999183416 ], [ 5124259.658800000324845, 1965062.4857 ], [ 5128036.718900000676513, 1968700.982799999415874 ], [ 5127320.038599999621511, 1977533.416400000452995 ], [ 5117579.787599999457598, 1986764.2895 ], [ 5110688.6557, 1998344.004699999466538 ], [ 5113715.256999999284744, 2008207.239900000393391 ], [ 5113177.989800000563264, 2019367.775399999693036 ], [ 5119064.632099999114871, 2035052.675100000575185 ], [ 5116607.993699999526143, 2038729.223600000143051 ], [ 5115315.564400000497699, 2052978.989099999889731 ], [ 5119478.112600000575185, 2069006.539300000295043 ], [ 5111588.505000000819564, 2074053.459799999371171 ], [ 5110076.315300000831485, 2079881.197499999776483 ], [ 5115532.399000000208616, 2093572.2193 ], [ 5111810.756300000473857, 2101618.083699999377131 ], [ 5118781.291300000622869, 2103409.375499999150634 ], [ 5118642.8191, 2124698.826500000432134 ], [ 5112296.856000000610948, 2131907.919600000604987 ], [ 5100056.793500000610948, 2130793.9543999992311 ], [ 5098048.1382, 2156760.8904 ], [ 5097871.555299999192357, 2160174.2763 ], [ 5089144.653000000864267, 2167162.0186 ], [ 5097749.8465, 2184727.15819999948144 ], [ 5097727.03800000064075, 2185889.306399999186397 ], [ 5097659.995699999853969, 2189288.800200000405312 ], [ 5102045.264599999412894, 2194051.75789999961853 ], [ 5108978.198100000619888, 2209917.795499999076128 ], [ 5112468.005599999800324, 2217946.0 ], [ 5117549.70549999922514, 2223318.275699999183416 ], [ 5122102.281899999827147, 2219242.426599999889731 ], [ 5122786.788799999281764, 2211705.154799999669194 ], [ 5123029.97069999948144, 2209024.064999999478459 ] ] ] } },
{ "type": "Feature", "properties": { "CNTR_ID": "AT", "CNTR_NAME": "Österreich", "NAME_ENGL": "Austria", "NAME_FREN": "Autriche", "ISO3_CODE": "AUT", "SVRG_UN": "UN Member State", "CAPT": "Vienna", "EU_STAT": "T", "EFTA_STAT": "F", "CC_STAT": "F", "NAME_GERM": "Österreich" }, "geometry": { "type": "MultiPolygon", "coordinates": [ [ [ [ 4355225.354000000283122, 2715902.995300000533462 ], [ 4354295.37639999948442, 2717468.676699999719858 ], [ 4354258.9561, 2718353.554500000551343 ], [ 4356574.663899999111891, 2719372.93019999936223 ], [ 4355225.354000000283122, 2715902.995300000533462 ] ] ], [ [ [ 4355225.354000000283122, 2715902.995300000533462 ], [ 4362617.685499999672174, 2713914.646099999547005 ], [ 4368925.488800000399351, 2716992.280899999663234 ], [ 4380317.438200000673532, 2712094.166799999773502 ], [ 4387761.968399999663234, 2714084.867499999701977 ], [ 4387682.064500000327826, 2708318.463600000366569 ], [ 4393191.28830000013113, 2704559.332499999552965 ], [ 4395879.208100000396371, 2698559.624299999326468 ], [ 4397789.840800000354648, 2698611.855599999427795 ], [ 4412227.633400000631809, 2702590.068299999460578 ], [ 4416331.878100000321865, 2699571.23450000025332 ], [ 4421597.960200000554323, 2704292.291400000452995 ], [ 4428275.453500000759959, 2704501.094799999147654 ], [ 4426318.731799999251962, 2707305.834699999541044 ], [ 4427326.06980000063777, 2710091.676100000739098 ], [ 4438282.199799999594688, 2712439.243699999526143 ], [ 4443880.305299999192357, 2721225.52930000051856 ], [ 4458596.840900000184774, 2720801.449799999594688 ], [ 4475984.680500000715256, 2724949.817500000819564 ], [ 4485949.1382, 2724499.147600000724196 ], [ 4484225.621300000697374, 2733997.840600000694394 ], [ 4488576.5592, 2736810.338400000706315 ], [ 4491070.3903, 2732721.519600000232458 ], [ 4496572.333599999547005, 2734271.418800000101328 ], [ 4503763.845499999821186, 2733541.24269999936223 ], [ 4509559.95160000026226, 2727338.385299999266863 ], [ 4514603.512000000104308, 2727668.807399999350309 ], [ 4517382.339999999850988, 2732079.636900000274181 ], [ 4523482.830600000917912, 2733534.581499999389052 ], [ 4530564.882999999448657, 2727817.455399999395013 ], [ 4532696.415699999779463, 2719859.874399999156594 ], [ 4540308.990399999544024, 2713961.050100000575185 ], [ 4547182.379200000315905, 2711483.721300000324845 ], [ 4550449.076199999079108, 2716526.605699999257922 ], [ 4552514.132999999448657, 2732839.17820000089705 ], [ 4549601.08699999935925, 2737405.541899999603629 ], [ 4540933.107899999246001, 2738963.356000000610948 ], [ 4543962.729699999094009, 2755789.1557 ], [ 4535816.29700000025332, 2765181.823300000280142 ], [ 4534508.903599999845028, 2768916.157700000330806 ], [ 4525936.161499999463558, 2781511.576899999752641 ], [ 4534954.01659999974072, 2791303.018899999558926 ], [ 4539906.564200000837445, 2792493.457399999722838 ], [ 4547134.185200000181794, 2799190.874099999666214 ], [ 4556759.182700000703335, 2802949.191600000485778 ], [ 4564156.10080000013113, 2804172.1711 ], [ 4573034.10700000077486, 2812270.626900000497699 ], [ 4575918.498299999162555, 2827375.432399999350309 ], [ 4574853.379899999126792, 2832082.248500000685453 ], [ 4580172.908299999311566, 2837015.243100000545382 ], [ 4596341.52930000051856, 2829133.771999999880791 ], [ 4602498.6426, 2839929.48340000025928 ], [ 4600312.757799999788404, 2851666.634500000625849 ], [ 4603174.084699999541044, 2858273.122700000181794 ], [ 4616173.209699999541044, 2850784.140900000929832 ], [ 4618700.569900000467896, 2846881.127900000661612 ], [ 4617559.439200000837445, 2844131.965900000184774 ], [ 4622968.0866, 2839505.171800000593066 ], [ 4640638.340299999341369, 2836685.9276 ], [ 4650636.005899999290705, 2845839.332100000232458 ], [ 4656129.904100000858307, 2843211.541200000792742 ], [ 4661241.579, 2844774.40819999948144 ], [ 4666960.750700000673532, 2841107.584499999880791 ], [ 4669347.791200000792742, 2852774.427899999544024 ], [ 4674964.618599999696016, 2862594.781700000166893 ], [ 4685831.123800000175834, 2863376.700799999758601 ], [ 4685576.078299999237061, 2885247.753900000825524 ], [ 4687272.068399999290705, 2890247.607999999076128 ], [ 4695956.435900000855327, 2888843.791899999603629 ], [ 4700237.154100000858307, 2884493.187100000679493 ], [ 4713218.149000000208616, 2888301.849899999797344 ], [ 4726983.648499999195337, 2881333.184000000357628 ], [ 4742889.363199999555945, 2876362.718399999663234 ], [ 4748686.140699999406934, 2878774.7182 ], [ 4766760.049799999222159, 2867417.338300000876188 ], [ 4786598.80460000038147, 2866437.14809999987483 ], [ 4791451.457900000736117, 2868377.666500000283122 ], [ 4795480.083399999886751, 2875229.701199999079108 ], [ 4801327.132500000298023, 2876131.431399999186397 ], [ 4809594.031199999153614, 2873667.7072 ], [ 4812787.320599999278784, 2869126.7237 ], [ 4827870.218499999493361, 2868003.295499999076128 ], [ 4832035.227800000458956, 2857836.825999999418855 ], [ 4833565.819900000467896, 2848880.919399999082088 ], [ 4827287.110200000926852, 2837437.912599999457598 ], [ 4828357.852600000798702, 2828251.310100000351667 ], [ 4836193.8608, 2818313.3684 ], [ 4839232.9529, 2808802.603900000452995 ], [ 4846489.840900000184774, 2803511.403999999165535 ], [ 4848888.709100000560284, 2796211.361500000581145 ], [ 4854633.284299999475479, 2791782.465199999511242 ], [ 4851097.489700000733137, 2787953.334599999710917 ], [ 4850784.224999999627471, 2779763.2522 ], [ 4846885.337300000712276, 2774804.914599999785423 ], [ 4848746.325099999085069, 2767424.762800000607967 ], [ 4850697.823000000789762, 2760172.219200000166893 ], [ 4849028.332100000232458, 2757401.139399999752641 ], [ 4839000.692399999126792, 2754803.350999999791384 ], [ 4835316.455299999564886, 2756805.6798 ], [ 4828822.750800000503659, 2753177.503399999812245 ], [ 4823867.05350000038743, 2758357.3454 ], [ 4815754.558299999684095, 2760165.706199999898672 ], [ 4802912.689200000837445, 2748897.516799999400973 ], [ 4820900.063300000503659, 2744414.619999999180436 ], [ 4825187.030099999159575, 2736755.026699999347329 ], [ 4821838.777799999341369, 2726165.965099999681115 ], [ 4816353.187400000169873, 2721428.815300000831485 ], [ 4808200.015799999237061, 2720050.078099999576807 ], [ 4806751.443399999290705, 2714374.621899999678135 ], [ 4810971.502000000327826, 2707101.7796 ], [ 4807855.550100000575185, 2696964.919600000604987 ], [ 4815257.954700000584126, 2690695.426400000229478 ], [ 4812246.78830000013113, 2686018.949999999254942 ], [ 4814222.040200000628829, 2682817.889799999073148 ], [ 4813562.885600000619888, 2676242.440300000831485 ], [ 4799406.698699999600649, 2673994.5044 ], [ 4786947.849600000306964, 2658724.939799999818206 ], [ 4782998.047499999403954, 2655010.698899999260902 ], [ 4778298.514499999582767, 2654263.104100000113249 ], [ 4778273.386299999430776, 2647520.840700000524521 ], [ 4779142.177400000393391, 2643078.239 ], [ 4782849.20240000076592, 2638524.63880000077188 ], [ 4783043.591700000688434, 2634665.961799999698997 ], [ 4782674.694700000807643, 2634830.81110000051558 ], [ 4776818.264499999582767, 2637601.49860000051558 ], [ 4769058.9068, 2640615.26039999909699 ], [ 4763403.332900000736117, 2638817.957100000232458 ], [ 4760890.277100000530481, 2637563.3585 ], [ 4754909.363600000739098, 2637601.108300000429153 ], [ 4751160.001900000497699, 2634765.46169999986887 ], [ 4746624.483300000429153, 2633897.43019999936223 ], [ 4745409.625, 2628803.983200000599027 ], [ 4743767.059699999168515, 2627743.758600000292063 ], [ 4734492.070499999448657, 2630626.14130000025034 ], [ 4729424.267300000414252, 2630220.249099999666214 ], [ 4722281.92, 2628343.205 ], [ 4715993.89049999974668, 2629704.5033 ], [ 4710136.635099999606609, 2627966.840900000184774 ], [ 4708765.13289999961853, 2628648.795 ], [ 4698145.852700000628829, 2623014.269200000911951 ], [ 4695229.748099999502301, 2623245.64130000025034 ], [ 4691343.081900000572205, 2615876.1765 ], [ 4690914.613900000229478, 2611568.359400000423193 ], [ 4684063.422700000926852, 2609841.200099999085069 ], [ 4680279.633300000801682, 2604351.648299999535084 ], [ 4674504.523, 2601416.79869999922812 ], [ 4672386.97719999961555, 2595156.893999999389052 ], [ 4668764.208699999377131, 2599905.808900000527501 ], [ 4662588.441600000485778, 2600273.416999999433756 ], [ 4661893.2665, 2602364.008300000801682 ], [ 4646809.567900000140071, 2600291.227700000628829 ], [ 4640347.394500000402331, 2600431.262700000777841 ], [ 4635998.672800000756979, 2604973.540999999269843 ], [ 4628809.759700000286102, 2604755.748400000855327 ], [ 4621369.254799999296665, 2608328.524900000542402 ], [ 4606152.076999999582767, 2608175.0592 ], [ 4589828.590299999341369, 2612229.340199999511242 ], [ 4571427.458799999207258, 2609915.244400000199676 ], [ 4554520.11879999935627, 2614086.084499999880791 ], [ 4530306.199799999594688, 2617285.814600000157952 ], [ 4527096.512800000607967, 2619689.623999999836087 ], [ 4510728.83669999986887, 2621660.521600000560284 ], [ 4496354.4068, 2633180.360999999567866 ], [ 4494698.88880000077188, 2642571.3158 ], [ 4485313.155200000852346, 2647298.717199999839067 ], [ 4483164.261299999430776, 2657150.694199999794364 ], [ 4491314.122400000691414, 2664310.273600000888109 ], [ 4483320.695499999448657, 2665352.216700000688434 ], [ 4453635.981300000101328, 2653372.756899999454618 ], [ 4444821.71199999935925, 2656889.123800000175834 ], [ 4433495.012700000777841, 2655425.509999999776483 ], [ 4428581.774000000208616, 2651810.250399999320507 ], [ 4422236.78800000064075, 2653880.114700000733137 ], [ 4409680.1173, 2650942.13289999961853 ], [ 4398088.2478, 2628936.081199999898672 ], [ 4379189.933599999174476, 2631970.727800000458956 ], [ 4371888.195599999278784, 2639897.029699999839067 ], [ 4356848.731899999082088, 2638051.491499999538064 ], [ 4357463.799200000241399, 2647033.7544 ], [ 4349630.807199999690056, 2653534.416500000283122 ], [ 4344790.4781, 2646563.547900000587106 ], [ 4339740.291400000452995, 2645456.47829999960959 ], [ 4337687.0877, 2639386.144200000911951 ], [ 4332066.887000000104308, 2637515.748500000685453 ], [ 4327711.629499999806285, 2637298.608999999240041 ], [ 4312770.684599999338388, 2646501.471000000834465 ], [ 4310325.948200000450015, 2655743.935200000181794 ], [ 4291125.043400000780821, 2660883.310100000351667 ], [ 4291473.080399999395013, 2662951.768100000917912 ], [ 4292938.367200000211596, 2664338.691400000825524 ], [ 4292198.295099999755621, 2666406.412699999287724 ], [ 4292498.943099999800324, 2667232.459899999201298 ], [ 4292201.63399999961257, 2670971.976199999451637 ], [ 4289958.75620000064373, 2672432.429700000211596 ], [ 4288625.170800000429153, 2675012.010500000789762 ], [ 4289094.407400000840425, 2675816.021299999207258 ], [ 4287468.92879999987781, 2679858.260900000110269 ], [ 4287339.250399999320507, 2682229.401100000366569 ], [ 4285464.429500000551343, 2684223.105399999767542 ], [ 4294926.141100000590086, 2696999.2939 ], [ 4294752.468599999323487, 2703430.138000000268221 ], [ 4289375.309499999508262, 2707411.058399999514222 ], [ 4287756.784900000318885, 2714352.171800000593066 ], [ 4298425.817299999296665, 2712789.579800000414252 ], [ 4305269.4178, 2719617.029500000178814 ], [ 4310037.185799999162555, 2713698.554700000211596 ], [ 4318575.475199999287724, 2714736.67200000025332 ], [ 4320964.264699999243021, 2707711.69620000012219 ], [ 4327373.989800000563264, 2703687.970300000160933 ], [ 4328740.8585, 2694781.55350000038743 ], [ 4337893.245799999684095, 2695400.218599999323487 ], [ 4334506.558900000527501, 2684074.959000000730157 ], [ 4346502.624199999496341, 2689007.82010000012815 ], [ 4355700.111600000411272, 2701275.582100000232458 ], [ 4355225.354000000283122, 2715902.995300000533462 ] ] ] ] } },
{ "type": "Feature", "properties": { "CNTR_ID": "BA", "CNTR_NAME": "Bosna I Hercegovina-Bosna I Hercegovina-Босна И Херцеговина", "NAME_ENGL": "Bosnia and Herzegovina", "NAME_FREN": "Bosnie-et-Herzégovine", "ISO3_CODE": "BIH", "SVRG_UN": "UN Member State", "CAPT": "Sarajevo", "EU_STAT": "F", "EFTA_STAT": "F", "CC_STAT": "T", "NAME_GERM": "Bosnien und Herzegowina" }, "geometry": { "type": "MultiPolygon", "coordinates": [ [ [ [ 4864374.583799999207258, 2486721.666799999773502 ], [ 4882408.332599999383092, 2477037.9013 ], [ 4894293.532500000670552, 2479446.928999999538064 ], [ 4911481.692700000479817, 2474339.893999999389052 ], [ 4924357.632400000467896, 2476757.559900000691414 ], [ 4938806.4342, 2470080.032400000840425 ], [ 4950105.395400000736117, 2480584.340299999341369 ], [ 4966056.750399999320507, 2476248.737299999222159 ], [ 4969914.503599999472499, 2482556.528899999335408 ], [ 4983005.714400000870228, 2481114.025399999693036 ], [ 4987506.185000000521541, 2477312.576199999079108 ], [ 4989376.159700000658631, 2476255.975299999117851 ], [ 4992096.800699999555945, 2477232.657199999317527 ], [ 4991962.053099999204278, 2480218.4671 ], [ 5002845.529400000348687, 2480736.474300000816584 ], [ 5013519.923000000417233, 2469093.756100000813603 ], [ 5013315.136199999600649, 2462372.292899999767542 ], [ 5018603.418600000441074, 2458336.682 ], [ 5032130.962899999693036, 2458789.02280000038445 ], [ 5033462.494000000879169, 2459084.444299999624491 ], [ 5044226.537100000306964, 2466927.158299999311566 ], [ 5058853.70890000090003, 2465999.940700000151992 ], [ 5056459.022199999541044, 2441521.580800000578165 ], [ 5046828.9748, 2422203.357100000604987 ], [ 5047063.97690000012517, 2405389.9989 ], [ 5052465.218900000676513, 2398186.459699999541044 ], [ 5064767.70890000090003, 2396773.671900000423193 ], [ 5069328.07039999961853, 2388868.090800000354648 ], [ 5080833.13289999961853, 2380379.469900000840425 ], [ 5090026.256799999624491, 2377121.722300000488758 ], [ 5091041.016200000420213, 2372932.442900000140071 ], [ 5083575.686300000175834, 2365062.653999999165535 ], [ 5074542.657800000160933, 2364318.085400000214577 ], [ 5063792.319199999794364, 2367868.221799999475479 ], [ 5062125.513699999079108, 2365666.793700000271201 ], [ 5075463.335400000214577, 2347824.1667 ], [ 5087614.364399999380112, 2337267.895300000905991 ], [ 5087680.339299999177456, 2324322.457800000905991 ], [ 5069388.623500000685453, 2322872.237299999222159 ], [ 5066462.324799999594688, 2314652.722899999469519 ], [ 5053657.741599999368191, 2311365.329199999570847 ], [ 5048681.39780000038445, 2314493.534199999645352 ], [ 5044226.3202, 2310890.981899999082088 ], [ 5056742.576899999752641, 2289644.38370000012219 ], [ 5051821.627499999478459, 2283088.975099999457598 ], [ 5045749.837200000882149, 2291288.175899999216199 ], [ 5039926.749900000169873, 2291840.570299999788404 ], [ 5028583.179300000891089, 2281093.626599999144673 ], [ 5026839.72550000064075, 2276146.77309999987483 ], [ 5026146.042400000616908, 2256022.9079 ], [ 5017768.746999999508262, 2252037.388399999588728 ], [ 5014427.938699999824166, 2246368.256999999284744 ], [ 5014239.976399999111891, 2226226.376900000497699 ], [ 5021979.418299999088049, 2218309.69370000064373 ], [ 5023380.897199999541044, 2211594.476399999111891 ], [ 5021921.849199999123812, 2204494.483300000429153 ], [ 5014573.749299999326468, 2200024.639699999243021 ], [ 5004605.531099999323487, 2205758.20920000039041 ], [ 4997631.082100000232458, 2204530.9452 ], [ 4967126.682499999180436, 2224131.344200000166893 ], [ 4960680.328500000759959, 2233417.593599999323487 ], [ 4949995.67339999973774, 2233483.994699999690056 ], [ 4946488.085799999535084, 2229853.174799999222159 ], [ 4940446.445499999448657, 2234753.408700000494719 ], [ 4949500.968299999833107, 2239537.343800000846386 ], [ 4946689.888900000602007, 2246408.794600000604987 ], [ 4942660.548000000417233, 2252114.9506 ], [ 4927361.324799999594688, 2260012.123999999836087 ], [ 4922969.86089999973774, 2264968.728900000452995 ], [ 4912039.432700000703335, 2277348.505100000649691 ], [ 4909728.021500000730157, 2290643.209899999201298 ], [ 4888607.599300000816584, 2300352.982599999755621 ], [ 4846574.3278, 2341238.208399999886751 ], [ 4820405.189300000667572, 2363651.316199999302626 ], [ 4814780.090700000524521, 2364825.37529999949038 ], [ 4817126.017200000584126, 2367050.533399999141693 ], [ 4816369.595599999651313, 2379944.60329999960959 ], [ 4811141.2215, 2383571.316400000825524 ], [ 4811934.63120000064373, 2386982.376499999314547 ], [ 4809424.461500000208616, 2391569.789200000464916 ], [ 4808125.633300000801682, 2397208.837200000882149 ], [ 4800423.919600000604987, 2402746.027899999171495 ], [ 4800243.4167, 2411796.784499999135733 ], [ 4789260.994899999350309, 2420925.430500000715256 ], [ 4786862.752100000157952, 2420261.327199999243021 ], [ 4781944.683399999514222, 2419867.809299999848008 ], [ 4776303.3608, 2426951.629799999296665 ], [ 4775394.660199999809265, 2429730.582800000905991 ], [ 4778212.969699999317527, 2432995.902599999681115 ], [ 4774121.2820999994874, 2442304.331499999389052 ], [ 4777052.856200000271201, 2448483.408800000324845 ], [ 4774160.611099999397993, 2455645.221000000834465 ], [ 4776231.726800000295043, 2461653.856300000101328 ], [ 4775273.954199999570847, 2469038.323999999091029 ], [ 4779875.184000000357628, 2474914.59180000051856 ], [ 4792403.85329999960959, 2475047.573100000619888 ], [ 4807663.330299999564886, 2458328.438500000163913 ], [ 4817078.673800000920892, 2452460.106499999761581 ], [ 4821332.039000000804663, 2454074.367799999192357 ], [ 4823963.421, 2459703.712500000372529 ], [ 4824956.432700000703335, 2465926.290500000119209 ], [ 4834928.3202, 2479705.704800000414252 ], [ 4856917.534900000318885, 2477562.527200000360608 ], [ 4864374.583799999207258, 2486721.666799999773502 ] ] ], [ [ [ 5085619.397099999710917, 2320764.688500000163913 ], [ 5082572.766699999570847, 2317232.188999999314547 ], [ 5078435.462099999189377, 2319164.317500000819564 ], [ 5081550.444399999454618, 2322046.442500000819564 ], [ 5085619.397099999710917, 2320764.688500000163913 ] ] ] ] } },
{ "type": "Feature", "properties": { "CNTR_ID": "BE", "CNTR_NAME": "Belgien-Belgique-België", "NAME_ENGL": "Belgium", "NAME_FREN": "Belgique", "ISO3_CODE": "BEL", "SVRG_UN": "UN Member State", "CAPT": "Brussels", "EU_STAT": "T", "EFTA_STAT": "F", "CC_STAT": "F", "NAME_GERM": "Belgien" }, "geometry": { "type": "Polygon", "coordinates": [ [ [ 3961946.5669, 3165101.756799999624491 ], [ 3962571.89670000039041, 3158681.198200000450015 ], [ 3966111.745100000873208, 3156405.619899999350309 ], [ 3976915.6349, 3163766.818 ], [ 3980655.57289999909699, 3157882.987400000914931 ], [ 3979250.003000000491738, 3152904.482999999076128 ], [ 3982742.489299999549985, 3145753.342700000852346 ], [ 3988557.898499999195337, 3143781.845300000160933 ], [ 3988851.427999999374151, 3138673.8991 ], [ 4007234.949500000104308, 3141322.812400000169873 ], [ 4010478.4024, 3138108.071000000461936 ], [ 4011459.8476, 3132703.490000000223517 ], [ 4029965.570699999108911, 3124212.183599999174476 ], [ 4026610.565400000661612, 3113861.873800000175834 ], [ 4024029.050200000405312, 3108297.598200000822544 ], [ 4020863.467700000852346, 3098921.782299999147654 ], [ 4015201.364800000563264, 3092934.982899999246001 ], [ 4017252.192399999126792, 3086772.532199999317527 ], [ 4016501.7972, 3080744.566199999302626 ], [ 4022707.651499999687076, 3082363.530200000852346 ], [ 4031283.681199999526143, 3079646.401799999177456 ], [ 4040360.184499999508262, 3079039.374800000339746 ], [ 4056136.177899999544024, 3063561.440899999812245 ], [ 4051137.889000000432134, 3057496.283900000154972 ], [ 4051084.078400000929832, 3052481.465099999681115 ], [ 4059686.35249999910593, 3049366.072300000116229 ], [ 4063001.923000000417233, 3043552.405300000682473 ], [ 4061824.42119999974966, 3036133.300200000405312 ], [ 4065087.343800000846386, 3029745.699100000783801 ], [ 4058430.942900000140071, 3028814.730200000107288 ], [ 4049707.577299999073148, 3021399.863800000399351 ], [ 4044953.850099999457598, 3009232.574899999424815 ], [ 4037218.285499999299645, 3015531.614700000733137 ], [ 4027564.055299999192357, 3007231.775800000876188 ], [ 4021696.348999999463558, 2993731.51659999974072 ], [ 4017798.119999999180436, 2990106.518899999558926 ], [ 4015263.049599999561906, 2980089.19510000012815 ], [ 4015783.543400000780821, 2974382.5099 ], [ 4023416.499299999326468, 2964308.176400000229478 ], [ 4025020.331800000742078, 2957675.870999999344349 ], [ 4021735.4441, 2948506.220599999651313 ], [ 4018497.217599999159575, 2945664.4123 ], [ 4012454.913100000470877, 2945951.962200000882149 ], [ 3993083.882200000807643, 2941704.566500000655651 ], [ 3988312.637800000607967, 2955361.167300000786781 ], [ 3983035.682299999520183, 2956160.80320000089705 ], [ 3981242.25, 2962903.6744 ], [ 3971752.43129999935627, 2967666.192299999296665 ], [ 3959123.525699999183416, 2977871.655899999663234 ], [ 3952014.258500000461936, 2978913.157500000670552 ], [ 3953326.336400000378489, 2990937.973899999633431 ], [ 3948323.123999999836087, 2997228.065999999642372 ], [ 3954657.146299999207258, 3015805.772299999371171 ], [ 3949420.664000000804663, 3017233.040699999779463 ], [ 3941589.716099999845028, 3010242.818299999460578 ], [ 3939837.001900000497699, 3001008.179300000891089 ], [ 3921742.413599999621511, 2996168.699999999254942 ], [ 3907613.333200000226498, 2999071.985400000587106 ], [ 3901203.549000000581145, 3001917.176400000229478 ], [ 3902414.745200000703335, 3007842.355200000107288 ], [ 3907564.537900000810623, 3011982.038599999621511 ], [ 3905986.893100000917912, 3018213.540999999269843 ], [ 3902480.342700000852346, 3019941.013299999758601 ], [ 3904525.180299999192357, 3027727.256300000473857 ], [ 3908402.9517, 3032395.516799999400973 ], [ 3903542.123099999502301, 3034101.874600000679493 ], [ 3897397.071599999442697, 3042534.277300000190735 ], [ 3896518.98960000090301, 3044671.3246 ], [ 3887197.876800000667572, 3042585.252399999648333 ], [ 3877760.309399999678135, 3045056.17710000090301 ], [ 3873349.939999999478459, 3042428.631300000473857 ], [ 3870887.812000000849366, 3046624.697100000455976 ], [ 3871119.507400000467896, 3058361.0945999994874 ], [ 3868536.2226, 3061788.465600000694394 ], [ 3859737.990299999713898, 3066676.292999999597669 ], [ 3852368.301100000739098, 3063744.7248 ], [ 3846821.395600000396371, 3067326.49860000051558 ], [ 3844968.996799999848008, 3086888.781199999153614 ], [ 3840321.653699999675155, 3094043.903999999165535 ], [ 3835046.935499999672174, 3097095.670399999246001 ], [ 3829391.792099999263883, 3097020.708799999207258 ], [ 3820858.550699999555945, 3089811.576400000602007 ], [ 3817851.187999999150634, 3090752.364399999380112 ], [ 3813315.72069999948144, 3093916.157999999821186 ], [ 3808610.240599999204278, 3102777.26799999922514 ], [ 3802749.828099999576807, 3105313.202299999073148 ], [ 3802065.482899999246001, 3115282.893999999389052 ], [ 3803147.588899999856949, 3121371.527200000360608 ], [ 3799794.840199999511242, 3135289.00139999948442 ], [ 3814732.713500000536442, 3141868.96169999986887 ], [ 3841468.183299999684095, 3156119.017100000753999 ], [ 3847595.656099999323487, 3160106.5929000005126 ], [ 3859737.397399999201298, 3160854.859999999403954 ], [ 3859813.982300000265241, 3150163.928899999707937 ], [ 3867847.761099999770522, 3146423.726399999111891 ], [ 3870616.25620000064373, 3150599.721799999475479 ], [ 3875391.278300000354648, 3151632.3619 ], [ 3887026.159399999305606, 3146012.028599999845028 ], [ 3888517.309800000861287, 3141398.871899999678135 ], [ 3892268.487400000914931, 3140257.567700000479817 ], [ 3900841.307700000703335, 3141114.059699999168515 ], [ 3912923.261099999770522, 3146620.446000000461936 ], [ 3919814.389799999073148, 3153328.479900000616908 ], [ 3920365.774900000542402, 3153922.0756 ], [ 3920659.473200000822544, 3156218.601500000804663 ], [ 3923161.9419, 3156164.419099999591708 ], [ 3931953.768899999558926, 3154223.159399999305606 ], [ 3932026.301400000229478, 3163420.499800000339746 ], [ 3938642.467700000852346, 3166383.883300000801682 ], [ 3941128.491699999198318, 3165934.726600000634789 ], [ 3942216.373400000855327, 3160646.991800000891089 ], [ 3950633.747700000181794, 3159702.942199999466538 ], [ 3957506.806900000199676, 3167694.489800000563264 ], [ 3961946.5669, 3165101.756799999624491 ] ], [ [ 3955711.135500000789762, 3160258.606200000271201 ], [ 3958080.185100000351667, 3155999.389799999073148 ], [ 3961152.83390000090003, 3157340.626299999654293 ], [ 3959692.819299999624491, 3160872.558700000867248 ], [ 3955711.135500000789762, 3160258.606200000271201 ] ] ] } },
{ "type": "Feature", "properties": { "CNTR_ID": "BG", "CNTR_NAME": "България", "NAME_ENGL": "Bulgaria", "NAME_FREN": "Bulgarie", "ISO3_CODE": "BGR", "SVRG_UN": "UN Member State", "CAPT": "Sofia", "EU_STAT": "T", "EFTA_STAT": "F", "CC_STAT": "F", "NAME_GERM": "Bulgarien" }, "geometry": { "type": "Polygon", "coordinates": [ [ [ 5353758.530600000172853, 2391965.532999999821186 ], [ 5363358.678099999204278, 2390534.477099999785423 ], [ 5397232.1316, 2401237.436899999156594 ], [ 5413836.0976, 2397732.0143 ], [ 5421483.896500000730157, 2400488.999299999326468 ], [ 5451758.343000000342727, 2394911.710400000214577 ], [ 5453726.006300000473857, 2394931.225700000301003 ], [ 5470511.184299999848008, 2397911.172800000756979 ], [ 5478917.294299999251962, 2404303.644200000911951 ], [ 5482350.290899999439716, 2407404.792700000107288 ], [ 5486186.447599999606609, 2408117.762800000607967 ], [ 5488842.419199999421835, 2408148.892899999395013 ], [ 5491281.245400000363588, 2407836.157400000840425 ], [ 5493123.754499999806285, 2407104.972899999469519 ], [ 5496185.903300000354648, 2405891.386700000613928 ], [ 5504043.638299999758601, 2403936.867000000551343 ], [ 5522803.375, 2411250.1053 ], [ 5548282.541600000113249, 2408758.8429000005126 ], [ 5556077.5165, 2406852.042700000107288 ], [ 5568140.807, 2411494.909900000318885 ], [ 5577228.494599999859929, 2418572.340700000524521 ], [ 5583059.088700000196695, 2420693.0296 ], [ 5586477.965800000354648, 2426410.722799999639392 ], [ 5605651.034900000318885, 2456623.026200000196695 ], [ 5623303.424799999222159, 2468347.459599999710917 ], [ 5625117.990399999544024, 2468918.414799999445677 ], [ 5655394.488600000739098, 2480971.10249999910593 ], [ 5664881.010500000789762, 2489150.497700000181794 ], [ 5692416.923900000751019, 2494414.301699999719858 ], [ 5695347.159199999645352, 2489886.070599999278784 ], [ 5705181.056900000199676, 2485113.617599999532104 ], [ 5720360.001700000837445, 2488339.6074 ], [ 5724104.462600000202656, 2491962.5932 ], [ 5728800.278799999505281, 2487225.714600000530481 ], [ 5734164.739800000563264, 2485601.672399999573827 ], [ 5746159.954700000584126, 2492747.164799999445677 ], [ 5757208.908099999651313, 2476992.500900000333786 ], [ 5775796.622999999672174, 2473029.577500000596046 ], [ 5791048.010900000110269, 2474246.690099999308586 ], [ 5793858.838199999183416, 2474306.807499999180436 ], [ 5803877.956499999389052, 2477392.28999999910593 ], [ 5810929.947599999606609, 2454249.5175 ], [ 5804923.406899999827147, 2436235.04700000025332 ], [ 5791988.58, 2437211.99210000038147 ], [ 5779380.050200000405312, 2432568.068800000473857 ], [ 5775490.51799999922514, 2428575.6634 ], [ 5773956.471999999135733, 2421445.3902000002563 ], [ 5772354.655600000172853, 2411858.039200000464916 ], [ 5771017.937599999830127, 2410286.078299999237061 ], [ 5767215.919099999591708, 2404304.799699999392033 ], [ 5771739.231899999082088, 2366169.126499999314547 ], [ 5774656.639599999412894, 2352521.9002 ], [ 5763833.328199999406934, 2347990.514599999412894 ], [ 5756962.425499999895692, 2332066.17879999987781 ], [ 5749518.4715, 2326968.682499999180436 ], [ 5747077.43610000051558, 2318159.972999999299645 ], [ 5751723.835699999704957, 2315686.543999999761581 ], [ 5761845.598799999803305, 2318755.51039999909699 ], [ 5767440.0, 2316320.912200000137091 ], [ 5769588.5219, 2312158.94679999910295 ], [ 5773727.776799999177456, 2309671.692900000140071 ], [ 5776386.96030000038445, 2308076.054999999701977 ], [ 5777196.988900000229478, 2299133.526399999856949 ], [ 5796127.549200000241399, 2286289.919199999421835 ], [ 5804912.651399999856949, 2276442.796399999409914 ], [ 5792784.119000000879169, 2274945.709599999710917 ], [ 5789813.568, 2274582.774399999529123 ], [ 5789446.342700000852346, 2274538.009600000455976 ], [ 5787303.122600000351667, 2268767.100400000810623 ], [ 5780027.845899999141693, 2269173.3838 ], [ 5779605.554099999368191, 2268862.903000000864267 ], [ 5767783.769899999722838, 2260195.472899999469519 ], [ 5767233.347300000488758, 2260484.304300000891089 ], [ 5765061.444199999794364, 2261624.677999999374151 ], [ 5741548.455, 2274039.932700000703335 ], [ 5741181.256300000473857, 2274234.834100000560284 ], [ 5735741.402599999681115, 2270755.346400000154972 ], [ 5732891.27140000090003, 2268935.751599999144673 ], [ 5732529.0482, 2268942.142699999734759 ], [ 5723794.924100000411272, 2269102.746899999678135 ], [ 5723449.593599999323487, 2268517.0888 ], [ 5722050.098600000143051, 2266145.267100000753999 ], [ 5718003.325500000268221, 2259301.583000000566244 ], [ 5716919.927200000733137, 2257473.079700000584126 ], [ 5711847.269899999722838, 2254915.392400000244379 ], [ 5700699.785900000482798, 2249316.209100000560284 ], [ 5695836.909299999475479, 2248883.781700000166893 ], [ 5691544.246300000697374, 2248505.287200000137091 ], [ 5687246.910000000149012, 2242311.3246 ], [ 5687962.496200000867248, 2239555.010700000450015 ], [ 5688596.9912, 2237110.886800000444055 ], [ 5686655.005000000819564, 2231916.040699999779463 ], [ 5686560.884199999272823, 2231664.613500000908971 ], [ 5686324.162599999457598, 2231032.394400000572205 ], [ 5682374.763900000602007, 2229389.038899999111891 ], [ 5673742.314999999478459, 2225808.526799999177456 ], [ 5672769.7467, 2219223.164000000804663 ], [ 5675518.538499999791384, 2215228.651000000536442 ], [ 5659710.2785, 2215425.41469999961555 ], [ 5653279.9543999992311, 2210019.8498 ], [ 5654513.820000000298023, 2204043.658600000664592 ], [ 5660312.057900000363588, 2198247.635500000789762 ], [ 5663425.533399999141693, 2195140.401100000366569 ], [ 5666986.186799999326468, 2181727.163200000301003 ], [ 5663375.751499999314547, 2172574.642400000244379 ], [ 5650629.531300000846386, 2165419.67820000089705 ], [ 5647445.109099999070168, 2163286.591299999505281 ], [ 5639527.85869999974966, 2165178.77170000039041 ], [ 5630929.830800000578165, 2159015.576199999079108 ], [ 5619695.743000000715256, 2157946.6096 ], [ 5600359.839500000700355, 2145596.364 ], [ 5592371.232300000265241, 2146859.814099999144673 ], [ 5587712.893200000748038, 2151062.034399999305606 ], [ 5568364.936599999666214, 2155583.0320999994874 ], [ 5564184.840199999511242, 2156568.465399999171495 ], [ 5557551.1743, 2154630.07010000012815 ], [ 5554204.387499999254942, 2149956.884099999442697 ], [ 5548305.923900000751019, 2154375.503799999132752 ], [ 5545967.573300000280142, 2154664.1623 ], [ 5538330.039200000464916, 2155613.285299999639392 ], [ 5528931.718299999833107, 2167689.218299999833107 ], [ 5527144.153300000354648, 2166820.108300000429153 ], [ 5512698.820699999108911, 2159823.743899999186397 ], [ 5506473.795299999415874, 2163864.480599999427795 ], [ 5501928.52280000038445, 2158572.22550000064075 ], [ 5499032.452600000426173, 2158819.750900000333786 ], [ 5494895.960100000724196, 2159175.669099999591708 ], [ 5491533.979299999773502, 2156084.121899999678135 ], [ 5491930.48200000077486, 2148831.543099999427795 ], [ 5485794.9244, 2146434.931800000369549 ], [ 5483920.3125, 2147083.970899999141693 ], [ 5480765.13120000064373, 2148177.91440000012517 ], [ 5468576.508600000292063, 2138414.268899999558926 ], [ 5458430.955900000408292, 2133419.166300000622869 ], [ 5448393.261299999430776, 2134698.814500000327826 ], [ 5435492.132500000298023, 2129151.530099999159575 ], [ 5430696.552300000563264, 2130874.256300000473857 ], [ 5422946.956499999389052, 2121070.021500000730157 ], [ 5401576.038899999111891, 2119111.6272 ], [ 5403759.50139999948442, 2122517.599700000137091 ], [ 5401767.499399999156594, 2139536.814600000157952 ], [ 5399777.291500000283122, 2147203.561599999666214 ], [ 5398661.3915, 2151503.578400000929832 ], [ 5402453.194599999114871, 2159007.06279999949038 ], [ 5400765.057900000363588, 2165741.858999999240041 ], [ 5394270.417199999094009, 2173011.118200000375509 ], [ 5392215.223099999129772, 2175315.278599999845028 ], [ 5390039.095300000160933, 2177757.042600000277162 ], [ 5384665.193299999460578, 2193093.293099999427795 ], [ 5366942.177200000733137, 2195773.559900000691414 ], [ 5353216.90430000051856, 2202689.022399999201298 ], [ 5338319.619999999180436, 2217739.410299999639392 ], [ 5342042.86600000038743, 2221621.404200000688434 ], [ 5345952.35219999961555, 2225705.6195 ], [ 5349905.248999999836087, 2231024.41609999909997 ], [ 5351030.92850000038743, 2238967.623999999836087 ], [ 5344300.350199999287724, 2244745.764799999073148 ], [ 5340987.1294, 2247595.883600000292063 ], [ 5340814.578299999237061, 2256088.795299999415874 ], [ 5341633.595300000160933, 2266641.774399999529123 ], [ 5336280.747099999338388, 2275236.194700000807643 ], [ 5341408.316099999472499, 2280944.876000000163913 ], [ 5359818.063699999824166, 2286468.8684 ], [ 5361950.184599999338388, 2297010.569700000807643 ], [ 5373988.773299999535084, 2313889.900399999693036 ], [ 5375157.835200000554323, 2323275.267799999564886 ], [ 5366882.448000000789762, 2325487.195000000298023 ], [ 5351004.256699999794364, 2340906.984200000762939 ], [ 5344289.384600000455976, 2341572.722999999299645 ], [ 5331770.7566, 2348915.346300000324845 ], [ 5324902.959699999541044, 2365620.466700000688434 ], [ 5319231.900000000372529, 2370180.749500000849366 ], [ 5313204.740299999713898, 2382207.386800000444055 ], [ 5313989.941099999472499, 2403506.716 ], [ 5322636.404799999669194, 2410288.737700000405312 ], [ 5328134.425599999725819, 2413776.277300000190735 ], [ 5327245.338899999856949, 2425335.448799999430776 ], [ 5330611.933599999174476, 2430822.467199999839067 ], [ 5355670.475299999117851, 2421937.275800000876188 ], [ 5360717.230499999597669, 2420639.078099999576807 ], [ 5361877.087300000712276, 2416847.932800000533462 ], [ 5351667.013900000602007, 2408054.489399999380112 ], [ 5350297.591900000348687, 2395837.689400000497699 ], [ 5353758.530600000172853, 2391965.532999999821186 ] ] ] } },
{ "type": "Feature", "properties": { "CNTR_ID": "ES", "CNTR_NAME": "España", "NAME_ENGL": "Spain", "NAME_FREN": "Espagne", "ISO3_CODE": "ESP", "SVRG_UN": "UN Member State", "CAPT": "Madrid", "EU_STAT": "T", "EFTA_STAT": "F", "CC_STAT": "F", "NAME_GERM": "Spanien" }, "geometry": { "type": "MultiPolygon", "coordinates": [ [ [ [ 3830935.065600000321865, 1879127.946100000292063 ], [ 3826695.034199999645352, 1876702.663899999111891 ], [ 3806872.633400000631809, 1890097.5154 ], [ 3792348.797399999573827, 1891628.364900000393391 ], [ 3788682.225199999287724, 1902076.848999999463558 ], [ 3794403.559699999168515, 1905739.074799999594688 ], [ 3820219.923900000751019, 1904440.947100000455976 ], [ 3829210.340399999171495, 1894574.391000000759959 ], [ 3830935.065600000321865, 1879127.946100000292063 ] ] ], [ [ [ 2905741.79590000025928, 2462514.894600000232458 ], [ 2906664.992799999192357, 2459935.679700000211596 ], [ 2911185.694399999454618, 2458920.685900000855327 ], [ 2913646.039300000295043, 2453824.153899999335408 ], [ 2923342.940700000151992, 2454028.808000000193715 ], [ 2938123.933199999853969, 2434366.1513 ], [ 2948589.8257, 2429508.905099999159575 ], [ 2954461.565199999138713, 2426794.988900000229478 ], [ 2957714.863099999725819, 2427384.12529999949038 ], [ 2961744.093000000342727, 2428116.399900000542402 ], [ 2975535.690999999642372, 2424528.511399999260902 ], [ 2997976.9353, 2418189.991100000217557 ], [ 3006563.809900000691414, 2415789.899399999529123 ], [ 3007949.79590000025928, 2415958.06980000063777 ], [ 3017800.14949999935925, 2417162.872500000521541 ], [ 3027261.492499999701977, 2411930.361500000581145 ], [ 3040524.025699999183416, 2412166.772700000554323 ], [ 3050418.863900000229478, 2417044.178600000217557 ], [ 3060494.934000000357628, 2404495.005899999290705 ], [ 3082877.504799999296665, 2398971.121300000697374 ], [ 3098523.5581, 2387375.398499999195337 ], [ 3150432.0976, 2367561.866100000217557 ], [ 3177393.048100000247359, 2363629.141699999570847 ], [ 3206255.905799999833107, 2367017.831599999219179 ], [ 3208545.224500000476837, 2365465.782999999821186 ], [ 3208358.488199999555945, 2360815.643999999389052 ], [ 3227690.360300000756979, 2365736.256100000813603 ], [ 3236712.150499999523163, 2358876.536000000312924 ], [ 3238230.345799999311566, 2353747.0011 ], [ 3250906.552999999374151, 2349391.655600000172853 ], [ 3257969.712500000372529, 2342918.502499999478459 ], [ 3267611.936499999836087, 2338856.476299999281764 ], [ 3268615.75650000013411, 2343393.727600000798702 ], [ 3271991.29759999923408, 2345413.096699999645352 ], [ 3276789.7445, 2348288.868699999526143 ], [ 3291082.168099999427795, 2347769.2939 ], [ 3316621.832699999213219, 2329179.44789999909699 ], [ 3331092.746999999508262, 2325497.958599999547005 ], [ 3337166.0165, 2322719.66190000064671 ], [ 3365028.770300000905991, 2327786.367000000551343 ], [ 3367337.298900000751019, 2324227.794299999251962 ], [ 3371028.685499999672174, 2317520.104699999094009 ], [ 3396243.285800000652671, 2309187.407800000160933 ], [ 3396069.594200000166893, 2305677.805400000885129 ], [ 3395830.190300000831485, 2300822.4594 ], [ 3389853.176899999380112, 2290627.61570000089705 ], [ 3392127.160900000482798, 2286111.565400000661612 ], [ 3396076.200400000438094, 2284988.5945999994874 ], [ 3401933.22550000064075, 2289937.714400000870228 ], [ 3405537.970000000670552, 2284455.843299999833107 ], [ 3425082.931900000199676, 2272596.224500000476837 ], [ 3443861.549900000914931, 2268857.887900000438094 ], [ 3446154.70160000026226, 2264004.440600000321865 ], [ 3449993.604800000786781, 2258666.337899999693036 ], [ 3457446.041799999773502, 2248340.150800000876188 ], [ 3471119.704800000414252, 2247869.3783 ], [ 3478445.495999999344349, 2251519.45380000025034 ], [ 3495970.23589999973774, 2233861.3399 ], [ 3497995.2862, 2231830.958000000566244 ], [ 3502022.3333, 2231290.452600000426173 ], [ 3508677.898299999535084, 2232160.101099999621511 ], [ 3516888.11849999986589, 2233243.206700000911951 ], [ 3520358.542099999263883, 2230620.186899999156594 ], [ 3523172.793800000101328, 2228496.201199999079108 ], [ 3525686.307499999180436, 2226601.521299999207258 ], [ 3528117.129899999126792, 2227853.771600000560284 ], [ 3530839.424000000581145, 2229257.855699999257922 ], [ 3533516.091900000348687, 2228912.877100000157952 ], [ 3540703.349300000816584, 2226548.071900000795722 ], [ 3545218.018699999898672, 2225663.276699999347329 ], [ 3555449.745300000533462, 2223671.096799999475479 ], [ 3555935.005100000649691, 2226070.389699999243021 ], [ 3558804.5581, 2240267.0504 ], [ 3573288.605200000107288, 2236521.753900000825524 ], [ 3589787.910900000482798, 2229252.839400000870228 ], [ 3597721.029400000348687, 2221424.560799999162555 ], [ 3611777.4079, 2219353.996099999174476 ], [ 3612702.676599999889731, 2217494.271800000220537 ], [ 3618228.6744, 2206417.97069999948144 ], [ 3616515.127000000327826, 2191872.323400000110269 ], [ 3618066.67989999987185, 2188181.764599999412894 ], [ 3624104.099300000816584, 2187124.076400000602007 ], [ 3640254.160199999809265, 2192873.192800000309944 ], [ 3640544.781199999153614, 2191503.17879999987781 ], [ 3648838.073000000789762, 2187828.8553 ], [ 3650236.262900000438094, 2187210.8893 ], [ 3653443.336400000378489, 2185795.071699999272823 ], [ 3663491.468000000342727, 2175264.477299999445677 ], [ 3683420.001499999314547, 2179473.462400000542402 ], [ 3706499.096400000154972, 2167847.474700000137091 ], [ 3713054.7752, 2167994.137199999764562 ], [ 3721065.348200000822544, 2174409.482799999415874 ], [ 3738210.946900000795722, 2178487.757500000298023 ], [ 3758347.133400000631809, 2173284.091600000858307 ], [ 3758278.578099999576807, 2173106.417500000447035 ], [ 3756952.4485, 2166230.76380000077188 ], [ 3762978.675200000405312, 2162291.958799999207258 ], [ 3767339.33559999987483, 2159448.47749999910593 ], [ 3764681.519999999552965, 2152967.251800000667572 ], [ 3755020.616100000217557, 2153433.664000000804663 ], [ 3751336.321399999782443, 2147860.202199999243021 ], [ 3751515.9857, 2140953.383500000461936 ], [ 3757274.681500000879169, 2132090.668500000610948 ], [ 3758066.274299999698997, 2120490.89780000038445 ], [ 3756080.5320999994874, 2114603.064500000327826 ], [ 3749694.312899999320507, 2109278.589400000870228 ], [ 3746847.5702, 2106909.751199999824166 ], [ 3741822.81870000064373, 2102735.4682 ], [ 3728300.017200000584126, 2095212.762599999085069 ], [ 3718113.1513, 2089575.739 ], [ 3704780.650100000202656, 2084446.2116 ], [ 3698613.380599999800324, 2082085.6053 ], [ 3697076.629799999296665, 2081498.589500000700355 ], [ 3679625.1064, 2074865.770199999213219 ], [ 3672194.116699999198318, 2071200.480699999257922 ], [ 3658363.0066, 2055707.475299999117851 ], [ 3640347.876700000837445, 2052814.370200000703335 ], [ 3636665.147199999541044, 2052229.5888 ], [ 3635150.927999999374151, 2051989.798800000920892 ], [ 3618795.303300000727177, 2049423.979599999263883 ], [ 3595935.45240000076592, 2044661.8849 ], [ 3560152.074400000274181, 2037386.819299999624491 ], [ 3535832.630899999290705, 2015280.8026 ], [ 3548104.927799999713898, 2004911.623199999332428 ], [ 3547744.659800000488758, 2002340.088500000536442 ], [ 3536996.081399999558926, 1996787.5449 ], [ 3524304.056099999696016, 1996101.802500000223517 ], [ 3515777.0154, 1986674.8311 ], [ 3502909.662799999117851, 1968038.189799999818206 ], [ 3483518.248400000855327, 1950634.541400000452995 ], [ 3476844.417300000786781, 1941290.238600000739098 ], [ 3469913.688400000333786, 1937443.26630000025034 ], [ 3462783.178099999204278, 1925198.081800000742078 ], [ 3445577.751599999144673, 1906510.613299999386072 ], [ 3431830.713600000366569, 1884928.579900000244379 ], [ 3429425.657600000500679, 1875641.114499999210238 ], [ 3435145.154200000688434, 1849729.555500000715256 ], [ 3435601.819900000467896, 1834706.698899999260902 ], [ 3447420.800200000405312, 1813123.340800000354648 ], [ 3464527.439899999648333, 1802932.2489 ], [ 3467782.708399999886751, 1793987.051100000739098 ], [ 3444597.439899999648333, 1783110.43779999949038 ], [ 3438319.601500000804663, 1775077.190899999812245 ], [ 3414686.412000000476837, 1769562.154400000348687 ], [ 3408143.2072, 1760067.3059 ], [ 3400399.567399999126792, 1758073.293800000101328 ], [ 3396831.494899999350309, 1744695.0793999992311 ], [ 3392395.8827, 1742311.3783 ], [ 3386260.374399999156594, 1739021.357200000435114 ], [ 3381925.527000000700355, 1723840.1393 ], [ 3380298.340099999681115, 1721607.69400000013411 ], [ 3370291.3158, 1707909.251700000837445 ], [ 3361472.085699999704957, 1694550.317099999636412 ], [ 3370440.470200000330806, 1683895.291899999603629 ], [ 3369610.799200000241399, 1681623.226500000804663 ], [ 3352799.718800000846386, 1678702.911299999803305 ], [ 3317737.835200000554323, 1683322.813400000333786 ], [ 3306651.124500000849366, 1678243.368699999526143 ], [ 3301201.380799999460578, 1672358.350999999791384 ], [ 3287213.827600000426173, 1667560.259999999776483 ], [ 3269697.677200000733137, 1652576.714199999347329 ], [ 3256037.510199999436736, 1624541.237700000405312 ], [ 3233250.727700000628829, 1604767.513699999079108 ], [ 3227317.75139999948442, 1605081.063999999314547 ], [ 3215052.250800000503659, 1618988.956000000238419 ], [ 3197098.439200000837445, 1619538.147299999371171 ], [ 3188001.280799999833107, 1609600.977399999275804 ], [ 3180792.2588, 1607437.257400000467896 ], [ 3168505.847200000658631, 1611688.510099999606609 ], [ 3162653.383400000631809, 1617386.480200000107288 ], [ 3157348.93779999949038, 1618476.2335 ], [ 3144923.864900000393391, 1621046.060699999332428 ], [ 3130718.826899999752641, 1623131.615599999204278 ], [ 3116699.034, 1619852.18779999949038 ], [ 3105601.664899999275804, 1625704.5921 ], [ 3101465.210400000214577, 1627893.0055 ], [ 3087263.7708, 1629828.33559999987483 ], [ 3031993.719200000166893, 1637687.621300000697374 ], [ 3005579.103800000622869, 1619002.813100000843406 ], [ 2982674.724099999293685, 1623097.5197 ], [ 2965172.200799999758601, 1620154.553899999707937 ], [ 2955784.191099999472499, 1616951.180099999532104 ], [ 2948813.800000000745058, 1608501.60869999974966 ], [ 2938084.710400000214577, 1592918.0647 ], [ 2937900.558700000867248, 1592813.750099999830127 ], [ 2937052.762199999764562, 1593034.467199999839067 ], [ 2936983.750800000503659, 1593140.706399999558926 ], [ 2930945.530600000172853, 1596217.236300000920892 ], [ 2927153.431800000369549, 1585885.497400000691414 ], [ 2912517.098799999803305, 1582415.443199999630451 ], [ 2895798.883899999782443, 1594255.3838 ], [ 2888053.560000000521541, 1605954.069700000807643 ], [ 2877188.902200000360608, 1609548.475199999287724 ], [ 2863904.980799999088049, 1640763.143699999898672 ], [ 2870250.410599999129772, 1647967.69620000012219 ], [ 2865915.210200000554323, 1649172.659 ], [ 2866992.649900000542402, 1655126.425200000405312 ], [ 2855418.32179999910295, 1664398.500600000843406 ], [ 2852878.120899999514222, 1672544.090099999681115 ], [ 2853443.386700000613928, 1676854.719799999147654 ], [ 2862160.932700000703335, 1681571.740900000557303 ], [ 2858116.297499999403954, 1684427.371999999508262 ], [ 2853282.167899999767542, 1699044.795099999755621 ], [ 2845394.216600000858307, 1709993.498299999162555 ], [ 2826330.634700000286102, 1727815.730499999597669 ], [ 2808835.77280000038445, 1739546.41300000064075 ], [ 2777974.254899999126792, 1743031.800100000575185 ], [ 2778880.86629999987781, 1771821.157999999821186 ], [ 2776212.429300000891089, 1783297.520199999213219 ], [ 2778429.517100000753999, 1790556.508199999108911 ], [ 2789387.784600000828505, 1804875.041799999773502 ], [ 2802738.82289999909699, 1815140.016799999400973 ], [ 2808963.762199999764562, 1827090.773299999535084 ], [ 2822545.095000000670552, 1830326.213500000536442 ], [ 2826585.926300000399351, 1827396.449100000783801 ], [ 2831155.7017, 1828254.093100000172853 ], [ 2841367.736099999397993, 1845643.448999999091029 ], [ 2830148.419099999591708, 1844920.032999999821186 ], [ 2825810.809000000357628, 1846890.88539999909699 ], [ 2814449.441400000825524, 1878973.791799999773502 ], [ 2816323.980900000780821, 1887416.375199999660254 ], [ 2822729.356699999421835, 1896089.985200000926852 ], [ 2824361.302200000733137, 1905997.095100000500679 ], [ 2830219.094000000506639, 1909755.101800000295043 ], [ 2845201.869699999690056, 1918576.731200000271201 ], [ 2856979.978199999779463, 1934876.1108 ], [ 2856049.407999999821186, 1942020.365399999544024 ], [ 2850951.714800000190735, 1946546.877100000157952 ], [ 2844308.323200000450015, 1947309.29079999960959 ], [ 2844237.306099999696016, 1954121.098799999803305 ], [ 2837725.114, 1960629.992599999532104 ], [ 2839691.309000000357628, 1967475.031999999657273 ], [ 2834557.993000000715256, 1977223.947200000286102 ], [ 2837273.898399999365211, 1988594.917500000447035 ], [ 2824840.373199999332428, 2006381.225400000810623 ], [ 2822322.8728, 2015254.892699999734759 ], [ 2838244.2369, 2009319.974999999627471 ], [ 2863136.591, 2005526.816099999472499 ], [ 2867272.86089999973774, 2007439.7928 ], [ 2873185.996600000187755, 2020341.4945 ], [ 2879881.917300000786781, 2025582.9452 ], [ 2886014.760700000450015, 2039421.1689 ], [ 2882679.187000000849366, 2051252.390599999576807 ], [ 2877325.457900000736117, 2058478.320800000801682 ], [ 2879121.575999999418855, 2064835.111999999731779 ], [ 2885229.63539999909699, 2068270.8289 ], [ 2892686.520899999886751, 2068076.527300000190735 ], [ 2900926.937699999660254, 2075820.45299999974668 ], [ 2898438.075899999588728, 2086282.1085 ], [ 2903517.655999999493361, 2093819.8902000002563 ], [ 2901902.221400000154972, 2101092.793400000780821 ], [ 2906798.50789999961853, 2109284.509500000625849 ], [ 2906782.308199999853969, 2119986.645199999213219 ], [ 2910617.243300000205636, 2130909.368200000375509 ], [ 2904457.82909999974072, 2151662.9189 ], [ 2914913.015000000596046, 2151481.252499999478459 ], [ 2928114.714500000700355, 2166294.607200000435114 ], [ 2947304.8597, 2172124.776499999687076 ], [ 2961834.485500000417233, 2179952.932099999859929 ], [ 2976257.527699999511242, 2198814.017799999564886 ], [ 2971978.253100000321865, 2204783.927799999713898 ], [ 2968308.49070000089705, 2209916.571100000292063 ], [ 2951163.156300000846386, 2215358.217800000682473 ], [ 2951372.597999999299645, 2222741.6919 ], [ 2956318.467000000178814, 2234913.75899999961257 ], [ 2953981.266000000759959, 2238128.456599999219179 ], [ 2954169.143100000917912, 2245688.347300000488758 ], [ 2942463.14949999935925, 2246404.633600000292063 ], [ 2937147.9243, 2253188.806900000199676 ], [ 2933153.184499999508262, 2249731.893100000917912 ], [ 2927880.933199999853969, 2250182.023399999365211 ], [ 2921462.815400000661612, 2255028.644300000742078 ], [ 2915346.848500000312924, 2253914.8278 ], [ 2907132.605599999427795, 2259189.533299999311566 ], [ 2901984.577600000426173, 2249097.117200000211596 ], [ 2882963.9858, 2246549.156099999323487 ], [ 2879904.739299999549985, 2252365.844000000506639 ], [ 2868734.958100000396371, 2251816.685200000181794 ], [ 2868323.456299999728799, 2256333.357699999585748 ], [ 2861621.747500000521541, 2261312.6402000002563 ], [ 2846682.710699999704957, 2260068.069700000807643 ], [ 2846576.508600000292063, 2266832.055700000375509 ], [ 2831796.067399999126792, 2259162.063400000333786 ], [ 2822605.506999999284744, 2261163.056199999526143 ], [ 2822454.8575, 2273016.209499999880791 ], [ 2828315.295700000599027, 2279249.636499999091029 ], [ 2833303.302899999544024, 2284565.1009 ], [ 2828324.829500000923872, 2289839.482100000604987 ], [ 2828168.731899999082088, 2298249.042500000447035 ], [ 2815375.465700000524521, 2294066.711799999698997 ], [ 2810642.894099999219179, 2294247.096899999305606 ], [ 2791245.1097, 2295024.8344 ], [ 2783575.53969999961555, 2290488.55379999987781 ], [ 2767741.0921, 2281168.115000000223517 ], [ 2769553.526100000366569, 2294085.139699999243021 ], [ 2771912.436799999326468, 2304448.869200000539422 ], [ 2786962.22440000064671, 2319113.365499999374151 ], [ 2781216.6513, 2325439.348600000143051 ], [ 2790019.464700000360608, 2335135.982799999415874 ], [ 2783250.493599999696016, 2339198.095499999821186 ], [ 2781475.0636, 2344624.513499999418855 ], [ 2799517.031300000846386, 2366660.803899999707937 ], [ 2782965.411000000312924, 2363134.970499999821186 ], [ 2771293.267000000923872, 2357169.725099999457598 ], [ 2771667.769999999552965, 2366583.1491 ], [ 2777083.017200000584126, 2373490.70160000026226 ], [ 2778257.19679999910295, 2374990.078600000590086 ], [ 2782960.1831, 2381001.407299999147654 ], [ 2771804.628599999472499, 2382993.649000000208616 ], [ 2771288.681600000709295, 2398763.03830000013113 ], [ 2762589.869599999859929, 2404719.500800000503659 ], [ 2765770.567600000649691, 2415073.902100000530481 ], [ 2774715.244599999859929, 2422212.072200000286102 ], [ 2776186.1085, 2427967.714999999850988 ], [ 2793582.198100000619888, 2430592.364499999210238 ], [ 2797163.053899999707937, 2436035.989299999549985 ], [ 2805838.589999999850988, 2437945.52250000089407 ], [ 2816874.591099999845028, 2431947.411499999463558 ], [ 2829506.614299999549985, 2431268.726199999451637 ], [ 2840606.418700000271201, 2435028.909800000488758 ], [ 2844697.8114, 2431742.730200000107288 ], [ 2850320.637199999764562, 2434320.205199999734759 ], [ 2855388.235500000417233, 2429562.062899999320507 ], [ 2857456.242200000211596, 2434378.155500000342727 ], [ 2852183.989900000393391, 2442748.643200000748038 ], [ 2856531.464099999517202, 2450688.10950000025332 ], [ 2858089.929999999701977, 2451408.545399999246001 ], [ 2884288.897299999371171, 2463601.162599999457598 ], [ 2889508.845200000330806, 2466048.9244 ], [ 2895376.793400000780821, 2461430.596899999305606 ], [ 2905741.79590000025928, 2462514.894600000232458 ] ] ], [ [ [ 3733482.08049999922514, 1879148.240800000727177 ], [ 3740353.097200000658631, 1875558.650699999183416 ], [ 3750059.330800000578165, 1878237.748099999502301 ], [ 3756717.730699999257922, 1871549.634700000286102 ], [ 3755717.609099999070168, 1864889.005300000309944 ], [ 3736410.408600000664592, 1836504.769200000911951 ], [ 3720196.593599999323487, 1826356.499800000339746 ], [ 3711026.693800000473857, 1835212.502399999648333 ], [ 3696441.495400000363588, 1839857.0164 ], [ 3693819.446900000795722, 1853888.892000000923872 ], [ 3689463.465900000184774, 1858778.387299999594688 ], [ 3678093.9527000002563, 1855154.250700000673532 ], [ 3676517.685200000181794, 1854653.6535 ], [ 3672504.255599999800324, 1853381.086200000718236 ], [ 3662225.152799999341369, 1862708.731200000271201 ], [ 3663566.719000000506639, 1867299.738700000569224 ], [ 3669859.61009999923408, 1871760.291300000622869 ], [ 3678531.019899999722838, 1877117.532600000500679 ], [ 3680147.425300000235438, 1878118.282600000500679 ], [ 3698592.4649, 1889585.537799999117851 ], [ 3716903.763299999758601, 1896840.9046 ], [ 3728456.729299999773502, 1897002.400900000706315 ], [ 3729059.642799999564886, 1891501.466499999165535 ], [ 3732883.729100000113249, 1889076.146299999207258 ], [ 3730878.734099999070168, 1884726.860200000926852 ], [ 3733482.08049999922514, 1879148.240800000727177 ] ] ], [ [ [ 3737372.093699999153614, 1899612.591900000348687 ], [ 3733179.198899999260902, 1895607.153300000354648 ], [ 3730017.107999999076128, 1897554.211400000378489 ], [ 3734672.980699999257922, 1901231.134700000286102 ], [ 3737372.093699999153614, 1899612.591900000348687 ] ] ], [ [ [ 3710908.373999999836087, 1811476.05629999935627 ], [ 3708812.969100000336766, 1809011.042600000277162 ], [ 3704875.749500000849366, 1811429.226600000634789 ], [ 3707779.2621, 1815422.981899999082088 ], [ 3710908.373999999836087, 1811476.05629999935627 ] ] ], [ [ [ 3662571.377900000661612, 2184531.063799999654293 ], [ 3660384.127800000831485, 2183119.415699999779463 ], [ 3657165.011199999600649, 2185527.414100000634789 ], [ 3660894.369300000369549, 2189844.963400000706315 ], [ 3662571.377900000661612, 2184531.063799999654293 ] ] ], [ [ [ 3573759.139499999582767, 1798438.526399999856949 ], [ 3571233.800899999216199, 1792979.135500000789762 ], [ 3557794.936699999496341, 1797541.464999999850988 ], [ 3556244.127000000327826, 1807844.486300000920892 ], [ 3562431.8125, 1809135.948899999260902 ], [ 3565229.919700000435114, 1815076.240900000557303 ], [ 3570796.20160000026226, 1818646.3355 ], [ 3585005.0724, 1821546.4057 ], [ 3590693.42850000038743, 1817210.234999999403954 ], [ 3589522.553600000217557, 1809006.63289999961853 ], [ 3573759.139499999582767, 1798438.526399999856949 ] ] ], [ [ [ 3587466.594200000166893, 1772449.75 ], [ 3584428.69400000013411, 1769931.589800000190735 ], [ 3579959.822599999606609, 1773147.847500000149012 ], [ 3584423.139000000432134, 1775124.462099999189377 ], [ 3587466.594200000166893, 1772449.75 ] ] ], [ [ [ 3577079.700099999085069, 1776100.61600000038743 ], [ 3568579.822699999436736, 1771559.174100000411272 ], [ 3567942.155099999159575, 1779945.153599999845028 ], [ 3573744.9024, 1782253.27280000038445 ], [ 3577079.700099999085069, 1776100.61600000038743 ] ] ], [ [ [ 3531526.187300000339746, 1992011.10700000077486 ], [ 3527615.161599999293685, 1988163.9704 ], [ 3524130.938799999654293, 1990834.57120000012219 ], [ 3528664.826099999248981, 1993460.800300000235438 ], [ 3531526.187300000339746, 1992011.10700000077486 ] ] ], [ [ [ 3138517.888900000602007, 1456918.674100000411272 ], [ 3136667.949799999594688, 1456954.148700000718236 ], [ 3135419.689600000157952, 1458820.260500000789762 ], [ 3137233.313200000673532, 1462513.026699999347329 ], [ 3138517.888900000602007, 1456918.674100000411272 ] ] ], [ [ [ 2933303.492599999532104, 1564481.546299999579787 ], [ 2932187.909, 1562390.161599999293685 ], [ 2929613.158700000494719, 1567571.818099999800324 ], [ 2931590.88289999961853, 1567299.837500000372529 ], [ 2933303.492599999532104, 1564481.546299999579787 ] ] ], [ [ [ 2036459.1623, 1060847.3772 ], [ 2033355.318099999800324, 1058156.822200000286102 ], [ 2028563.507999999448657, 1059928.698100000619888 ], [ 2032761.1743, 1063585.67879999987781 ], [ 2036459.1623, 1060847.3772 ] ] ], [ [ [ 1999503.66579999960959, 1014360.734300000593066 ], [ 1991736.532500000670552, 1009816.160000000149012 ], [ 1984440.94620000012219, 1013235.677899999544024 ], [ 1983226.4123, 1016919.379300000146031 ], [ 1997229.584599999710917, 1032387.716099999845028 ], [ 2024022.295399999246001, 1033935.790400000289083 ], [ 2029137.998800000175834, 1040780.859200000762939 ], [ 2026751.332699999213219, 1044561.154799999669194 ], [ 2032287.857100000604987, 1047409.579600000753999 ], [ 2035809.156099999323487, 1035749.043700000271201 ], [ 2024827.854599999263883, 1017164.428300000727177 ], [ 1999503.66579999960959, 1014360.734300000593066 ] ] ], [ [ [ 1964047.975700000301003, 954315.900299999862909 ], [ 1923149.568, 943532.328900000080466 ], [ 1911757.498800000175834, 948663.482400000095367 ], [ 1933851.306099999696016, 962281.568199999630451 ], [ 1967204.096000000834465, 998970.409600000828505 ], [ 1984268.868000000715256, 1000131.256100000813603 ], [ 1978991.322799999266863, 974137.220499999821186 ], [ 1964047.975700000301003, 954315.900299999862909 ] ] ], [ [ [ 1821795.795299999415874, 988801.363099999725819 ], [ 1818572.920800000429153, 985124.880300000309944 ], [ 1814695.766699999570847, 989486.433800000697374 ], [ 1819546.931199999526143, 991215.831100000068545 ], [ 1821795.795299999415874, 988801.363099999725819 ] ] ], [ [ [ 1807117.816099999472499, 951375.582000000402331 ], [ 1789308.659499999135733, 949408.108799999579787 ], [ 1782074.50139999948442, 954182.641699999570847 ], [ 1775014.438799999654293, 964844.779100000858307 ], [ 1772682.8421, 974349.061000000685453 ], [ 1773918.80320000089705, 981398.306800000369549 ], [ 1787225.234200000762939, 988674.639200000092387 ], [ 1792447.325799999758601, 995377.63539999909699 ], [ 1797328.144600000232458, 995847.981699999421835 ], [ 1816795.276900000870228, 984497.250199999660254 ], [ 1818086.248700000345707, 966174.908900000154972 ], [ 1813034.192700000479817, 955619.230799999088049 ], [ 1807117.816099999472499, 951375.582000000402331 ] ] ], [ [ [ 1747714.687899999320507, 1045817.659299999475479 ], [ 1736004.881100000813603, 1040374.828299999237061 ], [ 1721592.3608, 1018947.374900000169873 ], [ 1708725.249399999156594, 1011326.949400000274181 ], [ 1698604.432199999690056, 1011889.780799999833107 ], [ 1693303.278200000524521, 1015412.158800000324845 ], [ 1683822.015900000929832, 1055689.803899999707937 ], [ 1691347.282400000840425, 1057976.269600000232458 ], [ 1699414.736300000920892, 1054061.644200000911951 ], [ 1722185.447100000455976, 1051434.3377 ], [ 1738290.467700000852346, 1059355.7061 ], [ 1751279.016100000590086, 1058599.5395 ], [ 1761274.558399999514222, 1056069.959499999880791 ], [ 1763163.224999999627471, 1051773.139000000432134 ], [ 1747714.687899999320507, 1045817.659299999475479 ] ] ], [ [ [ 1651462.778300000354648, 1032717.282299999147654 ], [ 1643370.348400000482798, 1032904.254699999466538 ], [ 1634319.533600000664592, 1045494.090500000864267 ], [ 1639306.304999999701977, 1054260.700899999588728 ], [ 1645455.904500000178814, 1055607.885600000619888 ], [ 1655785.69370000064373, 1047256.871400000527501 ], [ 1658977.091199999675155, 1037379.82630000077188 ], [ 1651462.778300000354648, 1032717.282299999147654 ] ] ], [ [ [ 1611995.011399999260902, 1110065.832499999552965 ], [ 1600485.224600000306964, 1099986.546399999409914 ], [ 1594334.603900000452995, 1139548.431399999186397 ], [ 1600039.576899999752641, 1143286.503399999812245 ], [ 1606877.032199999317527, 1143604.771099999547005 ], [ 1617567.488500000908971, 1137635.051200000569224 ], [ 1619501.060599999502301, 1128233.099999999627471 ], [ 1611995.011399999260902, 1110065.832499999552965 ] ] ], [ [ [ 1575584.299699999392033, 1034043.843900000676513 ], [ 1561783.22690000012517, 1019606.489199999719858 ], [ 1547033.806399999186397, 1034470.675499999895692 ], [ 1550888.533099999651313, 1037306.637700000777841 ], [ 1560016.893200000748038, 1034348.714999999850988 ], [ 1571236.3893, 1039095.311699999496341 ], [ 1575584.299699999392033, 1034043.843900000676513 ] ] ] ] } },
{ "type": "Feature", "properties": { "CNTR_ID": "FI", "CNTR_NAME": "Suomi-Finland", "NAME_ENGL": "Finland", "NAME_FREN": "Finlande", "ISO3_CODE": "FIN", "SVRG_UN": "UN Member State", "CAPT": "Helsinki", "EU_STAT": "T", "EFTA_STAT": "F", "CC_STAT": "F", "NAME_GERM": "Finnland" }, "geometry": { "type": "MultiPolygon", "coordinates": [ [ [ [ 5009404.213500000536442, 5296905.744699999690056 ], [ 5023371.269400000572205, 5288571.8608 ], [ 5028549.726099999621511, 5283139.629000000655651 ], [ 5060930.852099999785423, 5275159.07120000012219 ], [ 5074156.700500000268221, 5255431.245799999684095 ], [ 5072768.317800000309944, 5245976.934100000187755 ], [ 5065063.484400000423193, 5224541.174900000914931 ], [ 5067763.975700000301003, 5212207.992900000885129 ], [ 5073768.632999999448657, 5207017.897299999371171 ], [ 5059808.329900000244379, 5187295.646299999207258 ], [ 5062045.476299999281764, 5184695.050799999386072 ], [ 5074629.8542, 5185348.58559999987483 ], [ 5075532.122700000181794, 5170424.762800000607967 ], [ 5071691.069900000467896, 5147461.1173 ], [ 5089135.674699999392033, 5116126.134099999442697 ], [ 5092243.061000000685453, 5112858.291999999433756 ], [ 5122163.621999999508262, 5107603.221400000154972 ], [ 5144222.97829999960959, 5083881.19679999910295 ], [ 5150243.062000000849366, 5080412.888399999588728 ], [ 5152961.087300000712276, 5079069.0 ], [ 5163867.117900000885129, 5072296.666300000622869 ], [ 5165346.778799999505281, 5056967.504599999636412 ], [ 5162047.011199999600649, 5044101.381899999454618 ], [ 5156621.385099999606609, 5028901.987600000575185 ], [ 5147876.762800000607967, 4986891.434100000187755 ], [ 5150429.902599999681115, 4978606.276599999517202 ], [ 5156362.944900000467896, 4969514.154500000178814 ], [ 5169516.318399999290705, 4958016.912000000476837 ], [ 5187963.204700000584126, 4936693.88910000026226 ], [ 5198440.186799999326468, 4922471.028999999165535 ], [ 5215542.926699999719858, 4905018.600600000470877 ], [ 5227709.232799999415874, 4885579.165500000119209 ], [ 5235494.851700000464916, 4869489.887199999764562 ], [ 5235712.2127, 4864151.567099999636412 ], [ 5223618.697499999776483, 4855101.948000000789762 ], [ 5229101.354399999603629, 4847416.3564 ], [ 5227537.0483, 4839633.057099999859929 ], [ 5227973.866100000217557, 4834813.060799999162555 ], [ 5231932.287399999797344, 4823400.696599999442697 ], [ 5228838.387900000438094, 4814500.140000000596046 ], [ 5228918.161299999803305, 4812681.971699999645352 ], [ 5231363.74860000051558, 4810038.394999999552965 ], [ 5236899.500700000673532, 4810998.89949999935925 ], [ 5243074.380400000140071, 4809324.2467 ], [ 5243029.190199999138713, 4803262.7752 ], [ 5245321.179999999701977, 4798327.046599999070168 ], [ 5244564.013000000268221, 4797539.893300000578165 ], [ 5241501.120999999344349, 4796505.524900000542402 ], [ 5240274.048499999567866, 4796092.106499999761581 ], [ 5236664.537599999457598, 4791508.8256 ], [ 5237489.782999999821186, 4786523.75650000013411 ], [ 5237580.510500000789762, 4784182.887900000438094 ], [ 5239473.909, 4780678.888399999588728 ], [ 5240447.25760000012815, 4776861.165699999779463 ], [ 5243831.177899999544024, 4771212.7336 ], [ 5247107.2983, 4768764.336899999529123 ], [ 5247628.726199999451637, 4766471.917300000786781 ], [ 5250637.507200000807643, 4764320.980200000107288 ], [ 5251615.490299999713898, 4764581.325300000607967 ], [ 5266319.378100000321865, 4766814.45549999922514 ], [ 5267444.177999999374151, 4761307.850099999457598 ], [ 5273243.255400000140071, 4753605.139000000432134 ], [ 5269678.558900000527501, 4747066.377800000831485 ], [ 5269950.746099999174476, 4743076.865000000223517 ], [ 5277149.4695999994874, 4729515.876800000667572 ], [ 5278454.377100000157952, 4727062.253399999812245 ], [ 5286598.494300000369549, 4723915.341 ], [ 5302789.967000000178814, 4717734.352600000798702 ], [ 5304721.904100000858307, 4715164.75650000013411 ], [ 5305183.161000000312924, 4711009.721999999135733 ], [ 5310385.989199999719858, 4704899.169299999251962 ], [ 5311868.729000000283122, 4694975.365399999544024 ], [ 5307289.959699999541044, 4670035.239099999889731 ], [ 5296286.384199999272823, 4657446.255000000819564 ], [ 5326404.265100000426173, 4636929.180500000715256 ], [ 5329198.430600000545382, 4635048.073300000280142 ], [ 5330554.592000000178814, 4634136.421800000593066 ], [ 5346957.3277000002563, 4631508.4561 ], [ 5356958.97719999961555, 4626848.688400000333786 ], [ 5373936.043099999427795, 4619029.143999999389052 ], [ 5380781.324899999424815, 4607852.855000000447035 ], [ 5387018.870200000703335, 4604000.72719999961555 ], [ 5396160.80379999987781, 4598386.146800000220537 ], [ 5402417.211100000888109, 4590991.665899999439716 ], [ 5400472.767200000584126, 4575084.165400000289083 ], [ 5401528.057600000873208, 4560535.543199999257922 ], [ 5398419.589299999177456, 4535808.643699999898672 ], [ 5392388.98509999923408, 4517774.9879 ], [ 5382440.788499999791384, 4501774.806500000879169 ], [ 5381084.953299999237061, 4492379.364199999719858 ], [ 5368677.926799999549985, 4456900.6974 ], [ 5356757.2331000007689, 4420483.290500000119209 ], [ 5352584.855499999597669, 4411311.244400000199676 ], [ 5348460.4342, 4408556.17369999922812 ], [ 5347331.95409999974072, 4401165.424499999731779 ], [ 5343195.726299999281764, 4388642.98509999923408 ], [ 5340851.867200000211596, 4379932.8191 ], [ 5325840.105599999427795, 4360547.780999999493361 ], [ 5321901.20130000077188, 4349703.283299999311566 ], [ 5321231.151499999687076, 4339405.060699999332428 ], [ 5313949.682399999350309, 4336379.0548 ], [ 5298514.637800000607967, 4305674.49100000038743 ], [ 5295069.116599999368191, 4299085.526000000536442 ], [ 5288412.192900000140071, 4283084.165300000458956 ], [ 5288259.66469999961555, 4283032.239299999549985 ], [ 5285412.528899999335408, 4283352.2379 ], [ 5284495.936200000345707, 4274771.734200000762939 ], [ 5274074.999600000679493, 4273407.533700000494719 ], [ 5269181.002699999138713, 4269623.359099999070168 ], [ 5257539.801899999380112, 4274777.917500000447035 ], [ 5251917.566700000315905, 4273227.20409999974072 ], [ 5247141.109200000762939, 4269031.282600000500679 ], [ 5243650.916899999603629, 4258216.9046 ], [ 5235158.821699999272823, 4261134.065099999308586 ], [ 5228223.224600000306964, 4253591.721699999645352 ], [ 5218623.961100000888109, 4259109.27449999935925 ], [ 5215633.719000000506639, 4249492.139599999412894 ], [ 5200777.086300000548363, 4245040.666600000113249 ], [ 5204053.714199999347329, 4234261.678099999204278 ], [ 5197260.356100000441074, 4238701.451500000432134 ], [ 5195467.8388, 4223096.023199999704957 ], [ 5182302.848899999633431, 4227972.931199999526143 ], [ 5179856.1842, 4223414.254499999806285 ], [ 5174369.887499999254942, 4225424.4869 ], [ 5152253.178600000217557, 4206946.864800000563264 ], [ 5137857.642200000584126, 4203240.8333 ], [ 5131803.558499999344349, 4197122.379000000655651 ], [ 5125018.046599999070168, 4182625.934000000357628 ], [ 5121818.179300000891089, 4185937.591399999335408 ], [ 5119930.111700000241399, 4182252.067700000479817 ], [ 5112248.438699999824166, 4186171.697599999606609 ], [ 5100518.190199999138713, 4178565.834300000220537 ], [ 5097157.267799999564886, 4170639.009700000286102 ], [ 5087091.574500000104308, 4168566.565500000491738 ], [ 5074225.441099999472499, 4157692.216 ], [ 5068110.552200000733137, 4155265.6096 ], [ 5062449.152000000700355, 4158398.80489999987185 ], [ 5056743.615800000727177, 4151442.212400000542402 ], [ 5049158.526399999856949, 4149788.417899999767542 ], [ 5047353.570299999788404, 4157110.909600000828505 ], [ 5040271.823699999600649, 4160542.745500000193715 ], [ 5043109.402000000700355, 4167187.01549999974668 ], [ 5042869.625, 4177807.768699999898672 ], [ 5038425.166799999773502, 4171073.121600000187755 ], [ 5032597.199300000444055, 4179252.60359999909997 ], [ 5028183.916200000792742, 4167915.788200000301003 ], [ 5013235.8564, 4157318.5504 ], [ 5006302.428600000217557, 4173534.040699999779463 ], [ 5009044.300699999555945, 4177981.290300000458956 ], [ 5008626.765699999406934, 4185832.279100000858307 ], [ 4997754.611099999397993, 4178214.058000000193715 ], [ 4991146.694299999624491, 4187708.333000000566244 ], [ 4986123.157600000500679, 4204134.665899999439716 ], [ 4981347.36009999923408, 4201910.708699999377131 ], [ 4981281.082000000402331, 4193386.034700000658631 ], [ 4978631.598899999633431, 4189818.170499999076128 ], [ 4962152.423499999567866, 4210801.2566 ], [ 4953892.737099999561906, 4206627.419399999082088 ], [ 4940336.1645, 4206999.160000000149012 ], [ 4936574.5022, 4213665.604100000113249 ], [ 4936135.822499999776483, 4218518.629499999806285 ], [ 4942469.791999999433756, 4214856.413699999451637 ], [ 4944389.198699999600649, 4217762.057800000533462 ], [ 4939704.261700000613928, 4226378.78830000013113 ], [ 4936906.827099999412894, 4237414.701199999079108 ], [ 4931485.226500000804663, 4241921.214999999850988 ], [ 4929681.4627, 4246354.845799999311566 ], [ 4931237.500199999660254, 4256866.805800000205636 ], [ 4935258.121400000527501, 4257840.805700000375509 ], [ 4934355.2303, 4264260.611700000241399 ], [ 4936847.024700000882149, 4266209.826999999582767 ], [ 4937645.116599999368191, 4272174.590500000864267 ], [ 4933936.325300000607967, 4284283.0142 ], [ 4937719.402799999341369, 4288567.089400000870228 ], [ 4937913.507999999448657, 4298491.543700000271201 ], [ 4933556.494899999350309, 4306967.177799999713898 ], [ 4936744.687400000169873, 4310578.931900000199676 ], [ 4933581.5965, 4315835.920199999585748 ], [ 4935773.807800000533462, 4320280.970899999141693 ], [ 4932296.590099999681115, 4325847.905799999833107 ], [ 4935685.739099999889731, 4329301.25870000012219 ], [ 4930169.083699999377131, 4342996.8213 ], [ 4925503.786000000312924, 4347794.347500000149012 ], [ 4925613.859300000593066, 4352084.6524 ], [ 4921576.373500000685453, 4360281.890100000426173 ], [ 4915319.035000000149012, 4365115.011 ], [ 4911302.707399999722838, 4378275.14130000025034 ], [ 4912186.81279999949038, 4395151.945800000801682 ], [ 4906540.087400000542402, 4409105.795499999076128 ], [ 4900377.3915, 4410376.0658 ], [ 4894596.783299999311566, 4423107.245400000363588 ], [ 4893282.045199999585748, 4433084.051699999719858 ], [ 4889975.385700000450015, 4441002.692199999466538 ], [ 4890524.161699999123812, 4450222.545399999246001 ], [ 4889003.352, 4461311.981200000271201 ], [ 4891554.764000000432134, 4466719.9835 ], [ 4899554.265900000929832, 4470413.6579 ], [ 4900048.299200000241399, 4475260.623099999502301 ], [ 4897873.769799999892712, 4476185.755100000649691 ], [ 4896789.544399999082088, 4480460.682499999180436 ], [ 4897429.528699999675155, 4486200.708599999547005 ], [ 4899664.418700000271201, 4487210.5165 ], [ 4906081.850999999791384, 4490121.189300000667572 ], [ 4901938.476500000804663, 4499292.438500000163913 ], [ 4902096.456299999728799, 4508700.245699999853969 ], [ 4909252.323799999430776, 4508598.857599999755621 ], [ 4918356.637900000438094, 4513406.086500000208616 ], [ 4921194.5625, 4521929.004200000315905 ], [ 4922571.94400000013411, 4526090.841299999505281 ], [ 4925541.865199999883771, 4522684.755200000479817 ], [ 4926958.4551, 4521062.838300000876188 ], [ 4938347.947300000116229, 4522759.401499999687076 ], [ 4938201.119699999690056, 4524917.7971 ], [ 4938041.848400000482798, 4527252.258899999782443 ], [ 4931618.0702, 4537553.805600000545382 ], [ 4931467.691199999302626, 4539884.730900000780821 ], [ 4932289.3432, 4542669.781600000336766 ], [ 4934274.591299999505281, 4549431.716099999845028 ], [ 4938852.310000000521541, 4548019.535900000482798 ], [ 4939068.819199999794364, 4553307.641100000590086 ], [ 4946260.967299999669194, 4571006.859999999403954 ], [ 4945074.678600000217557, 4579907.3289 ], [ 4953601.243599999696016, 4584207.1316 ], [ 4951464.376700000837445, 4588848.193800000473857 ], [ 4953556.996999999508262, 4590162.200200000777841 ], [ 4958977.058399999514222, 4585214.449200000613928 ], [ 4960567.812400000169873, 4579969.029999999329448 ], [ 4962405.895999999716878, 4580414.628799999132752 ], [ 4961889.199300000444055, 4585763.847100000828505 ], [ 4961584.540400000289083, 4588906.589199999347329 ], [ 4964731.909099999815226, 4590214.375800000503659 ], [ 4965555.627699999138713, 4595522.47719999961555 ], [ 4976282.838199999183416, 4599421.032999999821186 ], [ 4974405.1272, 4614788.981899999082088 ], [ 4985007.29590000025928, 4614223.2369 ], [ 4983377.818199999630451, 4620203.1129 ], [ 4983377.345799999311566, 4622851.9452 ], [ 4983372.701099999248981, 4628696.3301 ], [ 4994626.505200000479817, 4650601.660399999469519 ], [ 4996278.637499999254942, 4657091.156400000676513 ], [ 4997800.535700000822544, 4659458.270400000736117 ], [ 5007786.500600000843406, 4675118.930099999532104 ], [ 5007886.729399999603629, 4689479.212500000372529 ], [ 5012353.909199999645352, 4697078.981899999082088 ], [ 5012352.997099999338388, 4706889.747899999842048 ], [ 5015654.1206, 4707979.457699999213219 ], [ 5017910.0756, 4714082.9254 ], [ 5032736.081299999728799, 4722396.578500000759959 ], [ 5045312.274599999189377, 4717587.4408 ], [ 5046500.229800000786781, 4720496.623400000855327 ], [ 5046235.4693, 4723663.534800000488758 ], [ 5039869.497099999338388, 4727376.996799999848008 ], [ 5037832.527300000190735, 4731347.3597999997437 ], [ 5047720.534099999815226, 4733049.407199999317527 ], [ 5041949.203700000420213, 4744168.24349999986589 ], [ 5034401.023800000548363, 4749634.308900000527501 ], [ 5034923.123700000345707, 4761083.129300000146031 ], [ 5029895.123800000175834, 4771086.44789999909699 ], [ 5030066.792400000616908, 4783575.165400000289083 ], [ 5022884.526900000870228, 4792172.328099999576807 ], [ 5015509.836799999698997, 4795585.624800000339746 ], [ 5003934.18720000050962, 4800790.065099999308586 ], [ 4990630.630000000819564, 4798033.558000000193715 ], [ 4989426.746099999174476, 4799550.004599999636412 ], [ 4989487.428600000217557, 4804104.583399999886751 ], [ 4987995.883500000461936, 4805662.2204 ], [ 4976144.079500000923872, 4809587.638499999418855 ], [ 4970369.891000000759959, 4806241.41300000064075 ], [ 4967895.600299999117851, 4811191.232300000265241 ], [ 4963291.349899999797344, 4822247.814899999648333 ], [ 4952493.6908, 4837086.119100000709295 ], [ 4949299.170099999755621, 4845233.458499999716878 ], [ 4941336.074500000104308, 4848041.847400000318885 ], [ 4940200.56220000050962, 4848444.417600000277162 ], [ 4936201.911499999463558, 4853855.003200000151992 ], [ 4933479.7072, 4860367.173000000417233 ], [ 4932899.7006, 4868852.857100000604987 ], [ 4930398.233200000599027, 4873039.3882 ], [ 4933785.933900000527501, 4882303.881999999284744 ], [ 4936461.28940000012517, 4889688.667700000107288 ], [ 4933337.880300000309944, 4910741.394200000911951 ], [ 4936147.167300000786781, 4917644.627499999478459 ], [ 4926788.310699999332428, 4931667.94789999909699 ], [ 4921462.4693, 4938008.087400000542402 ], [ 4909460.21059999987483, 4952402.863299999386072 ], [ 4907841.120200000703335, 4962720.4507 ], [ 4913033.825500000268221, 4966827.001900000497699 ], [ 4913998.1469, 4970985.791600000113249 ], [ 4911057.601199999451637, 4982340.514399999752641 ], [ 4899409.908900000154972, 4982433.719499999657273 ], [ 4895593.496899999678135, 4985230.703099999576807 ], [ 4898336.2368, 4999674.67200000025332 ], [ 4893681.211100000888109, 5008566.397700000554323 ], [ 4890111.689600000157952, 5025403.603000000119209 ], [ 4894556.704, 5034258.849500000476837 ], [ 4893991.716299999505281, 5038556.24860000051558 ], [ 4881401.784700000658631, 5046563.993899999186397 ], [ 4875012.768400000408292, 5056395.33390000090003 ], [ 4869592.429099999368191, 5054804.465500000864267 ], [ 4866742.124600000679493, 5064521.449699999764562 ], [ 4861815.673100000247359, 5070927.611700000241399 ], [ 4850138.854499999433756, 5078599.254300000146031 ], [ 4832405.721000000834465, 5083720.744599999859929 ], [ 4829738.668400000780821, 5082202.699300000444055 ], [ 4827913.521600000560284, 5084995.043800000101328 ], [ 4816362.250800000503659, 5083422.706199999898672 ], [ 4808722.374900000169873, 5092441.264799999073148 ], [ 4800976.134700000286102, 5093209.650699999183416 ], [ 4795944.653599999845028, 5099407.993000000715256 ], [ 4787476.232100000604987, 5101840.9901 ], [ 4783865.775900000706315, 5108716.481300000101328 ], [ 4780498.0778, 5109001.055299999192357 ], [ 4766772.663200000301003, 5120322.962999999523163 ], [ 4761862.543500000610948, 5120926.16609999909997 ], [ 4759641.225700000301003, 5123891.664000000804663 ], [ 4760403.777499999850988, 5128289.649299999698997 ], [ 4754289.14750000089407, 5134114.862500000745058 ], [ 4744757.506100000813603, 5136005.029799999669194 ], [ 4750650.766699999570847, 5143126.070000000298023 ], [ 4765070.635099999606609, 5137411.306500000879169 ], [ 4764982.378900000825524, 5144079.375 ], [ 4761307.49379999935627, 5151257.637900000438094 ], [ 4760599.70890000090003, 5155494.025399999693036 ], [ 4769531.119100000709295, 5167232.6557 ], [ 4783619.041400000452995, 5165253.199100000783801 ], [ 4801259.677699999883771, 5147052.380999999120831 ], [ 4819734.920499999076128, 5123908.046 ], [ 4825560.439300000667572, 5112281.793400000780821 ], [ 4830965.045199999585748, 5114593.656199999153614 ], [ 4842174.961500000208616, 5111349.405799999833107 ], [ 4851651.421299999579787, 5112595.572300000116229 ], [ 4859612.376299999654293, 5108644.300599999725819 ], [ 4876225.468699999153614, 5119791.683599999174476 ], [ 4878841.533299999311566, 5131958.208000000566244 ], [ 4882680.012399999424815, 5135174.782199999317527 ], [ 4893125.637700000777841, 5132328.320299999788404 ], [ 4901696.943900000303984, 5126609.918999999761581 ], [ 4921044.2347999997437, 5122350.037200000137091 ], [ 4929323.236300000920892, 5115445.037900000810623 ], [ 4935557.268999999389052, 5125442.1831 ], [ 4934072.051200000569224, 5138018.291200000792742 ], [ 4934787.3772, 5143607.176000000908971 ], [ 4942550.993699999526143, 5155088.2072 ], [ 4949340.897399999201298, 5157341.945800000801682 ], [ 4951358.416500000283122, 5168136.346599999815226 ], [ 4943499.606100000441074, 5195611.8947 ], [ 4943962.487800000235438, 5210147.418800000101328 ], [ 4942016.115000000223517, 5217575.701099999248981 ], [ 4941259.653100000694394, 5227606.181500000879169 ], [ 4942597.019099999219179, 5236075.842800000682473 ], [ 4940155.926599999889731, 5245000.2083 ], [ 4950879.316700000315905, 5265883.370999999344349 ], [ 4953365.80460000038147, 5276894.22069999948144 ], [ 4964889.017200000584126, 5281816.015100000426173 ], [ 4974301.045499999076128, 5280117.120999999344349 ], [ 4981970.420199999585748, 5285692.54759999923408 ], [ 4990944.843800000846386, 5301452.61849999986589 ], [ 5001679.146800000220537, 5306223.4528 ], [ 5009404.213500000536442, 5296905.744699999690056 ] ] ], [ [ [ 5262104.062100000679493, 4267017.147399999201298 ], [ 5261161.161499999463558, 4262922.591199999675155 ], [ 5258518.63120000064373, 4267248.553899999707937 ], [ 5260459.2555, 4269865.248199999332428 ], [ 5262104.062100000679493, 4267017.147399999201298 ] ] ], [ [ [ 5254077.061499999836087, 4257789.011199999600649 ], [ 5253211.280600000172853, 4255152.092700000852346 ], [ 5248600.619999999180436, 4258937.310599999502301 ], [ 5250972.93019999936223, 4263065.167600000277162 ], [ 5254077.061499999836087, 4257789.011199999600649 ] ] ], [ [ [ 5241607.8026, 4247745.746200000867248 ], [ 5239593.745500000193715, 4246440.99379999935627 ], [ 5236888.692199999466538, 4249529.17259999923408 ], [ 5237465.709000000730157, 4251400.72690000012517 ], [ 5239209.447499999776483, 4251118.367599999532104 ], [ 5241607.8026, 4247745.746200000867248 ] ] ], [ [ [ 5228327.503499999642372, 4245453.644200000911951 ], [ 5226849.336500000208616, 4243938.122300000861287 ], [ 5224362.794700000435114, 4245711.761199999600649 ], [ 5225996.340299999341369, 4247999.652599999681115 ], [ 5228327.503499999642372, 4245453.644200000911951 ] ] ], [ [ [ 5225496.439799999818206, 4252653.364700000733137 ], [ 5227716.833599999547005, 4247636.180400000885129 ], [ 5224917.180099999532104, 4248505.237800000235438 ], [ 5222400.875600000843406, 4252352.113900000229478 ], [ 5225496.439799999818206, 4252653.364700000733137 ] ] ], [ [ [ 5222729.338899999856949, 4247213.109300000593066 ], [ 5220202.230200000107288, 4243817.426400000229478 ], [ 5217611.822300000116229, 4246050.215099999681115 ], [ 5220467.018799999728799, 4248838.9024 ], [ 5222729.338899999856949, 4247213.109300000593066 ] ] ], [ [ [ 5211851.042999999597669, 4237688.804099999368191 ], [ 5209806.235600000247359, 4236444.824100000783801 ], [ 5206874.277200000360608, 4239670.044700000435114 ], [ 5209375.003200000151992, 4241606.627699999138713 ], [ 5211851.042999999597669, 4237688.804099999368191 ] ] ], [ [ [ 5201987.962799999862909, 4228147.983300000429153 ], [ 5203953.014399999752641, 4223116.627499999478459 ], [ 5202072.588500000536442, 4222726.786800000816584 ], [ 5199321.037799999117851, 4225426.333799999207258 ], [ 5201987.962799999862909, 4228147.983300000429153 ] ] ], [ [ [ 5198418.837500000372529, 4208045.867900000885129 ], [ 5197071.406899999827147, 4205391.761199999600649 ], [ 5193502.385700000450015, 4207411.2818 ], [ 5195502.953400000929832, 4210278.183599999174476 ], [ 5198418.837500000372529, 4208045.867900000885129 ] ] ], [ [ [ 5178082.503799999132752, 4219108.785399999469519 ], [ 5176752.042400000616908, 4216385.003799999132752 ], [ 5173503.457900000736117, 4218301.546900000423193 ], [ 5175647.304500000551343, 4221631.783299999311566 ], [ 5178082.503799999132752, 4219108.785399999469519 ] ] ], [ [ [ 5071049.088600000366569, 4146049.637800000607967 ], [ 5070032.103800000622869, 4141389.613900000229478 ], [ 5066917.915500000119209, 4144455.091499999165535 ], [ 5068247.936799999326468, 4146814.562300000339746 ], [ 5071049.088600000366569, 4146049.637800000607967 ] ] ], [ [ [ 5036138.529699999839067, 4745389.736999999731779 ], [ 5037062.891200000420213, 4742178.616399999707937 ], [ 5034356.643899999558926, 4742090.35840000025928 ], [ 5032956.232899999246001, 4743546.453199999406934 ], [ 5033287.409600000828505, 4745359.656400000676513 ], [ 5036138.529699999839067, 4745389.736999999731779 ] ] ], [ [ [ 5035676.925499999895692, 4160469.88289999961853 ], [ 5034551.03319999948144, 4160263.199500000104308 ], [ 5033650.607899999246001, 4162056.689099999144673 ], [ 5032138.1381, 4168161.338600000366569 ], [ 5034009.565899999812245, 4167742.1570999994874 ], [ 5035676.925499999895692, 4160469.88289999961853 ] ] ], [ [ [ 5023463.456399999558926, 4161509.113299999386072 ], [ 5025443.293299999088049, 4155347.071100000292063 ], [ 5023411.552899999544024, 4155138.865299999713898 ], [ 5021528.460200000554323, 4158811.932700000703335 ], [ 5023463.456399999558926, 4161509.113299999386072 ] ] ], [ [ [ 5022117.147299999371171, 4150827.599899999797344 ], [ 5018988.378599999472499, 4145448.763900000602007 ], [ 5015229.992200000211596, 4148975.221400000154972 ], [ 5016996.520700000226498, 4154373.32039999961853 ], [ 5022117.147299999371171, 4150827.599899999797344 ] ] ], [ [ [ 5021623.880400000140071, 4727019.866900000721216 ], [ 5018652.805500000715256, 4722334.531199999153614 ], [ 5010188.9211, 4723853.238900000229478 ], [ 5004176.489, 4730456.876199999824166 ], [ 5013624.295800000429153, 4739176.524399999529123 ], [ 5021208.669099999591708, 4736174.481499999761581 ], [ 5021623.880400000140071, 4727019.866900000721216 ] ] ], [ [ [ 5009040.215600000694394, 4157057.070800000801682 ], [ 5010255.995799999684095, 4151492.053600000217557 ], [ 5008023.008300000801682, 4151861.039000000804663 ], [ 5006321.861500000581145, 4156092.601099999621511 ], [ 5009040.215600000694394, 4157057.070800000801682 ] ] ], [ [ [ 5004765.0526, 4143121.302200000733137 ], [ 5003842.002599999308586, 4139342.534499999135733 ], [ 5000455.312000000849366, 4141400.975199999287724 ], [ 5002750.452199999243021, 4144753.2083 ], [ 5004765.0526, 4143121.302200000733137 ] ] ], [ [ [ 4993861.155799999833107, 4172995.436200000345707 ], [ 4992663.2061, 4170911.919800000265241 ], [ 4990441.836799999698997, 4172364.319700000807643 ], [ 4991576.449100000783801, 4176767.496899999678135 ], [ 4993721.273399999365211, 4175094.8147 ], [ 4993861.155799999833107, 4172995.436200000345707 ] ] ], [ [ [ 4990125.442700000479817, 4179423.900499999523163 ], [ 4987304.8904, 4172534.349999999627471 ], [ 4985340.729399999603629, 4175715.22719999961555 ], [ 4984176.841099999845028, 4174775.347899999469519 ], [ 4983092.860999999567866, 4168317.620300000533462 ], [ 4972775.490299999713898, 4165335.315099999308586 ], [ 4969745.68019999936223, 4167944.280300000682473 ], [ 4971748.917199999094009, 4176602.938999999314547 ], [ 4977313.197699999436736, 4177667.89640000090003 ], [ 4980252.226800000295043, 4173466.868200000375509 ], [ 4981773.651100000366569, 4181469.74379999935627 ], [ 4988394.993899999186397, 4181282.035900000482798 ], [ 4990125.442700000479817, 4179423.900499999523163 ] ] ], [ [ [ 4987058.804500000551343, 4162490.085999999195337 ], [ 4986894.929199999198318, 4158076.041600000113249 ], [ 4983590.446000000461936, 4158294.30460000038147 ], [ 4984985.88289999961853, 4162991.169399999082088 ], [ 4987058.804500000551343, 4162490.085999999195337 ] ] ], [ [ [ 4981610.812999999150634, 4143044.180700000375509 ], [ 4979145.39809999987483, 4141784.247500000521541 ], [ 4979208.369699999690056, 4146925.9956 ], [ 4981131.198000000789762, 4149044.704299999400973 ], [ 4981610.812999999150634, 4143044.180700000375509 ] ] ], [ [ [ 4978155.517100000753999, 4157586.027499999850988 ], [ 4976023.420700000599027, 4156719.869799999520183 ], [ 4974177.112600000575185, 4162191.198400000110269 ], [ 4977339.346599999815226, 4161492.898800000548363 ], [ 4978155.517100000753999, 4157586.027499999850988 ] ] ], [ [ [ 4977223.820900000631809, 4151685.1107 ], [ 4975942.330199999734759, 4145405.16300000064075 ], [ 4973472.804700000211596, 4146762.9803 ], [ 4975865.720100000500679, 4152001.806399999186397 ], [ 4977223.820900000631809, 4151685.1107 ] ] ], [ [ [ 4974718.77419999986887, 4188491.785599999129772 ], [ 4973082.3597999997437, 4182728.113299999386072 ], [ 4969235.243699999526143, 4184078.835400000214577 ], [ 4971841.187100000679493, 4189109.122099999338388 ], [ 4974718.77419999986887, 4188491.785599999129772 ] ] ], [ [ [ 4970996.6886, 4152868.937599999830127 ], [ 4969038.21680000051856, 4148988.8575 ], [ 4966254.910000000149012, 4151085.219900000840425 ], [ 4968385.226399999111891, 4154034.970100000500679 ], [ 4970996.6886, 4152868.937599999830127 ] ] ], [ [ [ 4969758.5154, 4192263.588899999856949 ], [ 4966721.455600000917912, 4191667.92369999922812 ], [ 4967345.723999999463558, 4196266.287200000137091 ], [ 4969852.238199999555945, 4196757.075400000438094 ], [ 4969758.5154, 4192263.588899999856949 ] ] ], [ [ [ 4967572.824999999254942, 4165921.085400000214577 ], [ 4968790.301999999210238, 4162970.272299999371171 ], [ 4964987.094200000166893, 4162820.93779999949038 ], [ 4963257.140699999406934, 4164574.160299999639392 ], [ 4957731.107300000265241, 4164296.03999999910593 ], [ 4958845.925000000745058, 4171580.496500000357628 ], [ 4965099.195699999108911, 4175020.971999999135733 ], [ 4967361.036499999463558, 4172553.5142 ], [ 4967572.824999999254942, 4165921.085400000214577 ] ] ], [ [ [ 4968199.097300000488758, 4181575.364099999889731 ], [ 4966142.159199999645352, 4180168.816199999302626 ], [ 4963385.752900000661612, 4184125.581499999389052 ], [ 4966350.062899999320507, 4185228.022099999710917 ], [ 4968199.097300000488758, 4181575.364099999889731 ] ] ], [ [ [ 4965826.519300000742078, 4157622.425000000745058 ], [ 4965282.799699999392033, 4153767.729599999263883 ], [ 4962270.416300000622869, 4155932.982599999755621 ], [ 4963622.91579999960959, 4160025.010199999436736 ], [ 4965826.519300000742078, 4157622.425000000745058 ] ] ], [ [ [ 4961985.51799999922514, 4205692.721999999135733 ], [ 4963807.174000000581145, 4195867.7094 ], [ 4962540.38260000012815, 4196234.625800000503659 ], [ 4957517.45240000076592, 4204309.814099999144673 ], [ 4959736.672900000587106, 4206911.990499999374151 ], [ 4961985.51799999922514, 4205692.721999999135733 ] ] ], [ [ [ 4963550.92259999923408, 4181097.614099999889731 ], [ 4961275.747400000691414, 4176594.876199999824166 ], [ 4958152.1941, 4180745.311300000175834 ], [ 4960779.563100000843406, 4182214.644999999552965 ], [ 4963550.92259999923408, 4181097.614099999889731 ] ] ], [ [ [ 4958251.869699999690056, 4189981.771800000220537 ], [ 4960267.076899999752641, 4183669.960999999195337 ], [ 4958431.1706000007689, 4183869.485200000926852 ], [ 4956044.447599999606609, 4189038.146999999880791 ], [ 4958251.869699999690056, 4189981.771800000220537 ] ] ], [ [ [ 4955250.651399999856949, 4181477.723400000482798 ], [ 4953356.089700000360608, 4171534.132500000298023 ], [ 4946642.783900000154972, 4173433.042300000786781 ], [ 4950970.037499999627471, 4182091.852900000289083 ], [ 4955250.651399999856949, 4181477.723400000482798 ] ] ], [ [ [ 4950535.689200000837445, 4594858.027100000530481 ], [ 4949660.668199999257922, 4591276.8575 ], [ 4947226.314400000497699, 4591159.916300000622869 ], [ 4947744.020199999213219, 4595803.738099999725819 ], [ 4950535.689200000837445, 4594858.027100000530481 ] ] ], [ [ [ 4948612.512800000607967, 4166834.57289999909699 ], [ 4948084.142899999395013, 4165622.935100000351667 ], [ 4946475.551899999380112, 4165934.697100000455976 ], [ 4945635.176000000908971, 4166972.775299999862909 ], [ 4946302.991800000891089, 4167223.672700000926852 ], [ 4946357.7138, 4168860.18779999949038 ], [ 4946976.325799999758601, 4169552.846999999135733 ], [ 4947917.100400000810623, 4169523.796399999409914 ], [ 4948561.106300000101328, 4168362.621400000527501 ], [ 4948612.512800000607967, 4166834.57289999909699 ] ] ], [ [ [ 4947954.693099999800324, 4189145.501299999654293 ], [ 4944445.704500000923872, 4184304.808199999853969 ], [ 4942183.178600000217557, 4185271.85840000025928 ], [ 4944916.4145, 4198703.8794 ], [ 4947968.981499999761581, 4198407.417700000107288 ], [ 4947954.693099999800324, 4189145.501299999654293 ] ] ], [ [ [ 4947632.787000000476837, 4158497.742599999532104 ], [ 4946529.356699999421835, 4154998.66609999909997 ], [ 4943250.484300000593066, 4156210.5482 ], [ 4944615.191999999806285, 4159711.5320999994874 ], [ 4947632.787000000476837, 4158497.742599999532104 ] ] ], [ [ [ 4946523.359999999403954, 4587001.437000000849366 ], [ 4944028.188500000163913, 4586498.3581000007689 ], [ 4944501.151699999347329, 4592203.236700000241399 ], [ 4947074.429500000551343, 4589590.940400000661612 ], [ 4946523.359999999403954, 4587001.437000000849366 ] ] ], [ [ [ 4945624.889399999752641, 4167007.015599999576807 ], [ 4944190.974300000816584, 4166069.723999999463558 ], [ 4943228.694599999114871, 4168032.3893 ], [ 4944436.392100000753999, 4168818.7818 ], [ 4945624.889399999752641, 4167007.015599999576807 ] ] ], [ [ [ 4942928.22690000012517, 4577330.283800000324845 ], [ 4943091.5274, 4570958.013900000602007 ], [ 4941063.447000000625849, 4572743.128599999472499 ], [ 4940678.7961, 4576919.52170000039041 ], [ 4942928.22690000012517, 4577330.283800000324845 ] ] ], [ [ [ 4937446.024800000712276, 4140510.26630000025034 ], [ 4934039.661100000143051, 4133332.515799999237061 ], [ 4928687.7335, 4135641.405099999159575 ], [ 4934534.679400000721216, 4142402.392799999564886 ], [ 4937446.024800000712276, 4140510.26630000025034 ] ] ], [ [ [ 4933686.211899999529123, 4215333.9024 ], [ 4935529.573000000789762, 4210620.759199999272823 ], [ 4933477.934000000357628, 4210341.312100000679493 ], [ 4930743.246600000187755, 4214221.034499999135733 ], [ 4933686.211899999529123, 4215333.9024 ] ] ], [ [ [ 4934910.664799999445677, 4234842.601700000464916 ], [ 4935293.407700000330806, 4228112.605100000277162 ], [ 4933527.333100000396371, 4229560.474199999123812 ], [ 4932288.0304000005126, 4234358.03969999961555 ], [ 4934910.664799999445677, 4234842.601700000464916 ] ] ], [ [ [ 4932917.556900000199676, 4280922.582699999213219 ], [ 4932771.470100000500679, 4278539.868899999186397 ], [ 4931326.053899999707937, 4279111.530600000172853 ], [ 4930293.573300000280142, 4279700.345799999311566 ], [ 4929478.595300000160933, 4281361.853199999779463 ], [ 4930569.972300000488758, 4283496.644799999892712 ], [ 4931735.480499999597669, 4284208.980699999257922 ], [ 4932917.556900000199676, 4280922.582699999213219 ] ] ], [ [ [ 4932145.2347, 4166764.2621 ], [ 4932220.602299999445677, 4164062.406999999657273 ], [ 4930652.270999999716878, 4163849.770300000905991 ], [ 4928063.652200000360608, 4165608.589700000360608 ], [ 4929287.365199999883771, 4168536.156999999657273 ], [ 4932145.2347, 4166764.2621 ] ] ], [ [ [ 4931685.283099999651313, 4185241.542600000277162 ], [ 4929843.700099999085069, 4184439.689200000837445 ], [ 4926360.028599999845028, 4189210.62639999948442 ], [ 4928681.744100000709295, 4203981.24860000051558 ], [ 4930630.900699999183416, 4198560.3794 ], [ 4931685.283099999651313, 4185241.542600000277162 ] ] ], [ [ [ 4929893.117799999192357, 4331490.798000000417233 ], [ 4928450.29109999909997, 4328030.648199999704957 ], [ 4924038.741900000721216, 4329764.682700000703335 ], [ 4927223.903000000864267, 4334001.470899999141693 ], [ 4929893.117799999192357, 4331490.798000000417233 ] ] ], [ [ [ 4928402.329900000244379, 4183659.469900000840425 ], [ 4928072.036299999803305, 4179516.995999999344349 ], [ 4925049.2566, 4181242.612700000405312 ], [ 4926542.733999999240041, 4185824.3213 ], [ 4928402.329900000244379, 4183659.469900000840425 ] ] ], [ [ [ 4926368.721300000324845, 4148293.069700000807643 ], [ 4923581.269899999722838, 4145881.321399999782443 ], [ 4923370.363500000908971, 4151432.121200000867248 ], [ 4925254.372700000181794, 4152488.837899999693036 ], [ 4926368.721300000324845, 4148293.069700000807643 ] ] ], [ [ [ 4924736.4035, 4116268.634500000625849 ], [ 4923763.915100000798702, 4114744.79619999974966 ], [ 4920724.64130000025034, 4117144.068199999630451 ], [ 4922528.822300000116229, 4119605.543099999427795 ], [ 4924360.557099999859929, 4118605.411699999123812 ], [ 4925744.7774, 4117850.50760000012815 ], [ 4924736.4035, 4116268.634500000625849 ] ] ], [ [ [ 4923800.068199999630451, 4197494.563799999654293 ], [ 4922407.034299999475479, 4193561.817199999466538 ], [ 4919668.371600000187755, 4198829.070699999108911 ], [ 4921967.03690000064671, 4200488.7325 ], [ 4923800.068199999630451, 4197494.563799999654293 ] ] ], [ [ [ 4921636.308000000193715, 4170110.825200000777841 ], [ 4919205.517300000414252, 4164845.703299999237061 ], [ 4916797.751900000497699, 4166668.7676 ], [ 4920116.287599999457598, 4170646.165999999269843 ], [ 4921636.308000000193715, 4170110.825200000777841 ] ] ], [ [ [ 4918699.243899999186397, 4175576.168400000780821 ], [ 4917282.297399999573827, 4171951.919800000265241 ], [ 4914145.691800000146031, 4172113.705199999734759 ], [ 4915722.056399999186397, 4177651.8564 ], [ 4918699.243899999186397, 4175576.168400000780821 ] ] ], [ [ [ 4918296.240599999204278, 4200538.991499999538064 ], [ 4918258.499099999666214, 4195637.5132 ], [ 4915204.1009, 4198948.616100000217557 ], [ 4916171.895300000905991, 4202557.959799999371171 ], [ 4918296.240599999204278, 4200538.991499999538064 ] ] ], [ [ [ 4914336.903400000184774, 4159035.511299999430776 ], [ 4916889.133600000292063, 4153653.808800000697374 ], [ 4913692.2949, 4153284.283399999141693 ], [ 4909835.043500000610948, 4158392.278100000694394 ], [ 4914336.903400000184774, 4159035.511299999430776 ] ] ], [ [ [ 4915381.801000000908971, 4185234.245500000193715 ], [ 4916009.569399999454618, 4180343.734999999403954 ], [ 4912150.16609999909997, 4180068.00620000064373 ], [ 4913345.19510000012815, 4185799.8597999997437 ], [ 4915381.801000000908971, 4185234.245500000193715 ] ] ], [ [ [ 4914368.111400000751019, 4167888.435100000351667 ], [ 4913026.847799999639392, 4165372.652899999171495 ], [ 4910317.289100000634789, 4167107.4671 ], [ 4911721.11849999986589, 4171274.866900000721216 ], [ 4914368.111400000751019, 4167888.435100000351667 ] ] ], [ [ [ 4911245.7708, 4531579.028799999505281 ], [ 4909704.734200000762939, 4528435.831700000911951 ], [ 4906944.218399999663234, 4530234.6568 ], [ 4909104.752499999478459, 4533467.585699999704957 ], [ 4911245.7708, 4531579.028799999505281 ] ] ], [ [ [ 4910826.698999999091029, 4147253.722500000149012 ], [ 4908839.676000000908971, 4142712.8651 ], [ 4904974.520500000566244, 4143845.911299999803305 ], [ 4902805.61009999923408, 4140094.477900000289083 ], [ 4895139.285199999809265, 4137576.182 ], [ 4895806.751599999144673, 4142725.791999999433756 ], [ 4902329.4594, 4153304.630599999800324 ], [ 4909327.773, 4156028.509400000795722 ], [ 4910826.698999999091029, 4147253.722500000149012 ] ] ], [ [ [ 4909127.231300000101328, 4517962.681600000709295 ], [ 4907521.564999999478459, 4511997.150800000876188 ], [ 4903333.756300000473857, 4513093.681199999526143 ], [ 4905890.835899999365211, 4518333.930099999532104 ], [ 4909127.231300000101328, 4517962.681600000709295 ] ] ], [ [ [ 4906016.42119999974966, 4191741.758899999782443 ], [ 4906565.38150000013411, 4185361.9518 ], [ 4903150.763599999248981, 4188822.259700000286102 ], [ 4903936.097500000149012, 4191327.303899999707937 ], [ 4906016.42119999974966, 4191741.758899999782443 ] ] ], [ [ [ 4906050.134400000795722, 4525370.985200000926852 ], [ 4904816.2226, 4522570.920299999415874 ], [ 4902129.522600000724196, 4524784.097300000488758 ], [ 4904046.202099999412894, 4528190.726299999281764 ], [ 4906050.134400000795722, 4525370.985200000926852 ] ] ], [ [ [ 4902897.275699999183416, 4169388.521099999547005 ], [ 4902190.627499999478459, 4164696.935499999672174 ], [ 4899124.39130000025034, 4167668.063400000333786 ], [ 4901248.6414, 4170870.150699999183416 ], [ 4902897.275699999183416, 4169388.521099999547005 ] ] ], [ [ [ 4901793.840900000184774, 4497785.848600000143051 ], [ 4900528.120400000363588, 4494804.357799999415874 ], [ 4897665.906899999827147, 4496872.550899999216199 ], [ 4899740.830800000578165, 4500122.451099999248981 ], [ 4901793.840900000184774, 4497785.848600000143051 ] ] ], [ [ [ 4896686.4868, 4177804.21309999935329 ], [ 4896559.161599999293685, 4165323.445499999448657 ], [ 4893382.6524, 4166492.136600000783801 ], [ 4890185.426000000908971, 4162909.4857 ], [ 4888865.3429000005126, 4164756.798499999567866 ], [ 4895212.409700000658631, 4177963.8629 ], [ 4896686.4868, 4177804.21309999935329 ] ] ], [ [ [ 4891010.492900000885129, 4516837.64949999935925 ], [ 4891185.134099999442697, 4511806.280999999493361 ], [ 4895582.987700000405312, 4504465.384500000625849 ], [ 4893986.340800000354648, 4499196.932199999690056 ], [ 4887425.318499999120831, 4497463.612500000745058 ], [ 4882227.842800000682473, 4500747.969000000506639 ], [ 4876567.379200000315905, 4509147.994300000369549 ], [ 4879704.840399999171495, 4515000.630799999460578 ], [ 4880561.353700000792742, 4516603.462400000542402 ], [ 4882366.57120000012219, 4515429.702299999073148 ], [ 4883435.8586, 4515602.665100000798702 ], [ 4885604.253399999812245, 4519986.56110000051558 ], [ 4888023.4835, 4520636.318099999800324 ], [ 4890317.194900000467896, 4519056.941700000315905 ], [ 4891010.492900000885129, 4516837.64949999935925 ] ] ], [ [ [ 4894183.054199999198318, 4178998.252499999478459 ], [ 4892004.269099999219179, 4177363.512000000104308 ], [ 4888945.594699999317527, 4179981.906500000506639 ], [ 4891543.1886, 4182190.334000000730157 ], [ 4894183.054199999198318, 4178998.252499999478459 ] ] ], [ [ [ 4885610.00929999910295, 4162722.261900000274181 ], [ 4879003.737299999222159, 4158443.0066 ], [ 4879962.321900000795722, 4151301.899900000542402 ], [ 4886257.013499999418855, 4151069.355799999088049 ], [ 4889854.169800000265241, 4157170.927500000223517 ], [ 4891909.160000000149012, 4154717.122500000521541 ], [ 4889462.70409999974072, 4140829.336500000208616 ], [ 4882039.653899999335408, 4143087.33669999986887 ], [ 4879494.421800000593066, 4138999.124199999496341 ], [ 4870209.726700000464916, 4148723.328199999406934 ], [ 4862839.4222, 4149275.190600000321865 ], [ 4857190.095499999821186, 4156322.168700000271201 ], [ 4851765.954900000244379, 4153856.0778 ], [ 4848523.048800000920892, 4156474.066400000825524 ], [ 4849195.82909999974072, 4165782.01799999922514 ], [ 4859124.816199999302626, 4171091.021099999547005 ], [ 4861363.231599999591708, 4183224.165699999779463 ], [ 4876175.164200000464916, 4184110.175000000745058 ], [ 4887385.531899999827147, 4170918.809800000861287 ], [ 4885610.00929999910295, 4162722.261900000274181 ] ] ], [ [ [ 4891187.254499999806285, 4430368.623400000855327 ], [ 4891252.229599999263883, 4425127.474899999797344 ], [ 4890067.43889999948442, 4425504.300100000575185 ], [ 4887886.3706, 4431161.908800000324845 ], [ 4891187.254499999806285, 4430368.623400000855327 ] ] ], [ [ [ 4890048.497999999672174, 4474958.600299999117851 ], [ 4887530.511600000783801, 4471864.967700000852346 ], [ 4884340.533900000154972, 4477680.60359999909997 ], [ 4888563.119999999180436, 4480262.001700000837445 ], [ 4890048.497999999672174, 4474958.600299999117851 ] ] ], [ [ [ 4884454.974099999293685, 4192351.413599999621511 ], [ 4882808.870100000873208, 4187658.465399999171495 ], [ 4880198.604800000786781, 4189891.440300000831485 ], [ 4882125.501299999654293, 4193075.970300000160933 ], [ 4884454.974099999293685, 4192351.413599999621511 ] ] ], [ [ [ 4875631.33390000090003, 4525384.010500000789762 ], [ 4874123.573400000110269, 4521625.317500000819564 ], [ 4871826.552799999713898, 4522679.867499999701977 ], [ 4873266.301599999889731, 4526918.543099999427795 ], [ 4875631.33390000090003, 4525384.010500000789762 ] ] ], [ [ [ 4872449.432199999690056, 4479380.181500000879169 ], [ 4870654.512599999085069, 4473160.953500000759959 ], [ 4868826.691800000146031, 4475442.069299999624491 ], [ 4871284.235200000926852, 4480132.690400000661612 ], [ 4872449.432199999690056, 4479380.181500000879169 ] ] ], [ [ [ 4859468.979100000113249, 4179200.501900000497699 ], [ 4857793.3783, 4174079.075300000607967 ], [ 4853475.0636, 4175710.064799999818206 ], [ 4856216.4704, 4179994.635900000110269 ], [ 4859468.979100000113249, 4179200.501900000497699 ] ] ], [ [ [ 4850426.056399999186397, 4171157.518999999389052 ], [ 4849057.043700000271201, 4169557.822200000286102 ], [ 4847550.146199999377131, 4170961.75760000012815 ], [ 4849436.114499999210238, 4176064.3465 ], [ 4850702.7511, 4176046.58699999935925 ], [ 4850426.056399999186397, 4171157.518999999389052 ] ] ] ] } },
{ "type": "Feature", "properties": { "CNTR_ID": "BY", "CNTR_NAME": "Беларусь", "NAME_ENGL": "Belarus", "NAME_FREN": "Biélorussie", "ISO3_CODE": "BLR", "SVRG_UN": "UN Member State", "CAPT": "Minsk", "EU_STAT": "F", "EFTA_STAT": "F", "CC_STAT": "F", "NAME_GERM": "Belarus" }, "geometry": { "type": "Polygon", "coordinates": [ [ [ 5435586.060699999332428, 3815982.973099999129772 ], [ 5448565.79079999960959, 3806182.922900000587106 ], [ 5453678.034399999305606, 3811983.276699999347329 ], [ 5466916.94679999910295, 3815015.439300000667572 ], [ 5478036.117900000885129, 3802597.237099999561906 ], [ 5482637.808599999174476, 3803639.05489999987185 ], [ 5493989.337200000882149, 3815432.914200000464916 ], [ 5516048.2116, 3813402.272199999541044 ], [ 5520080.283900000154972, 3810042.368599999696016 ], [ 5519766.975199999287724, 3794373.995899999514222 ], [ 5530032.572000000625849, 3786510.250700000673532 ], [ 5550460.559100000187755, 3809785.4671 ], [ 5569484.927300000563264, 3816264.713300000876188 ], [ 5586645.11089999973774, 3814645.164100000634789 ], [ 5607354.445800000801682, 3799171.929099999368191 ], [ 5613233.960699999704957, 3800741.330700000748038 ], [ 5618834.69370000064373, 3801102.826099999248981 ], [ 5624139.113900000229478, 3787998.828400000929832 ], [ 5625827.114499999210238, 3780523.99349999986589 ], [ 5623004.613900000229478, 3767374.310100000351667 ], [ 5636077.697599999606609, 3755283.035499999299645 ], [ 5642764.244799999520183, 3744426.818499999120831 ], [ 5640975.453600000590086, 3734547.085400000214577 ], [ 5636359.227, 3727879.0614 ], [ 5636760.589400000870228, 3714149.910499999299645 ], [ 5660110.914799999445677, 3703048.807600000873208 ], [ 5665072.728000000119209, 3695966.087099999189377 ], [ 5665585.639599999412894, 3686767.945599999278784 ], [ 5673197.44789999909699, 3684425.028200000524521 ], [ 5682294.024599999189377, 3675915.294600000604987 ], [ 5689902.816800000146031, 3663087.2401 ], [ 5704994.942199999466538, 3657151.805700000375509 ], [ 5719813.789000000804663, 3656590.795700000599027 ], [ 5726403.962799999862909, 3653524.8114 ], [ 5729916.134099999442697, 3645728.791600000113249 ], [ 5731146.873400000855327, 3625310.260800000280142 ], [ 5738977.076199999079108, 3625158.544299999251962 ], [ 5752114.012399999424815, 3633408.48509999923408 ], [ 5775713.755200000479817, 3630094.276799999177456 ], [ 5779576.145600000396371, 3626919.253699999302626 ], [ 5777070.676599999889731, 3620714.5077 ], [ 5779173.432, 3616264.1042 ], [ 5800648.856000000610948, 3608198.861400000751019 ], [ 5804933.652300000190735, 3598946.7632 ], [ 5795753.684000000357628, 3581296.3816 ], [ 5786433.531300000846386, 3564036.616399999707937 ], [ 5777259.835899999365211, 3556127.151100000366569 ], [ 5762103.631100000813603, 3552830.488399999216199 ], [ 5755442.9912, 3554118.961400000378489 ], [ 5750462.0263, 3559522.380200000479817 ], [ 5740016.371999999508262, 3559129.838300000876188 ], [ 5728528.243000000715256, 3553837.597100000828505 ], [ 5729086.540400000289083, 3541669.736400000751019 ], [ 5726370.925000000745058, 3531050.9485 ], [ 5751382.794099999591708, 3513574.096699999645352 ], [ 5753735.254499999806285, 3507228.773299999535084 ], [ 5752650.034600000828505, 3499093.680500000715256 ], [ 5760691.7676, 3487844.478199999779463 ], [ 5768464.445599999278784, 3469534.719900000840425 ], [ 5769446.851199999451637, 3462126.795299999415874 ], [ 5785099.027000000700355, 3449841.866499999538064 ], [ 5787847.878399999812245, 3444371.53969999961555 ], [ 5763365.490599999204278, 3440111.918199999257922 ], [ 5756166.993899999186397, 3427235.637199999764562 ], [ 5745191.239, 3429704.572499999776483 ], [ 5734785.435900000855327, 3424285.71030000038445 ], [ 5734271.293199999257922, 3414494.403000000864267 ], [ 5723903.332299999892712, 3391696.66609999909997 ], [ 5724385.5, 3380674.290200000628829 ], [ 5719989.318900000303984, 3369018.457499999552965 ], [ 5731140.348999999463558, 3348433.477399999275804 ], [ 5737004.269999999552965, 3341654.361600000411272 ], [ 5735795.203500000759959, 3331737.565099999308586 ], [ 5732914.10840000025928, 3328529.313300000503659 ], [ 5718374.257200000807643, 3333383.402200000360608 ], [ 5714156.030200000852346, 3342347.761 ], [ 5702209.3509, 3347820.486700000241399 ], [ 5691611.973799999803305, 3344213.872199999168515 ], [ 5677465.350299999117851, 3334115.583399999886751 ], [ 5669756.625099999830127, 3340842.694399999454618 ], [ 5660003.888000000268221, 3331926.167999999597669 ], [ 5658737.664899999275804, 3323723.462600000202656 ], [ 5650262.737299999222159, 3319693.738900000229478 ], [ 5647549.216, 3319869.975700000301003 ], [ 5640606.042999999597669, 3328549.2652000002563 ], [ 5637873.08809999935329, 3335903.884400000795722 ], [ 5628191.805800000205636, 3344294.848400000482798 ], [ 5620947.281600000336766, 3334382.465299999341369 ], [ 5610123.271199999377131, 3328800.17369999922812 ], [ 5608771.64780000038445, 3313428.334799999371171 ], [ 5602940.049499999731779, 3315545.0320999994874 ], [ 5595814.448599999770522, 3325959.300200000405312 ], [ 5585605.126499999314547, 3325534.279999999329448 ], [ 5579192.10950000025332, 3319378.368300000205636 ], [ 5568267.246400000527501, 3330719.519300000742078 ], [ 5556591.036499999463558, 3315551.03690000064671 ], [ 5551224.472899999469519, 3313983.400900000706315 ], [ 5546595.886299999430776, 3318752.782199999317527 ], [ 5542720.315199999138713, 3318666.521800000220537 ], [ 5543949.795499999076128, 3309972.430500000715256 ], [ 5540571.0482, 3302115.99269999936223 ], [ 5533274.148600000888109, 3304025.825899999588728 ], [ 5535474.223300000652671, 3309980.665200000628829 ], [ 5534325.5767, 3313867.949899999424815 ], [ 5520323.991800000891089, 3314633.9452 ], [ 5520706.263000000268221, 3310268.618200000375509 ], [ 5503893.479599999263883, 3307004.587300000712276 ], [ 5502810.144799999892712, 3311884.304099999368191 ], [ 5498944.731100000441074, 3313835.30489999987185 ], [ 5494293.492599999532104, 3323720.987400000914931 ], [ 5477876.036399999633431, 3316270.164200000464916 ], [ 5468652.971200000494719, 3316754.811899999156594 ], [ 5460556.340299999341369, 3321317.316500000655651 ], [ 5446993.356300000101328, 3315938.005599999800324 ], [ 5438655.015900000929832, 3321722.0658 ], [ 5423946.2675, 3318420.574899999424815 ], [ 5411628.663899999111891, 3322455.59569999948144 ], [ 5384156.237600000575185, 3315970.516799999400973 ], [ 5371533.218800000846386, 3313095.821599999442697 ], [ 5357364.825099999085069, 3315179.382999999448657 ], [ 5342848.517899999395013, 3304638.848799999803305 ], [ 5341676.83559999987483, 3304317.651100000366569 ], [ 5305074.797800000756979, 3294441.038200000301003 ], [ 5300686.994300000369549, 3287620.521500000730157 ], [ 5301344.519899999722838, 3277325.062400000169873 ], [ 5289458.057199999690056, 3262945.750499999150634 ], [ 5283593.352700000628829, 3256570.810900000855327 ], [ 5277311.235999999567866, 3256643.482100000604987 ], [ 5276340.089999999850988, 3260478.116800000891089 ], [ 5267494.416999999433756, 3261954.426599999889731 ], [ 5261197.971799999475479, 3259342.637199999764562 ], [ 5258493.930600000545382, 3255079.4452 ], [ 5263101.291400000452995, 3243976.951099999248981 ], [ 5260075.669800000265241, 3243410.152899999171495 ], [ 5253324.548599999397993, 3252674.010199999436736 ], [ 5250198.060599999502301, 3267474.260900000110269 ], [ 5255132.648900000378489, 3274887.702299999073148 ], [ 5252424.763399999588728, 3280690.5461 ], [ 5251845.731200000271201, 3289034.985999999567866 ], [ 5254035.4222, 3296951.254599999636412 ], [ 5250501.877900000661612, 3305380.995300000533462 ], [ 5236499.151399999856949, 3314502.163200000301003 ], [ 5233867.522199999541044, 3314890.905500000342727 ], [ 5218400.347500000149012, 3317205.715500000864267 ], [ 5214675.119999999180436, 3322728.008400000631809 ], [ 5226619.778599999845028, 3352087.202600000426173 ], [ 5233961.936000000685453, 3360408.012399999424815 ], [ 5248649.620999999344349, 3369369.328199999406934 ], [ 5254928.297499999403954, 3378497.712200000882149 ], [ 5254984.298800000920892, 3386551.868899999186397 ], [ 5250770.055099999532104, 3400141.389000000432134 ], [ 5250481.177300000563264, 3408684.4605 ], [ 5244664.230599999427795, 3419448.716900000348687 ], [ 5244649.879899999126792, 3427961.25650000013411 ], [ 5236488.997300000861287, 3437126.177699999883771 ], [ 5217936.950999999418855, 3472464.040899999439716 ], [ 5212596.741900000721216, 3482699.734400000423193 ], [ 5202339.414799999445677, 3510354.467000000178814 ], [ 5221165.830600000917912, 3508293.413899999111891 ], [ 5222946.824799999594688, 3513909.830299999564886 ], [ 5239576.516100000590086, 3515553.16579999960959 ], [ 5246189.380400000140071, 3520413.2971 ], [ 5258274.165500000119209, 3514834.288100000470877 ], [ 5263299.387499999254942, 3517070.823599999770522 ], [ 5274588.8958, 3530767.98509999923408 ], [ 5279729.111700000241399, 3526975.63260000012815 ], [ 5284916.825500000268221, 3533760.682800000533462 ], [ 5280431.238900000229478, 3543348.640100000426173 ], [ 5282724.118899999186397, 3548285.229800000786781 ], [ 5289698.783800000324845, 3551711.322699999436736 ], [ 5297734.741900000721216, 3550307.114700000733137 ], [ 5305143.667700000107288, 3564786.518400000408292 ], [ 5320828.558299999684095, 3573964.407600000500679 ], [ 5326033.028300000354648, 3570473.553600000217557 ], [ 5327516.671499999240041, 3559000.951899999752641 ], [ 5334520.845300000160933, 3558002.821599999442697 ], [ 5341149.282999999821186, 3562893.104399999603629 ], [ 5338416.281899999827147, 3573044.8805 ], [ 5332329.150000000372529, 3577979.581000000238419 ], [ 5324298.115199999883771, 3577600.924900000914931 ], [ 5325813.045499999076128, 3595000.365499999374151 ], [ 5330598.500600000843406, 3608277.393699999898672 ], [ 5326724.93779999949038, 3619576.1119 ], [ 5324484.092800000682473, 3634284.033900000154972 ], [ 5329565.224899999797344, 3647283.511399999260902 ], [ 5348589.024399999529123, 3659750.258400000631809 ], [ 5348594.937100000679493, 3672508.497999999672174 ], [ 5353226.32179999910295, 3677834.826999999582767 ], [ 5371848.3531, 3683184.592399999499321 ], [ 5375048.754599999636412, 3695397.933700000867248 ], [ 5375835.977800000458956, 3700490.7555 ], [ 5358297.017000000923872, 3703766.047900000587106 ], [ 5356505.307499999180436, 3720741.16609999909997 ], [ 5358949.137700000777841, 3732246.66579999960959 ], [ 5356926.4485, 3740080.692900000140071 ], [ 5358858.856000000610948, 3743322.851500000804663 ], [ 5366085.72749999910593, 3742688.912000000476837 ], [ 5370373.869300000369549, 3747502.550100000575185 ], [ 5373120.190600000321865, 3757549.262199999764562 ], [ 5383181.565600000321865, 3765636.491699999198318 ], [ 5393135.7116, 3761523.4517 ], [ 5398166.527899999171495, 3764856.648700000718236 ], [ 5412935.901699999347329, 3766287.630999999120831 ], [ 5412784.119200000539422, 3782687.877100000157952 ], [ 5418608.466499999165535, 3789801.129000000655651 ], [ 5426191.148, 3806976.70409999974072 ], [ 5435586.060699999332428, 3815982.973099999129772 ] ] ] } },
{ "type": "Feature", "properties": { "CNTR_ID": "CH", "CNTR_NAME": "Schweiz-Suisse-Svizzera-Svizra", "NAME_ENGL": "Switzerland", "NAME_FREN": "Suisse", "ISO3_CODE": "CHE", "SVRG_UN": "UN Member State", "CAPT": "Bern", "EU_STAT": "F", "EFTA_STAT": "T", "CC_STAT": "F", "NAME_GERM": "Schweiz" }, "geometry": { "type": "Polygon", "coordinates": [ [ [ 4223822.67710000090301, 2738846.402899999171495 ], [ 4225458.512000000104308, 2731828.541999999433756 ], [ 4230514.917600000277162, 2729845.228000000119209 ], [ 4229390.222500000149012, 2733549.321000000461936 ], [ 4231931.934100000187755, 2734845.976399999111891 ], [ 4234927.882500000298023, 2732418.586200000718236 ], [ 4236429.24239999987185, 2727426.678400000557303 ], [ 4248229.015699999406934, 2730500.84569999948144 ], [ 4259528.400699999183416, 2727259.0307 ], [ 4274218.845499999821186, 2723626.08699999935925 ], [ 4283862.192299999296665, 2715248.23619999922812 ], [ 4287756.784900000318885, 2714352.171800000593066 ], [ 4289375.309499999508262, 2707411.058399999514222 ], [ 4294752.468599999323487, 2703430.138000000268221 ], [ 4294926.141100000590086, 2696999.2939 ], [ 4285464.429500000551343, 2684223.105399999767542 ], [ 4283894.9543999992311, 2679922.812699999660254 ], [ 4282795.341, 2677144.763699999079108 ], [ 4282137.764599999412894, 2675325.947799999266863 ], [ 4282706.845300000160933, 2671617.1974 ], [ 4284183.901100000366569, 2667719.525399999693036 ], [ 4283932.244000000879169, 2663656.994100000709295 ], [ 4281746.3213, 2661755.363800000399351 ], [ 4281155.768799999728799, 2659947.763599999248981 ], [ 4286009.001900000497699, 2661398.176899999380112 ], [ 4290801.77419999986887, 2661009.370300000533462 ], [ 4291125.043400000780821, 2660883.310100000351667 ], [ 4310325.948200000450015, 2655743.935200000181794 ], [ 4312770.684599999338388, 2646501.471000000834465 ], [ 4327711.629499999806285, 2637298.608999999240041 ], [ 4332066.887000000104308, 2637515.748500000685453 ], [ 4337687.0877, 2639386.144200000911951 ], [ 4339740.291400000452995, 2645456.47829999960959 ], [ 4344790.4781, 2646563.547900000587106 ], [ 4349630.807199999690056, 2653534.416500000283122 ], [ 4357463.799200000241399, 2647033.7544 ], [ 4356848.731899999082088, 2638051.491499999538064 ], [ 4350900.419600000604987, 2618708.686899999156594 ], [ 4352141.7566, 2614673.287900000810623 ], [ 4358062.86119999922812, 2611200.925899999216199 ], [ 4355774.378200000151992, 2602036.52280000038445 ], [ 4344243.914000000804663, 2604464.758300000801682 ], [ 4338839.143699999898672, 2612736.260199999436736 ], [ 4329211.350600000470877, 2609890.601600000634789 ], [ 4324897.19400000013411, 2602720.986300000920892 ], [ 4324384.819399999454618, 2595036.398700000718236 ], [ 4325829.60869999974966, 2591107.630400000140071 ], [ 4333079.085999999195337, 2588190.113199999555945 ], [ 4329704.477700000628829, 2580604.062699999660254 ], [ 4333785.239099999889731, 2571347.908700000494719 ], [ 4329934.193099999800324, 2568652.058199999853969 ], [ 4325311.760600000619888, 2569152.515799999237061 ], [ 4316191.312000000849366, 2585005.8224 ], [ 4300527.288699999451637, 2580455.57039999961853 ], [ 4298053.236099999397993, 2576251.354100000113249 ], [ 4286771.8092, 2577152.968599999323487 ], [ 4279732.578500000759959, 2586163.493100000545382 ], [ 4279216.189500000327826, 2598098.552699999883771 ], [ 4275837.064300000667572, 2596093.368100000545382 ], [ 4267455.236400000751019, 2598442.593399999663234 ], [ 4263977.119100000709295, 2592494.386099999770522 ], [ 4266407.056700000539422, 2579423.275000000372529 ], [ 4262968.419800000265241, 2569255.162100000306964 ], [ 4256006.501800000667572, 2562205.056500000879169 ], [ 4244770.884700000286102, 2547488.718499999493361 ], [ 4244078.292500000447035, 2538334.704900000244379 ], [ 4249172.323000000789762, 2531925.875099999830127 ], [ 4246365.481799999251962, 2525794.566299999132752 ], [ 4236364.997500000521541, 2524805.743599999696016 ], [ 4238117.122300000861287, 2529796.269799999892712 ], [ 4234670.5945999994874, 2538411.602 ], [ 4227559.97069999948144, 2543454.55519999936223 ], [ 4231011.863800000399351, 2551714.849500000476837 ], [ 4224333.308499999344349, 2556334.433900000527501 ], [ 4221436.717599999159575, 2554668.3277000002563 ], [ 4214019.744599999859929, 2557933.446599999442697 ], [ 4202376.499500000849366, 2571228.045800000429153 ], [ 4200401.198899999260902, 2576665.520099999383092 ], [ 4202686.2116, 2592634.190199999138713 ], [ 4196776.679199999198318, 2594561.095599999651313 ], [ 4190657.112199999392033, 2590694.053600000217557 ], [ 4189917.362199999392033, 2586277.920099999755621 ], [ 4183413.396999999880791, 2579882.80320000089705 ], [ 4174721.714700000360608, 2575488.850999999791384 ], [ 4178460.387800000607967, 2566195.7668999992311 ], [ 4178078.209899999201298, 2561566.70549999922514 ], [ 4169049.819900000467896, 2555384.0932 ], [ 4165579.539899999275804, 2545781.150399999693036 ], [ 4157856.307399999350309, 2543687.284099999815226 ], [ 4156152.849099999293685, 2537251.120799999684095 ], [ 4155107.782800000160933, 2536147.706900000572205 ], [ 4131789.321000000461936, 2543604.257200000807643 ], [ 4118759.325099999085069, 2535934.17090000025928 ], [ 4110908.2686, 2537407.782700000330806 ], [ 4102281.144899999722838, 2532387.933900000527501 ], [ 4096391.2741, 2532945.296800000593066 ], [ 4091539.959899999201298, 2538951.42119999974966 ], [ 4084379.697799999266863, 2553417.611099999397993 ], [ 4080573.340700000524521, 2554162.723400000482798 ], [ 4080478.266000000759959, 2561118.304199999198318 ], [ 4073725.98960000090301, 2565581.446100000292063 ], [ 4078299.29450000077486, 2578658.699400000274181 ], [ 4073076.393200000748038, 2587153.322200000286102 ], [ 4076472.869300000369549, 2595665.685900000855327 ], [ 4053379.67369999922812, 2599604.7956000007689 ], [ 4037371.809699999168515, 2593631.44679999910295 ], [ 4029619.315500000491738, 2585045.50929999910295 ], [ 4035316.169099999591708, 2577658.394300000742078 ], [ 4034558.354699999094009, 2575484.966299999505281 ], [ 4022742.446399999782443, 2567031.77250000089407 ], [ 4008290.64640000090003, 2566176.76490000076592 ], [ 4010738.060399999842048, 2574340.691999999806285 ], [ 4020987.165500000119209, 2579057.933900000527501 ], [ 4022416.074799999594688, 2586011.968000000342727 ], [ 4025071.755599999800324, 2591832.345300000160933 ], [ 4018233.3717, 2597241.839400000870228 ], [ 4024713.60190000012517, 2612631.9054000005126 ], [ 4024903.149800000712276, 2616620.796499999240041 ], [ 4048590.104499999433756, 2634588.202299999073148 ], [ 4050888.772900000214577, 2644010.061599999666214 ], [ 4051298.008899999782443, 2654588.5099 ], [ 4063531.2668999992311, 2659430.5801 ], [ 4082730.763499999418855, 2677464.203299999237061 ], [ 4089569.291500000283122, 2685657.378599999472499 ], [ 4090735.317600000649691, 2690703.526900000870228 ], [ 4097437.427200000733137, 2696187.2007 ], [ 4095864.41330000013113, 2699459.680600000545382 ], [ 4086726.662499999627471, 2699926.3805 ], [ 4090009.145500000566244, 2707007.718499999493361 ], [ 4093531.60080000013113, 2708914.917899999767542 ], [ 4095247.229399999603629, 2713933.809399999678135 ], [ 4104717.005300000309944, 2714128.7752 ], [ 4108799.347500000149012, 2707383.981300000101328 ], [ 4119241.2522, 2706556.755200000479817 ], [ 4120028.696399999782443, 2706651.91609999909997 ], [ 4121179.600199999287724, 2705892.704800000414252 ], [ 4123319.410000000149012, 2705527.938699999824166 ], [ 4124800.908700000494719, 2705865.442700000479817 ], [ 4126409.95380000025034, 2707030.99269999936223 ], [ 4128268.010700000450015, 2708671.52280000038445 ], [ 4133383.9583, 2713039.782400000840425 ], [ 4133414.941800000146031, 2716967.788100000470877 ], [ 4136938.906400000676513, 2719812.1414 ], [ 4139577.43720000050962, 2722539.907199999317527 ], [ 4142867.509400000795722, 2719235.800799999386072 ], [ 4148792.759099999442697, 2716636.192299999296665 ], [ 4162515.165699999779463, 2721450.286800000816584 ], [ 4164614.012499999254942, 2717880.943099999800324 ], [ 4172893.367599999532104, 2717470.440300000831485 ], [ 4186742.896999999880791, 2724019.890699999406934 ], [ 4202525.695000000298023, 2718363.044099999591708 ], [ 4209160.70240000076592, 2724922.895500000566244 ], [ 4212860.993000000715256, 2721696.200799999758601 ], [ 4215338.284, 2722327.863900000229478 ], [ 4216277.246600000187755, 2729362.844699999317527 ], [ 4208839.713400000706315, 2727303.311200000345707 ], [ 4202854.909499999135733, 2729999.818099999800324 ], [ 4202237.189500000327826, 2733097.217299999669194 ], [ 4209278.48509999923408, 2741411.857599999755621 ], [ 4213227.315199999138713, 2743281.343699999153614 ], [ 4214432.007799999788404, 2744301.408600000664592 ], [ 4217105.172399999573827, 2744025.886299999430776 ], [ 4223822.67710000090301, 2738846.402899999171495 ] ], [ [ 4220591.677200000733137, 2731159.986700000241399 ], [ 4221123.490399999544024, 2731035.91300000064075 ], [ 4224684.192800000309944, 2731626.48450000025332 ], [ 4222779.55210000090301, 2733524.5526 ], [ 4220591.677200000733137, 2731159.986700000241399 ] ] ] } },
{ "type": "Feature", "properties": { "CNTR_ID": "CY", "CNTR_NAME": "Κύπρος-Kıbrıs", "NAME_ENGL": "Cyprus", "NAME_FREN": "Chypre", "ISO3_CODE": "CYP", "SVRG_UN": "UN Member State", "CAPT": "Nicosia", "EU_STAT": "T", "EFTA_STAT": "F", "CC_STAT": "F", "NAME_GERM": "Zypern" }, "geometry": { "type": "Polygon", "coordinates": [ [ [ 6340989.912699999287724, 1629007.761700000613928 ], [ 6355708.805400000885129, 1635325.1349 ], [ 6371209.980000000447035, 1649939.6919 ], [ 6387495.982699999585748, 1658112.567600000649691 ], [ 6398744.670700000599027, 1680771.808000000193715 ], [ 6450781.332800000905991, 1697666.171499999240041 ], [ 6477665.7632, 1715998.862500000745058 ], [ 6498124.818299999460578, 1735186.975400000810623 ], [ 6503482.6706000007689, 1735883.839800000190735 ], [ 6485903.416400000452995, 1697237.744799999520183 ], [ 6492409.382400000467896, 1667694.085200000554323 ], [ 6474183.223300000652671, 1656107.981300000101328 ], [ 6459154.988800000399351, 1634574.946599999442697 ], [ 6418495.2972999997437, 1600883.507799999788404 ], [ 6388606.446699999272823, 1596704.5285 ], [ 6366697.361300000920892, 1601987.44649999961257 ], [ 6352711.568299999460578, 1612094.747899999842048 ], [ 6340989.912699999287724, 1629007.761700000613928 ] ] ] } },
{ "type": "Feature", "properties": { "CNTR_ID": "CZ", "CNTR_NAME": "Česká Republika", "NAME_ENGL": "Czechia", "NAME_FREN": "Tchéquie", "ISO3_CODE": "CZE", "SVRG_UN": "UN Member State", "CAPT": "Prague", "EU_STAT": "T", "EFTA_STAT": "F", "CC_STAT": "F", "NAME_GERM": "Tschechien" }, "geometry": { "type": "Polygon", "coordinates": [ [ [ 4623550.10359999909997, 3113763.447100000455976 ], [ 4630531.408900000154972, 3110893.426999999210238 ], [ 4635755.0581, 3113254.645999999716878 ], [ 4643042.476500000804663, 3107342.8037 ], [ 4642467.944599999114871, 3100260.841299999505281 ], [ 4646919.88260000012815, 3100378.784600000828505 ], [ 4645979.143799999728799, 3093185.0197 ], [ 4656848.4605, 3090083.8728 ], [ 4660255.7804000005126, 3095529.128799999132752 ], [ 4671905.127399999648333, 3096577.286399999633431 ], [ 4672619.3947, 3106121.604000000283122 ], [ 4670498.414000000804663, 3109953.325400000438094 ], [ 4672378.557700000703335, 3112474.682 ], [ 4683158.138900000602007, 3112571.316299999132752 ], [ 4691113.208000000566244, 3108404.52559999935329 ], [ 4692200.4375, 3101245.335899999365211 ], [ 4700298.545, 3088626.0779 ], [ 4705214.01380000077188, 3091019.935100000351667 ], [ 4710986.8618, 3088955.848899999633431 ], [ 4730547.283500000834465, 3086938.354599999263883 ], [ 4735377.154899999499321, 3079518.204900000244379 ], [ 4743203.80350000038743, 3080641.79700000025332 ], [ 4746714.557499999180436, 3073015.184000000357628 ], [ 4752267.586799999698997, 3079151.394799999892712 ], [ 4758409.334300000220537, 3076380.911599999293685 ], [ 4761963.615499999374151, 3080291.479100000113249 ], [ 4768601.825799999758601, 3079373.905799999833107 ], [ 4775412.768899999558926, 3074019.41469999961555 ], [ 4773047.384199999272823, 3065098.134700000286102 ], [ 4761804.869400000199676, 3053746.612800000235438 ], [ 4779522.458000000566244, 3042049.152200000360608 ], [ 4787663.635800000280142, 3032960.898700000718236 ], [ 4790698.880400000140071, 3024479.438799999654293 ], [ 4799999.259199999272823, 3020846.45240000076592 ], [ 4810262.344200000166893, 3032463.493200000375509 ], [ 4820802.241599999368191, 3037210.827299999073148 ], [ 4819392.2369, 3043725.805600000545382 ], [ 4808762.379699999466538, 3055879.350400000810623 ], [ 4810829.466499999165535, 3060614.496600000187755 ], [ 4831565.333799999207258, 3054924.053300000727177 ], [ 4849853.556199999526143, 3042644.7588 ], [ 4863226.627299999818206, 3045933.013299999758601 ], [ 4869128.146999999880791, 3051566.9221 ], [ 4871408.458000000566244, 3049722.06279999949038 ], [ 4873415.157999999821186, 3041249.439400000497699 ], [ 4864132.156700000166893, 3034499.99269999936223 ], [ 4865418.614800000563264, 3030191.70409999974072 ], [ 4872595.902799999341369, 3027395.349700000137091 ], [ 4877518.0428, 3020008.121200000867248 ], [ 4884571.641799999400973, 3015175.980799999088049 ], [ 4895560.360999999567866, 3020129.26549999974668 ], [ 4893809.311899999156594, 3024089.927899999544024 ], [ 4895030.49239999987185, 3026304.292400000616908 ], [ 4902497.18129999935627, 3019404.742000000551343 ], [ 4907902.434000000357628, 3019091.706800000742078 ], [ 4916484.873199999332428, 3012883.768300000578165 ], [ 4922474.5976, 3015189.781600000336766 ], [ 4935450.217499999329448, 3013499.737600000575185 ], [ 4936736.145999999716878, 3004191.45160000026226 ], [ 4941293.965199999511242, 2994238.481899999082088 ], [ 4954724.46309999935329, 2988800.742200000211596 ], [ 4960290.235400000587106, 2972378.404799999669194 ], [ 4953335.369300000369549, 2968878.244300000369549 ], [ 4940296.793299999088049, 2968518.461300000548363 ], [ 4933932.795499999076128, 2956922.8958 ], [ 4929608.188100000843406, 2955255.7149 ], [ 4929383.215399999171495, 2949484.471799999475479 ], [ 4924768.599999999627471, 2945551.255200000479817 ], [ 4914132.512599999085069, 2938997.548100000247359 ], [ 4909947.440700000151992, 2913530.225999999791384 ], [ 4899948.027699999511242, 2909327.80320000089705 ], [ 4897117.8081, 2899701.045399999246001 ], [ 4890648.619300000369549, 2897731.394200000911951 ], [ 4881191.027899999171495, 2889219.82880000025034 ], [ 4863380.652499999850988, 2882817.089800000190735 ], [ 4847373.706599999219179, 2887110.243699999526143 ], [ 4837923.16190000064671, 2873982.463300000876188 ], [ 4832035.227800000458956, 2857836.825999999418855 ], [ 4827870.218499999493361, 2868003.295499999076128 ], [ 4812787.320599999278784, 2869126.7237 ], [ 4809594.031199999153614, 2873667.7072 ], [ 4801327.132500000298023, 2876131.431399999186397 ], [ 4795480.083399999886751, 2875229.701199999079108 ], [ 4791451.457900000736117, 2868377.666500000283122 ], [ 4786598.80460000038147, 2866437.14809999987483 ], [ 4766760.049799999222159, 2867417.338300000876188 ], [ 4748686.140699999406934, 2878774.7182 ], [ 4742889.363199999555945, 2876362.718399999663234 ], [ 4726983.648499999195337, 2881333.184000000357628 ], [ 4713218.149000000208616, 2888301.849899999797344 ], [ 4700237.154100000858307, 2884493.187100000679493 ], [ 4695956.435900000855327, 2888843.791899999603629 ], [ 4687272.068399999290705, 2890247.607999999076128 ], [ 4685576.078299999237061, 2885247.753900000825524 ], [ 4685831.123800000175834, 2863376.700799999758601 ], [ 4674964.618599999696016, 2862594.781700000166893 ], [ 4669347.791200000792742, 2852774.427899999544024 ], [ 4666960.750700000673532, 2841107.584499999880791 ], [ 4661241.579, 2844774.40819999948144 ], [ 4656129.904100000858307, 2843211.541200000792742 ], [ 4650636.005899999290705, 2845839.332100000232458 ], [ 4640638.340299999341369, 2836685.9276 ], [ 4622968.0866, 2839505.171800000593066 ], [ 4617559.439200000837445, 2844131.965900000184774 ], [ 4618700.569900000467896, 2846881.127900000661612 ], [ 4616173.209699999541044, 2850784.140900000929832 ], [ 4603174.084699999541044, 2858273.122700000181794 ], [ 4594953.000800000503659, 2869484.8794 ], [ 4581003.217700000852346, 2879001.465800000354648 ], [ 4576761.064799999818206, 2876889.539000000804663 ], [ 4571071.9002, 2879894.651799999177456 ], [ 4565778.238399999216199, 2890820.29869999922812 ], [ 4554447.321699999272823, 2895958.004100000485778 ], [ 4552189.411699999123812, 2900592.431199999526143 ], [ 4542637.512800000607967, 2910282.711300000548363 ], [ 4535630.77309999987483, 2918272.146999999880791 ], [ 4523695.486300000920892, 2919163.542199999094009 ], [ 4511863.495699999853969, 2932678.583000000566244 ], [ 4511858.440099999308586, 2937402.828700000420213 ], [ 4508712.443, 2939910.521199999377131 ], [ 4502544.44679999910295, 2955021.232100000604987 ], [ 4494030.76490000076592, 2963467.47550000064075 ], [ 4498410.006400000303984, 2967001.3487 ], [ 4504235.769300000742078, 2980138.659499999135733 ], [ 4499882.233799999579787, 2983466.435599999502301 ], [ 4498672.823699999600649, 2988140.31389999948442 ], [ 4482881.863600000739098, 2996472.53969999961555 ], [ 4475191.655899999663234, 3014233.702299999073148 ], [ 4471258.933700000867248, 3017167.651000000536442 ], [ 4472648.738600000739098, 3020978.592800000682473 ], [ 4470617.452199999243021, 3025026.023399999365211 ], [ 4476225.298100000247359, 3024771.236500000581145 ], [ 4486503.915899999439716, 3009639.668199999257922 ], [ 4492548.399399999529123, 3026080.76630000025034 ], [ 4504645.4342, 3036024.566099999472499 ], [ 4513129.792400000616908, 3036220.282400000840425 ], [ 4521332.512700000777841, 3041795.029500000178814 ], [ 4530540.397700000554323, 3036694.337300000712276 ], [ 4534890.559900000691414, 3041364.645700000226498 ], [ 4536967.340500000864267, 3048710.3377 ], [ 4546635.042099999263883, 3048737.1162 ], [ 4551538.801999999210238, 3057764.17339999973774 ], [ 4555108.26549999974668, 3057508.477 ], [ 4560523.651699999347329, 3063650.525499999523163 ], [ 4565324.193, 3060886.757400000467896 ], [ 4568654.606100000441074, 3063911.084599999710917 ], [ 4571055.231300000101328, 3072020.090199999511242 ], [ 4578743.551100000739098, 3075177.83420000039041 ], [ 4592950.744999999180436, 3076042.244599999859929 ], [ 4601221.393799999728799, 3085247.6941 ], [ 4628647.288100000470877, 3096944.606000000610948 ], [ 4629028.194700000807643, 3100715.029400000348687 ], [ 4620500.944499999284744, 3106710.277699999511242 ], [ 4623550.10359999909997, 3113763.447100000455976 ] ] ] } },
{ "type": "Feature", "properties": { "CNTR_ID": "DE", "CNTR_NAME": "Deutschland", "NAME_ENGL": "Germany", "NAME_FREN": "Allemagne", "ISO3_CODE": "DEU", "SVRG_UN": "UN Member State", "CAPT": "Berlin", "EU_STAT": "T", "EFTA_STAT": "F", "CC_STAT": "F", "NAME_GERM": "Deutschland" }, "geometry": { "type": "MultiPolygon", "coordinates": [ [ [ [ 4355225.354000000283122, 2715902.995300000533462 ], [ 4355700.111600000411272, 2701275.582100000232458 ], [ 4346502.624199999496341, 2689007.82010000012815 ], [ 4334506.558900000527501, 2684074.959000000730157 ], [ 4337893.245799999684095, 2695400.218599999323487 ], [ 4328740.8585, 2694781.55350000038743 ], [ 4327373.989800000563264, 2703687.970300000160933 ], [ 4320964.264699999243021, 2707711.69620000012219 ], [ 4318575.475199999287724, 2714736.67200000025332 ], [ 4310037.185799999162555, 2713698.554700000211596 ], [ 4305269.4178, 2719617.029500000178814 ], [ 4298425.817299999296665, 2712789.579800000414252 ], [ 4287756.784900000318885, 2714352.171800000593066 ], [ 4283862.192299999296665, 2715248.23619999922812 ], [ 4274218.845499999821186, 2723626.08699999935925 ], [ 4259528.400699999183416, 2727259.0307 ], [ 4248229.015699999406934, 2730500.84569999948144 ], [ 4236429.24239999987185, 2727426.678400000557303 ], [ 4234927.882500000298023, 2732418.586200000718236 ], [ 4231931.934100000187755, 2734845.976399999111891 ], [ 4229390.222500000149012, 2733549.321000000461936 ], [ 4230514.917600000277162, 2729845.228000000119209 ], [ 4225458.512000000104308, 2731828.541999999433756 ], [ 4223822.67710000090301, 2738846.402899999171495 ], [ 4217105.172399999573827, 2744025.886299999430776 ], [ 4214432.007799999788404, 2744301.408600000664592 ], [ 4213227.315199999138713, 2743281.343699999153614 ], [ 4209278.48509999923408, 2741411.857599999755621 ], [ 4202237.189500000327826, 2733097.217299999669194 ], [ 4202854.909499999135733, 2729999.818099999800324 ], [ 4208839.713400000706315, 2727303.311200000345707 ], [ 4216277.246600000187755, 2729362.844699999317527 ], [ 4215338.284, 2722327.863900000229478 ], [ 4212860.993000000715256, 2721696.200799999758601 ], [ 4209160.70240000076592, 2724922.895500000566244 ], [ 4202525.695000000298023, 2718363.044099999591708 ], [ 4186742.896999999880791, 2724019.890699999406934 ], [ 4172893.367599999532104, 2717470.440300000831485 ], [ 4164614.012499999254942, 2717880.943099999800324 ], [ 4162515.165699999779463, 2721450.286800000816584 ], [ 4148792.759099999442697, 2716636.192299999296665 ], [ 4142867.509400000795722, 2719235.800799999386072 ], [ 4139577.43720000050962, 2722539.907199999317527 ], [ 4134714.177500000223517, 2732872.500399999320507 ], [ 4136889.56220000050962, 2739716.583799999207258 ], [ 4136327.68779999949038, 2745310.306700000539422 ], [ 4142655.885800000280142, 2764846.176899999380112 ], [ 4140001.825899999588728, 2772733.094100000336766 ], [ 4140555.6612, 2780969.791400000452995 ], [ 4140544.727099999785423, 2781348.395600000396371 ], [ 4148737.492200000211596, 2796455.151100000366569 ], [ 4153210.197499999776483, 2805318.074200000613928 ], [ 4159826.417099999263883, 2834588.071599999442697 ], [ 4170832.975400000810623, 2847105.026699999347329 ], [ 4180738.389399999752641, 2857045.565400000661612 ], [ 4186888.550000000745058, 2869937.120300000533462 ], [ 4191568.420700000599027, 2874149.063300000503659 ], [ 4179631.130599999800324, 2878093.99210000038147 ], [ 4168238.461100000888109, 2883501.231799999251962 ], [ 4148169.934100000187755, 2885085.808199999853969 ], [ 4140377.058800000697374, 2890679.50899999961257 ], [ 4137082.72859999909997, 2897760.309100000187755 ], [ 4129088.651499999687076, 2897694.3728 ], [ 4123539.488299999386072, 2893405.934000000357628 ], [ 4116054.937699999660254, 2893355.205399999395013 ], [ 4109552.374800000339746, 2897821.129200000315905 ], [ 4106207.257999999448657, 2894446.393799999728799 ], [ 4103902.353199999779463, 2901722.374800000339746 ], [ 4097442.811000000685453, 2905034.850700000301003 ], [ 4091517.261800000444055, 2904405.145899999886751 ], [ 4089936.676100000739098, 2898909.137000000104308 ], [ 4084219.802500000223517, 2900032.193900000303984 ], [ 4082052.610400000587106, 2902141.257799999788404 ], [ 4082335.123199999332428, 2905956.812699999660254 ], [ 4073158.277200000360608, 2918477.225199999287724 ], [ 4071243.381300000473857, 2928770.952199999243021 ], [ 4063717.504499999806285, 2934616.363299999386072 ], [ 4057753.949899999424815, 2935021.078500000759959 ], [ 4059130.779100000858307, 2944039.392799999564886 ], [ 4063507.519799999892712, 2956133.198699999600649 ], [ 4068738.447100000455976, 2962192.169199999421835 ], [ 4069793.892000000923872, 2969285.305500000715256 ], [ 4067410.854599999263883, 2973721.591299999505281 ], [ 4056902.7138, 2976872.348899999633431 ], [ 4051261.1097999997437, 2983028.5461 ], [ 4043602.433499999344349, 2998072.880699999630451 ], [ 4044953.850099999457598, 3009232.574899999424815 ], [ 4049707.577299999073148, 3021399.863800000399351 ], [ 4058430.942900000140071, 3028814.730200000107288 ], [ 4065087.343800000846386, 3029745.699100000783801 ], [ 4061824.42119999974966, 3036133.300200000405312 ], [ 4063001.923000000417233, 3043552.405300000682473 ], [ 4059686.35249999910593, 3049366.072300000116229 ], [ 4051084.078400000929832, 3052481.465099999681115 ], [ 4051137.889000000432134, 3057496.283900000154972 ], [ 4056136.177899999544024, 3063561.440899999812245 ], [ 4040360.184499999508262, 3079039.374800000339746 ], [ 4040877.041200000792742, 3087703.108999999240041 ], [ 4045248.015100000426173, 3092238.294099999591708 ], [ 4045944.830900000408292, 3096437.128599999472499 ], [ 4042009.2741, 3099168.052799999713898 ], [ 4041285.128499999642372, 3103839.554700000211596 ], [ 4034781.605100000277162, 3104893.255599999800324 ], [ 4031950.097300000488758, 3110459.769300000742078 ], [ 4033624.151499999687076, 3113379.69649999961257 ], [ 4037947.76039999909699, 3111958.057299999520183 ], [ 4053685.333100000396371, 3126266.043299999088049 ], [ 4047516.842499999329448, 3126135.482200000435114 ], [ 4046900.033900000154972, 3133097.685799999162555 ], [ 4058181.029999999329448, 3146140.642100000753999 ], [ 4057775.503900000825524, 3162967.372300000861287 ], [ 4051277.885099999606609, 3172959.840900000184774 ], [ 4051529.873999999836087, 3178805.421 ], [ 4041680.665100000798702, 3189693.845300000160933 ], [ 4043569.9543999992311, 3192177.072799999266863 ], [ 4043020.824100000783801, 3198548.775299999862909 ], [ 4049770.564500000327826, 3201655.958699999377131 ], [ 4056009.33420000039041, 3199832.469100000336766 ], [ 4055715.77419999986887, 3204965.175899999216199 ], [ 4057369.165699999779463, 3205892.882799999788404 ], [ 4073465.755000000819564, 3196970.073300000280142 ], [ 4074374.4013, 3200364.558299999684095 ], [ 4098857.8915, 3206197.032400000840425 ], [ 4102630.949899999424815, 3213697.423000000417233 ], [ 4094390.844399999827147, 3220776.51410000026226 ], [ 4099187.335100000724196, 3228125.119599999859929 ], [ 4105548.719000000506639, 3228524.642699999734759 ], [ 4115486.417700000107288, 3238971.504200000315905 ], [ 4120624.0877, 3240894.583000000566244 ], [ 4118769.287499999627471, 3246199.071000000461936 ], [ 4120972.496400000527501, 3256025.36849999986589 ], [ 4116314.864700000733137, 3264334.689999999478459 ], [ 4096760.401799999177456, 3269200.299699999392033 ], [ 4096939.249800000339746, 3275665.517200000584126 ], [ 4099378.997400000691414, 3278839.105399999767542 ], [ 4098288.126000000163913, 3284893.305299999192357 ], [ 4104871.660599999129772, 3287284.50899999961257 ], [ 4118393.658399999141693, 3285247.0746 ], [ 4121649.0789, 3287138.824500000104308 ], [ 4125134.639499999582767, 3307187.4276 ], [ 4133068.797399999573827, 3323282.011199999600649 ], [ 4133736.158299999311566, 3337487.738600000739098 ], [ 4134707.557299999520183, 3351905.133899999782443 ], [ 4137875.739700000733137, 3358787.474300000816584 ], [ 4141257.795700000599027, 3360631.0877 ], [ 4123830.507400000467896, 3362895.135900000110269 ], [ 4121277.040699999779463, 3365453.785599999129772 ], [ 4125179.017899999395013, 3382959.633899999782443 ], [ 4129945.2971, 3384638.442099999636412 ], [ 4129011.796800000593066, 3389173.549599999561906 ], [ 4130746.5373, 3391465.668299999088049 ], [ 4133522.040300000458956, 3395138.601600000634789 ], [ 4145352.386700000613928, 3400562.231100000441074 ], [ 4159115.47859999909997, 3399130.227399999275804 ], [ 4161696.250399999320507, 3399670.662699999287724 ], [ 4162876.938999999314547, 3400298.033700000494719 ], [ 4168363.060900000855327, 3401689.666200000792742 ], [ 4176382.664000000804663, 3402209.942500000819564 ], [ 4188553.031099999323487, 3402267.007400000467896 ], [ 4194751.951999999582767, 3393946.6711 ], [ 4197849.499500000849366, 3389273.6656 ], [ 4198050.760600000619888, 3381177.255200000479817 ], [ 4192438.892699999734759, 3379263.519300000742078 ], [ 4194035.409399999305606, 3373745.659600000828505 ], [ 4201005.031600000336766, 3368299.997500000521541 ], [ 4204849.2467, 3368499.430500000715256 ], [ 4207842.860600000247359, 3372411.761299999430776 ], [ 4208064.64750000089407, 3378947.49349999986589 ], [ 4204886.793999999761581, 3383442.767899999395013 ], [ 4208674.010199999436736, 3389506.713899999856949 ], [ 4224990.277300000190735, 3379673.352700000628829 ], [ 4225839.769099999219179, 3383398.270199999213219 ], [ 4223213.890000000596046, 3388100.751700000837445 ], [ 4223056.663499999791384, 3389733.531899999827147 ], [ 4221259.059100000187755, 3400300.396999999880791 ], [ 4225989.65819999948144, 3414138.459100000560284 ], [ 4230183.648299999535084, 3419988.146999999880791 ], [ 4233929.907299999147654, 3420781.663599999621511 ], [ 4242379.822699999436736, 3414696.3344 ], [ 4257112.3279, 3413572.925200000405312 ], [ 4261529.874800000339746, 3417432.60950000025332 ], [ 4273227.678899999707937, 3416551.00899999961257 ], [ 4291594.773299999535084, 3388688.561599999666214 ], [ 4293478.963700000196695, 3387772.601299999281764 ], [ 4305888.879300000146031, 3381767.038499999791384 ], [ 4303397.64640000090003, 3384204.797499999403954 ], [ 4296592.8388, 3387755.759400000795722 ], [ 4293396.265900000929832, 3389429.003599999472499 ], [ 4289148.018400000408292, 3400820.39809999987483 ], [ 4283092.444599999114871, 3405296.517200000584126 ], [ 4277995.316700000315905, 3415863.283299999311566 ], [ 4268289.659299999475479, 3420544.22719999961555 ], [ 4253850.528000000864267, 3421409.8366 ], [ 4249327.5362, 3425945.631899999454618 ], [ 4244948.746099999174476, 3435917.312400000169873 ], [ 4253821.504200000315905, 3440154.599700000137091 ], [ 4251053.864199999719858, 3446560.7039 ], [ 4246514.989299999549985, 3447336.3925 ], [ 4244142.181800000369549, 3451095.82120000012219 ], [ 4245716.402000000700355, 3462707.592199999839067 ], [ 4234169.170199999585748, 3465449.258199999108911 ], [ 4230559.059800000861287, 3469928.071699999272823 ], [ 4234991.895999999716878, 3472764.161800000816584 ], [ 4234892.815899999812245, 3477322.151699999347329 ], [ 4248263.417300000786781, 3478736.620799999684095 ], [ 4255975.481699999421835, 3485350.622300000861287 ], [ 4254867.660499999299645, 3490235.580199999734759 ], [ 4249052.320800000801682, 3484919.365000000223517 ], [ 4244444.081000000238419, 3485970.488800000399351 ], [ 4248261.004100000485778, 3496939.975199999287724 ], [ 4248202.884099999442697, 3500794.561000000685453 ], [ 4240993.176699999719858, 3509397.248700000345707 ], [ 4232208.623999999836087, 3526298.18610000051558 ], [ 4231568.043299999088049, 3530941.733300000429153 ], [ 4233493.099899999797344, 3534825.51410000026226 ], [ 4264045.794199999421835, 3530123.450500000268221 ], [ 4270928.727600000798702, 3527690.409800000488758 ], [ 4274692.520500000566244, 3522664.640000000596046 ], [ 4283725.2675, 3525288.956800000742078 ], [ 4283896.184900000691414, 3524315.704299999400973 ], [ 4288333.1469, 3524216.975099999457598 ], [ 4293803.377399999648333, 3528351.201500000432134 ], [ 4311619.924200000241399, 3516853.864900000393391 ], [ 4316803.676699999719858, 3520119.242599999532104 ], [ 4323013.3333, 3503397.4243 ], [ 4317537.357200000435114, 3486643.035299999639392 ], [ 4328402.995300000533462, 3485470.413499999791384 ], [ 4331938.622700000181794, 3480738.197000000625849 ], [ 4332328.83559999987483, 3471046.404100000858307 ], [ 4336097.261399999260902, 3478218.92090000025928 ], [ 4343201.107799999415874, 3480900.884700000286102 ], [ 4367472.430700000375509, 3466735.855200000107288 ], [ 4381472.953099999576807, 3474618.106300000101328 ], [ 4390530.573100000619888, 3476211.907999999821186 ], [ 4391177.3926, 3480456.440199999138713 ], [ 4387336.408399999141693, 3484992.96309999935329 ], [ 4390795.356899999082088, 3491393.95130000077188 ], [ 4399434.975600000470877, 3489197.8947 ], [ 4404580.402799999341369, 3481081.834300000220537 ], [ 4395406.22719999961555, 3476941.353800000622869 ], [ 4392254.594900000840425, 3472352.965900000184774 ], [ 4390368.975199999287724, 3454362.837600000202656 ], [ 4372603.85840000025928, 3440788.459300000220537 ], [ 4371881.841700000688434, 3436267.83420000039041 ], [ 4376161.425599999725819, 3431975.211100000888109 ], [ 4380328.665999999269843, 3428122.152799999341369 ], [ 4389543.332800000905991, 3433593.735600000247359 ], [ 4397716.535900000482798, 3434479.0899 ], [ 4404148.002299999818206, 3426472.706900000572205 ], [ 4408567.630999999120831, 3427866.3081 ], [ 4415788.960699999704957, 3423978.120899999514222 ], [ 4417859.906400000676513, 3428643.876299999654293 ], [ 4412738.0461, 3430168.120100000873208 ], [ 4412031.999299999326468, 3433048.426899999380112 ], [ 4423356.61849999986589, 3436786.95299999974668 ], [ 4430639.963300000876188, 3450244.50730000063777 ], [ 4451511.612500000745058, 3453830.837999999523163 ], [ 4459504.57740000076592, 3452989.165300000458956 ], [ 4464494.041600000113249, 3461967.9463 ], [ 4469893.067500000819564, 3465507.316099999472499 ], [ 4478351.05629999935627, 3466282.613700000569224 ], [ 4482103.198899999260902, 3470464.876299999654293 ], [ 4483575.307600000873208, 3474969.929500000551343 ], [ 4481363.063699999824166, 3480821.766000000759959 ], [ 4485812.516200000420213, 3487374.372300000861287 ], [ 4514136.151799999177456, 3483793.226800000295043 ], [ 4524361.588600000366569, 3474384.540999999269843 ], [ 4527810.320000000298023, 3480853.477 ], [ 4525848.831800000742078, 3491908.770199999213219 ], [ 4530847.9682, 3489443.027699999511242 ], [ 4530396.920700000599027, 3496209.901000000536442 ], [ 4535038.786100000143051, 3511092.544800000265241 ], [ 4538753.835899999365211, 3510612.0625 ], [ 4539534.7379, 3499158.51799999922514 ], [ 4546383.997700000181794, 3490776.02170000039041 ], [ 4548361.576999999582767, 3492342.5208 ], [ 4547935.5998, 3500002.537000000476837 ], [ 4556246.942500000819564, 3499629.5945999994874 ], [ 4555119.382400000467896, 3488790.068800000473857 ], [ 4561860.9543999992311, 3479124.939099999144673 ], [ 4562289.60190000012517, 3474357.4583 ], [ 4548225.285800000652671, 3473977.789200000464916 ], [ 4538111.500499999150634, 3463013.766699999570847 ], [ 4537621.659600000828505, 3459061.606499999761581 ], [ 4548058.035000000149012, 3449454.7434 ], [ 4560733.923100000247359, 3456419.911000000312924 ], [ 4569886.034199999645352, 3457100.075999999418855 ], [ 4577034.4199, 3446845.291799999773502 ], [ 4576221.107599999755621, 3442541.909399999305606 ], [ 4570463.330700000748038, 3440219.150699999183416 ], [ 4577562.762199999764562, 3428395.40059999935329 ], [ 4578414.707499999552965, 3436631.441800000146031 ], [ 4584877.5384, 3436667.770600000396371 ], [ 4585270.875900000333786, 3443073.4112 ], [ 4598483.273700000718236, 3432717.975199999287724 ], [ 4598024.356799999251962, 3425758.643899999558926 ], [ 4587071.4145, 3424842.376800000667572 ], [ 4582247.21059999987483, 3419626.158299999311566 ], [ 4602731.440500000491738, 3407267.2027000002563 ], [ 4602741.692800000309944, 3407236.744300000369549 ], [ 4606028.120699999853969, 3396165.10950000025332 ], [ 4614776.19539999961853, 3366892.33390000090003 ], [ 4617235.860999999567866, 3358661.839400000870228 ], [ 4613549.120799999684095, 3350427.682900000363588 ], [ 4612015.377800000831485, 3336022.525900000706315 ], [ 4599281.977099999785423, 3324914.306399999186397 ], [ 4600578.170499999076128, 3317654.9342 ], [ 4600083.088899999856949, 3310511.925799999386072 ], [ 4614369.950999999418855, 3302223.8289 ], [ 4620842.034099999815226, 3294804.271299999207258 ], [ 4629911.42090000025928, 3289187.688999999314547 ], [ 4634404.694599999114871, 3284037.793199999257922 ], [ 4634756.585799999535084, 3274234.475199999287724 ], [ 4629435.825200000777841, 3263563.680299999192357 ], [ 4630207.82120000012219, 3261642.760299999266863 ], [ 4634821.926699999719858, 3250189.340500000864267 ], [ 4641905.964999999850988, 3247389.467700000852346 ], [ 4641588.7653, 3234340.8904 ], [ 4646793.998299999162555, 3228432.927999999374151 ], [ 4644664.842599999159575, 3220609.5822 ], [ 4644160.890000000596046, 3211195.142400000244379 ], [ 4637858.000800000503659, 3201145.6404 ], [ 4649275.21169999986887, 3183695.969100000336766 ], [ 4650220.520300000905991, 3177602.8432 ], [ 4648590.5456000007689, 3174085.800300000235438 ], [ 4649599.488199999555945, 3168599.135199999436736 ], [ 4664787.287900000810623, 3161932.217499999329448 ], [ 4667129.4057, 3151023.328299999237061 ], [ 4671455.093800000846386, 3142084.816299999132752 ], [ 4670483.538599999621511, 3125154.834699999541044 ], [ 4665081.863199999555945, 3104877.095899999141693 ], [ 4660255.7804000005126, 3095529.128799999132752 ], [ 4656848.4605, 3090083.8728 ], [ 4645979.143799999728799, 3093185.0197 ], [ 4646919.88260000012815, 3100378.784600000828505 ], [ 4642467.944599999114871, 3100260.841299999505281 ], [ 4643042.476500000804663, 3107342.8037 ], [ 4635755.0581, 3113254.645999999716878 ], [ 4630531.408900000154972, 3110893.426999999210238 ], [ 4623550.10359999909997, 3113763.447100000455976 ], [ 4620500.944499999284744, 3106710.277699999511242 ], [ 4629028.194700000807643, 3100715.029400000348687 ], [ 4628647.288100000470877, 3096944.606000000610948 ], [ 4601221.393799999728799, 3085247.6941 ], [ 4592950.744999999180436, 3076042.244599999859929 ], [ 4578743.551100000739098, 3075177.83420000039041 ], [ 4571055.231300000101328, 3072020.090199999511242 ], [ 4568654.606100000441074, 3063911.084599999710917 ], [ 4565324.193, 3060886.757400000467896 ], [ 4560523.651699999347329, 3063650.525499999523163 ], [ 4555108.26549999974668, 3057508.477 ], [ 4551538.801999999210238, 3057764.17339999973774 ], [ 4546635.042099999263883, 3048737.1162 ], [ 4536967.340500000864267, 3048710.3377 ], [ 4534890.559900000691414, 3041364.645700000226498 ], [ 4530540.397700000554323, 3036694.337300000712276 ], [ 4521332.512700000777841, 3041795.029500000178814 ], [ 4513129.792400000616908, 3036220.282400000840425 ], [ 4504645.4342, 3036024.566099999472499 ], [ 4492548.399399999529123, 3026080.76630000025034 ], [ 4486503.915899999439716, 3009639.668199999257922 ], [ 4476225.298100000247359, 3024771.236500000581145 ], [ 4470617.452199999243021, 3025026.023399999365211 ], [ 4472648.738600000739098, 3020978.592800000682473 ], [ 4471258.933700000867248, 3017167.651000000536442 ], [ 4475191.655899999663234, 3014233.702299999073148 ], [ 4482881.863600000739098, 2996472.53969999961555 ], [ 4498672.823699999600649, 2988140.31389999948442 ], [ 4499882.233799999579787, 2983466.435599999502301 ], [ 4504235.769300000742078, 2980138.659499999135733 ], [ 4498410.006400000303984, 2967001.3487 ], [ 4494030.76490000076592, 2963467.47550000064075 ], [ 4502544.44679999910295, 2955021.232100000604987 ], [ 4508712.443, 2939910.521199999377131 ], [ 4511858.440099999308586, 2937402.828700000420213 ], [ 4511863.495699999853969, 2932678.583000000566244 ], [ 4523695.486300000920892, 2919163.542199999094009 ], [ 4535630.77309999987483, 2918272.146999999880791 ], [ 4542637.512800000607967, 2910282.711300000548363 ], [ 4552189.411699999123812, 2900592.431199999526143 ], [ 4554447.321699999272823, 2895958.004100000485778 ], [ 4565778.238399999216199, 2890820.29869999922812 ], [ 4571071.9002, 2879894.651799999177456 ], [ 4576761.064799999818206, 2876889.539000000804663 ], [ 4581003.217700000852346, 2879001.465800000354648 ], [ 4594953.000800000503659, 2869484.8794 ], [ 4603174.084699999541044, 2858273.122700000181794 ], [ 4600312.757799999788404, 2851666.634500000625849 ], [ 4602498.6426, 2839929.48340000025928 ], [ 4596341.52930000051856, 2829133.771999999880791 ], [ 4580172.908299999311566, 2837015.243100000545382 ], [ 4574853.379899999126792, 2832082.248500000685453 ], [ 4575918.498299999162555, 2827375.432399999350309 ], [ 4573034.10700000077486, 2812270.626900000497699 ], [ 4564156.10080000013113, 2804172.1711 ], [ 4556759.182700000703335, 2802949.191600000485778 ], [ 4547134.185200000181794, 2799190.874099999666214 ], [ 4539906.564200000837445, 2792493.457399999722838 ], [ 4534954.01659999974072, 2791303.018899999558926 ], [ 4525936.161499999463558, 2781511.576899999752641 ], [ 4534508.903599999845028, 2768916.157700000330806 ], [ 4535816.29700000025332, 2765181.823300000280142 ], [ 4543962.729699999094009, 2755789.1557 ], [ 4540933.107899999246001, 2738963.356000000610948 ], [ 4549601.08699999935925, 2737405.541899999603629 ], [ 4552514.132999999448657, 2732839.17820000089705 ], [ 4550449.076199999079108, 2716526.605699999257922 ], [ 4547182.379200000315905, 2711483.721300000324845 ], [ 4540308.990399999544024, 2713961.050100000575185 ], [ 4532696.415699999779463, 2719859.874399999156594 ], [ 4530564.882999999448657, 2727817.455399999395013 ], [ 4523482.830600000917912, 2733534.581499999389052 ], [ 4517382.339999999850988, 2732079.636900000274181 ], [ 4514603.512000000104308, 2727668.807399999350309 ], [ 4509559.95160000026226, 2727338.385299999266863 ], [ 4503763.845499999821186, 2733541.24269999936223 ], [ 4496572.333599999547005, 2734271.418800000101328 ], [ 4491070.3903, 2732721.519600000232458 ], [ 4488576.5592, 2736810.338400000706315 ], [ 4484225.621300000697374, 2733997.840600000694394 ], [ 4485949.1382, 2724499.147600000724196 ], [ 4475984.680500000715256, 2724949.817500000819564 ], [ 4458596.840900000184774, 2720801.449799999594688 ], [ 4443880.305299999192357, 2721225.52930000051856 ], [ 4438282.199799999594688, 2712439.243699999526143 ], [ 4427326.06980000063777, 2710091.676100000739098 ], [ 4426318.731799999251962, 2707305.834699999541044 ], [ 4428275.453500000759959, 2704501.094799999147654 ], [ 4421597.960200000554323, 2704292.291400000452995 ], [ 4416331.878100000321865, 2699571.23450000025332 ], [ 4412227.633400000631809, 2702590.068299999460578 ], [ 4397789.840800000354648, 2698611.855599999427795 ], [ 4395879.208100000396371, 2698559.624299999326468 ], [ 4393191.28830000013113, 2704559.332499999552965 ], [ 4387682.064500000327826, 2708318.463600000366569 ], [ 4387761.968399999663234, 2714084.867499999701977 ], [ 4380317.438200000673532, 2712094.166799999773502 ], [ 4368925.488800000399351, 2716992.280899999663234 ], [ 4362617.685499999672174, 2713914.646099999547005 ], [ 4355225.354000000283122, 2715902.995300000533462 ] ], [ [ 4354295.37639999948442, 2717468.676699999719858 ], [ 4355225.354000000283122, 2715902.995300000533462 ], [ 4356574.663899999111891, 2719372.93019999936223 ], [ 4354258.9561, 2718353.554500000551343 ], [ 4354295.37639999948442, 2717468.676699999719858 ] ] ], [ [ [ 4519696.127900000661612, 3495848.287399999797344 ], [ 4521645.168600000441074, 3501126.5888 ], [ 4524039.490499999374151, 3498512.211899999529123 ], [ 4522315.356200000271201, 3494844.863500000908971 ], [ 4519696.127900000661612, 3495848.287399999797344 ] ] ], [ [ [ 4476975.794099999591708, 3476168.45920000039041 ], [ 4478197.598400000482798, 3476286.690300000831485 ], [ 4478417.159700000658631, 3472930.422499999403954 ], [ 4475892.028200000524521, 3469322.780600000172853 ], [ 4474316.218800000846386, 3470178.03690000064671 ], [ 4476975.794099999591708, 3476168.45920000039041 ] ] ], [ [ [ 4419969.712600000202656, 3441817.106499999761581 ], [ 4422541.518100000917912, 3445130.029400000348687 ], [ 4425036.91950000077486, 3444946.698599999770522 ], [ 4422428.9989, 3439260.8399 ], [ 4419969.712600000202656, 3441817.106499999761581 ] ] ], [ [ [ 4228423.0165, 3491022.07039999961853 ], [ 4235434.333200000226498, 3494679.3293999992311 ], [ 4237147.278699999675155, 3493858.690600000321865 ], [ 4234431.535599999129772, 3487254.982300000265241 ], [ 4231103.913899999111891, 3487358.756400000303984 ], [ 4228423.0165, 3491022.07039999961853 ] ] ], [ [ [ 4217823.669600000604987, 3514344.483799999579787 ], [ 4225172.948300000280142, 3518813.926899999380112 ], [ 4231573.64159999974072, 3512510.742799999192357 ], [ 4226250.62360000051558, 3507882.027300000190735 ], [ 4217823.669600000604987, 3514344.483799999579787 ] ] ], [ [ [ 4220591.677200000733137, 2731159.986700000241399 ], [ 4222779.55210000090301, 2733524.5526 ], [ 4224684.192800000309944, 2731626.48450000025332 ], [ 4221123.490399999544024, 2731035.91300000064075 ], [ 4220591.677200000733137, 2731159.986700000241399 ] ] ], [ [ [ 4216437.765699999406934, 3548393.644500000402331 ], [ 4219487.752599999308586, 3551067.963899999856949 ], [ 4222150.531300000846386, 3548692.90430000051856 ], [ 4219900.50760000012815, 3546061.977900000289083 ], [ 4216437.765699999406934, 3548393.644500000402331 ] ] ], [ [ [ 4218947.366900000721216, 3528967.2928 ], [ 4210037.895300000905991, 3528906.841 ], [ 4214639.953099999576807, 3541887.709499999880791 ], [ 4216895.263900000602007, 3534762.403699999675155 ], [ 4220185.051699999719858, 3530429.587799999862909 ], [ 4218947.366900000721216, 3528967.2928 ] ] ], [ [ [ 4210496.087899999693036, 3508142.317900000140071 ], [ 4213971.306500000879169, 3511366.3542 ], [ 4217371.504699999466538, 3502215.997999999672174 ], [ 4215072.032700000330806, 3502113.949400000274181 ], [ 4210496.087899999693036, 3508142.317900000140071 ] ] ], [ [ [ 4208756.1108, 3518326.714700000360608 ], [ 4210511.950999999418855, 3523100.669299999251962 ], [ 4212583.242900000885129, 3521183.54839999973774 ], [ 4211741.625, 3516465.224899999797344 ], [ 4208756.1108, 3518326.714700000360608 ] ] ], [ [ [ 4166710.564099999144673, 3409439.668199999257922 ], [ 4169962.631400000303984, 3411818.723799999803305 ], [ 4172726.133300000801682, 3409375.398499999195337 ], [ 4169966.456700000911951, 3406896.348099999129772 ], [ 4166710.564099999144673, 3409439.668199999257922 ] ] ], [ [ [ 4152541.732899999246001, 3406283.149599999189377 ], [ 4155639.737199999392033, 3409332.299900000914931 ], [ 4158581.8772, 3408058.855900000780821 ], [ 4155710.16440000012517, 3404447.841499999165535 ], [ 4152541.732899999246001, 3406283.149599999189377 ] ] ], [ [ [ 4134016.9134, 3404127.856599999591708 ], [ 4137287.400800000876188, 3406626.426899999380112 ], [ 4140042.066600000485778, 3404192.574100000783801 ], [ 4137268.170299999415874, 3401705.052699999883771 ], [ 4134016.9134, 3404127.856599999591708 ] ] ], [ [ [ 4112411.0767, 3397417.672800000756979 ], [ 4115804.405099999159575, 3399661.520099999383092 ], [ 4117704.909800000488758, 3397789.697200000286102 ], [ 4115395.2971, 3394022.8574 ], [ 4112411.0767, 3397417.672800000756979 ] ] ], [ [ [ 4099591.887800000607967, 3391762.474199999123812 ], [ 4104182.210100000724196, 3395251.827299999073148 ], [ 4107537.194399999454618, 3393526.4967 ], [ 4104043.317299999296665, 3389358.3827 ], [ 4099591.887800000607967, 3391762.474199999123812 ] ] ] ] } },
{ "type": "Feature", "properties": { "CNTR_ID": "DK", "CNTR_NAME": "Danmark", "NAME_ENGL": "Denmark", "NAME_FREN": "Danemark", "ISO3_CODE": "DNK", "SVRG_UN": "UN Member State", "CAPT": "Copenhagen", "EU_STAT": "T", "EFTA_STAT": "F", "CC_STAT": "F", "NAME_GERM": "Dänemark" }, "geometry": { "type": "MultiPolygon", "coordinates": [ [ [ [ 4647601.285499999299645, 3556576.51380000077188 ], [ 4644494.567199999466538, 3554149.7017 ], [ 4626149.306700000539422, 3560027.979399999603629 ], [ 4619992.269400000572205, 3564630.754899999126792 ], [ 4620942.199899999424815, 3577955.956800000742078 ], [ 4624319.483999999240041, 3585926.317199999466538 ], [ 4647974.457699999213219, 3571317.12360000051558 ], [ 4649755.8816, 3566172.572799999266863 ], [ 4647601.285499999299645, 3556576.51380000077188 ] ] ], [ [ [ 4496914.903300000354648, 3615309.554300000891089 ], [ 4495194.0793999992311, 3614855.714500000700355 ], [ 4493123.35329999960959, 3617765.431900000199676 ], [ 4493734.8443, 3620991.571000000461936 ], [ 4495354.363700000569224, 3621760.650100000202656 ], [ 4496914.903300000354648, 3615309.554300000891089 ] ] ], [ [ [ 4483439.244999999180436, 3627074.777200000360608 ], [ 4489579.237600000575185, 3616202.677999999374151 ], [ 4489363.159299999475479, 3612801.8618 ], [ 4483043.626800000667572, 3609442.741599999368191 ], [ 4478794.3596, 3617504.815899999812245 ], [ 4477336.054300000891089, 3613940.051899999380112 ], [ 4470059.007500000298023, 3612362.231699999421835 ], [ 4461992.211500000208616, 3605074.612800000235438 ], [ 4460396.677699999883771, 3598002.582000000402331 ], [ 4461396.561799999326468, 3593605.969499999657273 ], [ 4471650.01490000076592, 3588490.698899999260902 ], [ 4475400.76410000026226, 3578438.273700000718236 ], [ 4458155.10359999909997, 3566871.958100000396371 ], [ 4457571.967299999669194, 3547457.744300000369549 ], [ 4447670.187100000679493, 3543809.186200000345707 ], [ 4438142.427799999713898, 3548970.271600000560284 ], [ 4433670.282700000330806, 3555878.537100000306964 ], [ 4434143.676200000569224, 3561363.772900000214577 ], [ 4429158.983300000429153, 3565304.183399999514222 ], [ 4405955.18889999948442, 3566643.48340000025928 ], [ 4400712.487999999895692, 3570279.646199999377131 ], [ 4392930.307299999520183, 3582539.322799999266863 ], [ 4396193.873199999332428, 3591654.817900000140071 ], [ 4393159.415300000458956, 3607918.01410000026226 ], [ 4384025.759500000625849, 3624230.6447 ], [ 4403327.55489999987185, 3628456.071699999272823 ], [ 4413853.940600000321865, 3640862.156500000506639 ], [ 4416620.3344, 3649279.240299999713898 ], [ 4428622.063500000163913, 3651395.941500000655651 ], [ 4429768.055400000885129, 3648951.347799999639392 ], [ 4426863.678400000557303, 3644263.432199999690056 ], [ 4427999.85050000064075, 3637738.680500000715256 ], [ 4426245.906199999153614, 3632676.499399999156594 ], [ 4431373.585999999195337, 3628596.8969 ], [ 4433064.223200000822544, 3618554.226700000464916 ], [ 4435636.949400000274181, 3620452.333599999547005 ], [ 4438909.816299999132752, 3627435.021800000220537 ], [ 4438668.904200000688434, 3634256.73369999974966 ], [ 4443204.385900000110269, 3639444.676899999380112 ], [ 4441125.001599999144673, 3645829.584300000220537 ], [ 4437357.17259999923408, 3651317.8256 ], [ 4437729.941400000825524, 3654365.070599999278784 ], [ 4463371.707000000402331, 3671532.229000000283122 ], [ 4483402.726399999111891, 3663096.64159999974072 ], [ 4479281.507400000467896, 3651379.60190000012517 ], [ 4479486.671299999579787, 3647017.280899999663234 ], [ 4482992.39949999935925, 3636669.597200000658631 ], [ 4483439.244999999180436, 3627074.777200000360608 ] ] ], [ [ [ 4483141.058700000867248, 3544337.746400000527501 ], [ 4481895.915200000628829, 3541527.758600000292063 ], [ 4471230.599600000306964, 3541361.462400000542402 ], [ 4459382.179999999701977, 3532696.080399999395013 ], [ 4458165.043800000101328, 3525430.519899999722838 ], [ 4449131.63429999910295, 3510601.371400000527501 ], [ 4447309.57799999974668, 3498096.033299999311566 ], [ 4443310.090299999341369, 3503986.764499999582767 ], [ 4441648.470100000500679, 3513458.777300000190735 ], [ 4436833.25760000012815, 3506608.46680000051856 ], [ 4428075.002499999478459, 3507386.887800000607967 ], [ 4414099.166600000113249, 3502728.225700000301003 ], [ 4387406.533700000494719, 3517132.228900000452995 ], [ 4384282.528000000864267, 3520961.569399999454618 ], [ 4388979.916899999603629, 3524782.189600000157952 ], [ 4387958.769500000402331, 3534824.483799999579787 ], [ 4396151.7358, 3539468.941099999472499 ], [ 4402628.896500000730157, 3538599.031700000166893 ], [ 4418993.820800000801682, 3526607.537599999457598 ], [ 4431839.952199999243021, 3532591.7456 ], [ 4435211.509999999776483, 3540026.436000000685453 ], [ 4447746.913499999791384, 3537092.744300000369549 ], [ 4453505.144200000911951, 3538898.305299999192357 ], [ 4455882.5219, 3534630.85840000025928 ], [ 4459009.481799999251962, 3541736.275800000876188 ], [ 4465982.681199999526143, 3545347.417500000447035 ], [ 4466825.500900000333786, 3551261.234200000762939 ], [ 4483141.058700000867248, 3544337.746400000527501 ] ] ], [ [ [ 4465022.849199999123812, 3553795.048800000920892 ], [ 4463270.699100000783801, 3548547.568 ], [ 4460156.936599999666214, 3550818.063400000333786 ], [ 4462171.895500000566244, 3553774.55629999935627 ], [ 4465022.849199999123812, 3553795.048800000920892 ] ] ], [ [ [ 4438129.287900000810623, 3631691.716600000858307 ], [ 4436317.6996, 3628441.706700000911951 ], [ 4432863.992499999701977, 3630830.374800000339746 ], [ 4436082.847699999809265, 3633757.91300000064075 ], [ 4438129.287900000810623, 3631691.716600000858307 ] ] ], [ [ [ 4421902.419099999591708, 3541112.423800000920892 ], [ 4419450.554199999198318, 3539111.061499999836087 ], [ 4416409.583599999547005, 3542312.417199999094009 ], [ 4419611.5537, 3544312.579 ], [ 4421902.419099999591708, 3541112.423800000920892 ] ] ], [ [ [ 4419422.292199999094009, 3736399.105900000780821 ], [ 4417375.471100000664592, 3732549.067199999466538 ], [ 4414110.8849, 3734856.847799999639392 ], [ 4417121.496099999174476, 3737840.409 ], [ 4419422.292199999094009, 3736399.105900000780821 ] ] ], [ [ [ 4415575.9496, 3540697.32039999961853 ], [ 4412988.63289999961853, 3536927.746200000867248 ], [ 4409829.920199999585748, 3538756.255999999120831 ], [ 4413013.655099999159575, 3541944.38120000064373 ], [ 4415575.9496, 3540697.32039999961853 ] ] ], [ [ [ 4397919.096400000154972, 3565811.082599999383092 ], [ 4394940.161299999803305, 3560314.3081 ], [ 4392019.152200000360608, 3562867.082299999892712 ], [ 4395229.051999999210238, 3569359.488800000399351 ], [ 4397276.763000000268221, 3569067.707000000402331 ], [ 4397919.096400000154972, 3565811.082599999383092 ] ] ], [ [ [ 4395436.658900000154972, 3640845.425699999555945 ], [ 4392925.615199999883771, 3640241.110600000247359 ], [ 4390184.318299999460578, 3644048.864299999549985 ], [ 4392686.805600000545382, 3645739.673800000920892 ], [ 4395436.658900000154972, 3640845.425699999555945 ] ] ], [ [ [ 4392777.912799999117851, 3603717.629300000146031 ], [ 4391611.947100000455976, 3600189.982200000435114 ], [ 4388050.869000000879169, 3600912.040699999779463 ], [ 4390166.255799999460578, 3605334.4057 ], [ 4392777.912799999117851, 3603717.629300000146031 ] ] ], [ [ [ 4388828.654999999329448, 3799644.506799999624491 ], [ 4382805.553400000557303, 3789694.736999999731779 ], [ 4373143.67820000089705, 3795290.924900000914931 ], [ 4381054.4543999992311, 3803186.3169 ], [ 4388828.654999999329448, 3799644.506799999624491 ] ] ], [ [ [ 4352439.290699999779463, 3796987.585799999535084 ], [ 4339907.497500000521541, 3759921.744899999350309 ], [ 4338339.9496, 3737880.629699999466538 ], [ 4332952.4682, 3731296.538499999791384 ], [ 4341869.312599999830127, 3732121.817199999466538 ], [ 4341732.934699999168515, 3721480.098899999633431 ], [ 4349264.69510000012815, 3713957.7006 ], [ 4365388.617200000211596, 3713815.816800000146031 ], [ 4371940.859999999403954, 3713774.965700000524521 ], [ 4378777.7195999994874, 3705232.501499999314547 ], [ 4377534.544199999421835, 3695787.319499999284744 ], [ 4365797.118699999526143, 3674334.242599999532104 ], [ 4358762.722400000318885, 3678391.934100000187755 ], [ 4353212.0757, 3669527.906999999657273 ], [ 4347556.8902000002563, 3675843.49129999987781 ], [ 4349951.067099999636412, 3684972.600600000470877 ], [ 4344664.556900000199676, 3685457.733300000429153 ], [ 4336089.663599999621511, 3672413.511600000783801 ], [ 4337176.642400000244379, 3652492.906199999153614 ], [ 4333308.23589999973774, 3640827.960799999535084 ], [ 4320832.2325, 3638112.746999999508262 ], [ 4323139.125199999660254, 3629172.588600000366569 ], [ 4318949.784399999305606, 3621786.367499999701977 ], [ 4309675.9507, 3619355.855799999088049 ], [ 4300369.096400000154972, 3623121.5801 ], [ 4307891.082100000232458, 3611027.808000000193715 ], [ 4300385.994300000369549, 3600875.061599999666214 ], [ 4296987.476099999621511, 3589116.204800000414252 ], [ 4300533.058299999684095, 3568632.011900000274181 ], [ 4291255.747400000691414, 3561021.381300000473857 ], [ 4288816.75650000013411, 3548603.088999999687076 ], [ 4304577.279799999669194, 3541591.034299999475479 ], [ 4305054.930400000885129, 3542032.442500000819564 ], [ 4305123.898, 3542968.4145 ], [ 4303368.583200000226498, 3548859.708399999886751 ], [ 4308763.962999999523163, 3550377.945900000631809 ], [ 4318719.325300000607967, 3543173.561000000685453 ], [ 4323063.4233, 3532428.033800000324845 ], [ 4316363.328500000759959, 3528982.97440000064671 ], [ 4307147.380999999120831, 3531779.527000000700355 ], [ 4302236.727900000289083, 3528109.517000000923872 ], [ 4294601.312999999150634, 3531423.28999999910593 ], [ 4283725.2675, 3525288.956800000742078 ], [ 4274692.520500000566244, 3522664.640000000596046 ], [ 4270928.727600000798702, 3527690.409800000488758 ], [ 4264045.794199999421835, 3530123.450500000268221 ], [ 4233493.099899999797344, 3534825.51410000026226 ], [ 4236534.516799999400973, 3562914.405899999663234 ], [ 4235414.061000000685453, 3585192.379499999806285 ], [ 4233203.421399999409914, 3590865.99970000050962 ], [ 4222545.384500000625849, 3596864.3322 ], [ 4213258.954, 3609552.012000000104308 ], [ 4211046.412599999457598, 3608061.384800000116229 ], [ 4210508.462200000882149, 3601329.529999999329448 ], [ 4201186.339299999177456, 3607956.315199999138713 ], [ 4207889.9737, 3637867.88910000026226 ], [ 4207701.317099999636412, 3645182.306199999526143 ], [ 4213042.7555, 3642366.522600000724196 ], [ 4217764.784199999645352, 3647649.171700000762939 ], [ 4211880.1418999992311, 3664229.547900000587106 ], [ 4203879.807499999180436, 3665952.827099999412894 ], [ 4205444.875800000503659, 3688098.76410000026226 ], [ 4210956.717199999839067, 3694527.9474 ], [ 4205886.976500000804663, 3712278.468599999323487 ], [ 4209905.994400000199676, 3729148.6612 ], [ 4217675.726700000464916, 3721012.775800000876188 ], [ 4235128.995300000533462, 3719227.134800000116229 ], [ 4239406.884700000286102, 3710147.026599999517202 ], [ 4242645.061000000685453, 3714180.3761 ], [ 4243591.805700000375509, 3726966.7949 ], [ 4259524.321599999442697, 3747351.2105 ], [ 4263166.581800000742078, 3746163.158299999311566 ], [ 4267482.815999999642372, 3737580.1418999992311 ], [ 4265531.052300000563264, 3723109.157299999147654 ], [ 4276248.0471, 3725744.150499999523163 ], [ 4279301.827199999243021, 3730057.395600000396371 ], [ 4272992.474500000476837, 3735791.3114 ], [ 4272810.979900000616908, 3761063.185100000351667 ], [ 4267831.765100000426173, 3767346.689799999818206 ], [ 4250159.987600000575185, 3761050.340399999171495 ], [ 4251506.92820000089705, 3753522.41440000012517 ], [ 4249342.515900000929832, 3743709.239800000563264 ], [ 4242472.23619999922812, 3734423.482899999246001 ], [ 4235984.208200000226498, 3736737.898199999704957 ], [ 4233917.371400000527501, 3744601.634800000116229 ], [ 4225836.938200000673532, 3735368.823599999770522 ], [ 4221995.329199999570847, 3734892.595599999651313 ], [ 4216314.12470000050962, 3746659.284299999475479 ], [ 4221593.3289, 3760831.917300000786781 ], [ 4234805.859999999403954, 3776689.93779999949038 ], [ 4283485.688799999654293, 3786697.511 ], [ 4296061.6535, 3797033.766100000590086 ], [ 4318890.236500000581145, 3829561.741399999707937 ], [ 4349006.07799999974668, 3841728.53319999948144 ], [ 4349240.618100000545382, 3829586.44789999909699 ], [ 4352543.569599999114871, 3813500.987800000235438 ], [ 4352439.290699999779463, 3796987.585799999535084 ] ] ], [ [ [ 4367562.133899999782443, 3516743.330299999564886 ], [ 4363555.293299999088049, 3515869.976299999281764 ], [ 4359336.324400000274181, 3522511.350700000301003 ], [ 4367703.899800000712276, 3539413.248199999332428 ], [ 4378265.464999999850988, 3548320.931800000369549 ], [ 4377470.145400000736117, 3541068.306600000709295 ], [ 4367562.133899999782443, 3516743.330299999564886 ] ] ], [ [ [ 4350901.204800000414252, 3605404.223300000652671 ], [ 4352213.416500000283122, 3594440.569900000467896 ], [ 4358712.760299999266863, 3598376.151699999347329 ], [ 4360967.235400000587106, 3609881.321900000795722 ], [ 4366296.130899999290705, 3600489.778699999675155 ], [ 4365152.933399999514222, 3592534.032199999317527 ], [ 4366666.105399999767542, 3589882.4397 ], [ 4371769.2818, 3580966.281500000506639 ], [ 4372357.316999999806285, 3567991.409499999135733 ], [ 4370115.411699999123812, 3556112.309499999508262 ], [ 4367060.360999999567866, 3551355.753399999812245 ], [ 4364452.249800000339746, 3547304.704500000923872 ], [ 4365386.16330000013113, 3540558.6261 ], [ 4357212.519099999219179, 3539310.364900000393391 ], [ 4353434.912000000476837, 3547331.697000000625849 ], [ 4329252.562999999150634, 3553642.712600000202656 ], [ 4329518.846100000664592, 3560933.451199999079108 ], [ 4314145.358300000429153, 3571270.0439 ], [ 4313596.869100000709295, 3580232.381400000303984 ], [ 4303608.6974, 3599219.811899999156594 ], [ 4307610.956000000238419, 3603603.6754 ], [ 4316807.174599999561906, 3601632.675000000745058 ], [ 4332523.17850000038743, 3611182.286599999293685 ], [ 4341560.473200000822544, 3611927.89299999922514 ], [ 4350901.204800000414252, 3605404.223300000652671 ] ] ], [ [ [ 4362158.162799999117851, 3531844.272199999541044 ], [ 4359894.046399999409914, 3530452.738199999555945 ], [ 4357586.40059999935329, 3534770.5142 ], [ 4361063.474300000816584, 3536006.235999999567866 ], [ 4362158.162799999117851, 3531844.272199999541044 ] ] ], [ [ [ 4360095.981000000610948, 3630666.682499999180436 ], [ 4356403.360400000587106, 3629710.975600000470877 ], [ 4353897.356599999591708, 3637030.512299999594688 ], [ 4358101.20240000076592, 3644307.534299999475479 ], [ 4361868.764599999412894, 3644402.762000000104308 ], [ 4360095.981000000610948, 3630666.682499999180436 ] ] ], [ [ [ 4355948.343299999833107, 3655161.201999999582767 ], [ 4357623.797499999403954, 3648070.723500000312924 ], [ 4354654.707800000905991, 3648157.648199999704957 ], [ 4353008.869999999180436, 3651440.772900000214577 ], [ 4355948.343299999833107, 3655161.201999999582767 ] ] ], [ [ [ 4343826.464400000870228, 3534873.439899999648333 ], [ 4348261.659600000828505, 3524982.832800000905991 ], [ 4344433.494999999180436, 3525438.061899999156594 ], [ 4337870.804700000211596, 3535236.679099999368191 ], [ 4343826.464400000870228, 3534873.439899999648333 ] ] ], [ [ [ 4341417.712400000542402, 3626513.3158 ], [ 4339842.292300000786781, 3625693.922700000926852 ], [ 4338534.144899999722838, 3627159.565600000321865 ], [ 4340163.3772, 3631984.124199999496341 ], [ 4341314.410299999639392, 3632079.732799999415874 ], [ 4341983.800799999386072, 3629310.496999999508262 ], [ 4341417.712400000542402, 3626513.3158 ] ] ], [ [ [ 4332762.104800000786781, 3548255.398900000378489 ], [ 4330493.793999999761581, 3545804.844000000506639 ], [ 4327488.331700000911951, 3549029.11009999923408 ], [ 4330683.504899999126792, 3551221.60950000025332 ], [ 4332762.104800000786781, 3548255.398900000378489 ] ] ], [ [ [ 4324062.440700000151992, 3558475.199200000613928 ], [ 4322446.272700000554323, 3557002.458799999207258 ], [ 4318896.104900000616908, 3558638.502800000831485 ], [ 4320899.587099999189377, 3562596.895199999213219 ], [ 4324062.440700000151992, 3558475.199200000613928 ] ] ], [ [ [ 4311039.391799999400973, 3577896.353900000452995 ], [ 4308315.79079999960959, 3575404.492799999192357 ], [ 4306324.026599999517202, 3579534.448300000280142 ], [ 4309281.622600000351667, 3581117.623400000855327 ], [ 4311039.391799999400973, 3577896.353900000452995 ] ] ], [ [ [ 4307859.694599999114871, 3572616.2993 ], [ 4305624.023800000548363, 3570359.710799999535084 ], [ 4302182.190899999812245, 3573082.7588 ], [ 4305217.375199999660254, 3575423.292400000616908 ], [ 4307859.694599999114871, 3572616.2993 ] ] ], [ [ [ 4267007.36739999987185, 3754237.072699999436736 ], [ 4265239.114800000563264, 3752112.942099999636412 ], [ 4262370.951999999582767, 3754926.543500000610948 ], [ 4265590.792600000277162, 3757967.1853 ], [ 4267007.36739999987185, 3754237.072699999436736 ] ] ], [ [ [ 4237657.811599999666214, 3727654.537000000476837 ], [ 4230824.283299999311566, 3722301.669600000604987 ], [ 4224671.474899999797344, 3727752.7358 ], [ 4232322.642699999734759, 3732932.729800000786781 ], [ 4237657.811599999666214, 3727654.537000000476837 ] ] ], [ [ [ 4232201.644600000232458, 3577107.052899999544024 ], [ 4229917.700200000777841, 3573498.886499999091029 ], [ 4226554.015900000929832, 3575548.114399999380112 ], [ 4229103.824899999424815, 3578328.189799999818206 ], [ 4232201.644600000232458, 3577107.052899999544024 ] ] ], [ [ [ 4228533.474700000137091, 3552693.312400000169873 ], [ 4224803.781999999657273, 3551948.588300000876188 ], [ 4222529.73509999923408, 3556470.5329 ], [ 4225210.750700000673532, 3567670.028100000694394 ], [ 4230628.921599999070168, 3566871.355900000780821 ], [ 4228533.474700000137091, 3552693.312400000169873 ] ] ], [ [ [ 4221029.600700000301003, 3594891.9715 ], [ 4223882.5088, 3584149.571599999442697 ], [ 4219258.552799999713898, 3585277.304700000211596 ], [ 4214343.622400000691414, 3593848.2017 ], [ 4221029.600700000301003, 3594891.9715 ] ] ], [ [ [ 4207311.443, 3699465.254499999806285 ], [ 4205207.912900000810623, 3696556.574400000274181 ], [ 4202921.4671, 3699652.193299999460578 ], [ 4205257.335999999195337, 3702876.052699999883771 ], [ 4207311.443, 3699465.254499999806285 ] ] ] ] } },
{ "type": "Feature", "properties": { "CNTR_ID": "EE", "CNTR_NAME": "Eesti", "NAME_ENGL": "Estonia", "NAME_FREN": "Estonie", "ISO3_CODE": "EST", "SVRG_UN": "UN Member State", "CAPT": "Tallinn", "EU_STAT": "T", "EFTA_STAT": "F", "CC_STAT": "F", "NAME_GERM": "Estland" }, "geometry": { "type": "MultiPolygon", "coordinates": [ [ [ [ 5200565.325799999758601, 4158335.780099999159575 ], [ 5209290.90819999948144, 4151083.166300000622869 ], [ 5210716.244599999859929, 4157268.131100000813603 ], [ 5215194.891000000759959, 4154738.704500000923872 ], [ 5219060.036499999463558, 4160017.88370000012219 ], [ 5247362.4397, 4154690.57120000012219 ], [ 5253541.7072, 4159454.576500000432134 ], [ 5261259.01490000076592, 4156899.439600000157952 ], [ 5274919.551899999380112, 4151905.730900000780821 ], [ 5297400.615299999713898, 4158570.775499999523163 ], [ 5323643.680099999532104, 4159662.581399999558926 ], [ 5329392.277000000700355, 4162752.150699999183416 ], [ 5333358.4123, 4170523.965199999511242 ], [ 5343211.189600000157952, 4164926.142899999395013 ], [ 5344904.015000000596046, 4160849.1776 ], [ 5343177.087400000542402, 4153563.6338 ], [ 5332930.670099999755621, 4144644.959300000220537 ], [ 5330590.525399999693036, 4129760.670199999585748 ], [ 5330802.928300000727177, 4113160.494899999350309 ], [ 5327003.101399999111891, 4106835.445699999108911 ], [ 5321993.605499999597669, 4098543.090199999511242 ], [ 5318938.82799999974668, 4093577.768300000578165 ], [ 5314981.615000000223517, 4087173.181700000539422 ], [ 5333824.216900000348687, 4052027.3257 ], [ 5337401.310599999502301, 4044490.031300000846386 ], [ 5336335.597799999639392, 4036645.225299999117851 ], [ 5338274.458399999886751, 4029305.951999999582767 ], [ 5349352.4682, 4016854.6502 ], [ 5351645.89780000038445, 4007793.912799999117851 ], [ 5355180.142300000414252, 4007523.103800000622869 ], [ 5356119.209300000220537, 4007352.308199999853969 ], [ 5356076.606499999761581, 4006858.630300000309944 ], [ 5356518.648, 4006836.008500000461936 ], [ 5356618.912200000137091, 4006366.887800000607967 ], [ 5356695.282199999317527, 4000857.415300000458956 ], [ 5365390.929099999368191, 3996777.9847 ], [ 5366204.604000000283122, 3992469.057299999520183 ], [ 5353423.2804000005126, 3985609.332299999892712 ], [ 5351916.66950000077486, 3980780.490900000557303 ], [ 5354387.667899999767542, 3974077.298000000417233 ], [ 5348012.145199999213219, 3967174.01659999974072 ], [ 5349563.090800000354648, 3960928.764399999752641 ], [ 5347437.253100000321865, 3955397.581299999728799 ], [ 5350177.023900000378489, 3949794.790100000798702 ], [ 5321601.076199999079108, 3955434.936200000345707 ], [ 5307104.704299999400973, 3939738.661800000816584 ], [ 5302240.568800000473857, 3938406.366699999198318 ], [ 5297152.63880000077188, 3942949.442099999636412 ], [ 5285690.626499999314547, 3943819.418199999257922 ], [ 5277382.625, 3955007.055099999532104 ], [ 5267265.499800000339746, 3959267.595000000670552 ], [ 5266492.606000000610948, 3965368.19370000064373 ], [ 5264573.935499999672174, 3967289.993300000205636 ], [ 5253917.231799999251962, 3966053.641699999570847 ], [ 5248229.782700000330806, 3970531.244000000879169 ], [ 5239474.876000000163913, 3970851.0143 ], [ 5217005.003900000825524, 3982171.446000000461936 ], [ 5217889.64049999974668, 3973776.693 ], [ 5210924.106899999082088, 3981403.747199999168515 ], [ 5203368.308299999684095, 3975554.098799999803305 ], [ 5193531.29079999960959, 3966504.570900000631809 ], [ 5177906.799100000411272, 3960292.782299999147654 ], [ 5172987.637599999085069, 3955522.439400000497699 ], [ 5172016.324899999424815, 3949985.0121 ], [ 5167185.82630000077188, 3949252.542099999263883 ], [ 5169047.6195, 3968677.308599999174476 ], [ 5166851.211200000718236, 3986239.330299999564886 ], [ 5168597.560200000181794, 3996595.972899999469519 ], [ 5167198.931900000199676, 4001243.670499999076128 ], [ 5156530.466600000858307, 4003656.717199999839067 ], [ 5151125.473899999633431, 3992540.814999999478459 ], [ 5142888.820900000631809, 3988598.723400000482798 ], [ 5122965.074300000444055, 3995124.268799999728799 ], [ 5113412.898, 4009908.951400000602007 ], [ 5103427.3969, 4019484.425799999386072 ], [ 5101864.371200000867248, 4029190.856499999761581 ], [ 5105529.9342, 4037291.89299999922514 ], [ 5097263.494699999690056, 4041226.112099999561906 ], [ 5092940.154699999839067, 4052749.628900000825524 ], [ 5095879.092700000852346, 4060079.0088 ], [ 5090231.509600000455976, 4063340.652799999341369 ], [ 5089119.613900000229478, 4066813.350700000301003 ], [ 5091581.864700000733137, 4074585.878900000825524 ], [ 5090172.805400000885129, 4085719.579800000414252 ], [ 5100681.122099999338388, 4090795.324100000783801 ], [ 5105504.217299999669194, 4096673.349899999797344 ], [ 5119074.391200000420213, 4099259.270400000736117 ], [ 5119589.759500000625849, 4102446.361999999731779 ], [ 5117027.682099999859929, 4109202.639699999243021 ], [ 5125140.373400000855327, 4109517.546 ], [ 5132216.935799999162555, 4122848.080800000578165 ], [ 5145163.291899999603629, 4123345.270400000736117 ], [ 5153903.853399999439716, 4127367.189899999648333 ], [ 5154686.42200000025332, 4136885.738600000739098 ], [ 5165106.224099999293685, 4133295.9474 ], [ 5171772.446900000795722, 4134327.523399999365211 ], [ 5175221.5373, 4138855.2182 ], [ 5188234.384800000116229, 4139027.882400000467896 ], [ 5192893.93720000050962, 4144498.2434 ], [ 5191425.738199999555945, 4152895.671 ], [ 5199676.971200000494719, 4151652.762399999424815 ], [ 5200565.325799999758601, 4158335.780099999159575 ] ] ], [ [ [ 5164796.634099999442697, 4147164.778200000524521 ], [ 5163207.326400000602007, 4145036.90430000051856 ], [ 5160303.243100000545382, 4147739.503599999472499 ], [ 5161673.421499999240041, 4150878.541300000622869 ], [ 5164796.634099999442697, 4147164.778200000524521 ] ] ], [ [ [ 5141791.678999999538064, 3975129.191600000485778 ], [ 5141188.977700000628829, 3969431.350999999791384 ], [ 5137902.88150000013411, 3970267.207499999552965 ], [ 5138800.750199999660254, 3975270.086899999529123 ], [ 5141791.678999999538064, 3975129.191600000485778 ] ] ], [ [ [ 5139895.060900000855327, 4133422.407500000670552 ], [ 5137331.79839999973774, 4132612.179500000551343 ], [ 5134004.544399999082088, 4135541.371500000357628 ], [ 5135780.642300000414252, 4139628.258899999782443 ], [ 5139895.060900000855327, 4133422.407500000670552 ] ] ], [ [ [ 5113271.07880000025034, 4104349.482599999755621 ], [ 5111335.3443, 4100929.549900000914931 ], [ 5106770.7862, 4103052.23340000025928 ], [ 5110156.7994, 4106531.238700000569224 ], [ 5113271.07880000025034, 4104349.482599999755621 ] ] ], [ [ [ 5106671.457299999892712, 3927424.531600000336766 ], [ 5103785.313100000843406, 3925998.3936 ], [ 5101540.912000000476837, 3928417.758899999782443 ], [ 5103526.098799999803305, 3931257.16579999960959 ], [ 5106671.457299999892712, 3927424.531600000336766 ] ] ], [ [ [ 5096983.602900000289083, 4011891.347100000828505 ], [ 5087921.486700000241399, 4008328.584899999201298 ], [ 5077155.193800000473857, 4013842.05489999987185 ], [ 5080391.143400000408292, 4023087.0899 ], [ 5083178.465500000864267, 4024256.571599999442697 ], [ 5091513.114299999549985, 4021921.892799999564886 ], [ 5096983.602900000289083, 4011891.347100000828505 ] ] ], [ [ [ 5087582.261600000783801, 4002285.24349999986589 ], [ 5063708.567099999636412, 3970095.233799999579787 ], [ 5043693.998700000345707, 3962253.343900000676513 ], [ 5038384.9858, 3938889.464199999347329 ], [ 5032562.157600000500679, 3930928.301999999210238 ], [ 5030363.137199999764562, 3931508.184399999678135 ], [ 5029425.039200000464916, 3934956.263699999079108 ], [ 5034519.659, 3948031.55629999935627 ], [ 5034368.452500000596046, 3953510.627800000831485 ], [ 5014005.510199999436736, 3966560.664000000804663 ], [ 5017780.971699999645352, 3976195.871099999174476 ], [ 5015307.740499999374151, 3989232.442700000479817 ], [ 5024775.215900000184774, 3988114.3629 ], [ 5036108.663200000301003, 4002893.9583 ], [ 5045330.155899999663234, 4010095.139699999243021 ], [ 5069981.727099999785423, 4013412.3925 ], [ 5087582.261600000783801, 4002285.24349999986589 ] ] ], [ [ [ 5086079.068099999800324, 4060519.06870000064373 ], [ 5082337.045, 4056082.943199999630451 ], [ 5076062.137000000104308, 4054958.470300000160933 ], [ 5070715.565400000661612, 4061232.20380000025034 ], [ 5073492.995100000873208, 4063839.1743 ], [ 5081818.001900000497699, 4064192.729699999094009 ], [ 5086079.068099999800324, 4060519.06870000064373 ] ] ], [ [ [ 5076433.804300000891089, 4016023.799200000241399 ], [ 5074261.319599999114871, 4015053.168400000780821 ], [ 5071812.581900000572205, 4016055.303099999204278 ], [ 5072249.88289999961853, 4019164.672800000756979 ], [ 5073311.734300000593066, 4020081.667300000786781 ], [ 5076433.804300000891089, 4016023.799200000241399 ] ] ], [ [ [ 5068806.566299999132752, 4045194.309800000861287 ], [ 5046122.886199999600649, 4019686.043199999257922 ], [ 5021881.3717, 4038700.98200000077486 ], [ 5044599.829900000244379, 4060740.351299999281764 ], [ 5062303.612199999392033, 4053534.121500000357628 ], [ 5068806.566299999132752, 4045194.309800000861287 ] ] ], [ [ [ 5056127.534199999645352, 3959067.786399999633431 ], [ 5054850.907600000500679, 3955998.862700000405312 ], [ 5052198.977900000289083, 3957069.080700000748038 ], [ 5053340.313500000163913, 3961967.620100000873208 ], [ 5056127.534199999645352, 3959067.786399999633431 ] ] ], [ [ [ 5014786.025100000202656, 3978314.13260000012815 ], [ 5012907.816099999472499, 3975101.002599999308586 ], [ 5009738.482200000435114, 3977036.648299999535084 ], [ 5012365.7105, 3980172.818399999290705 ], [ 5014786.025100000202656, 3978314.13260000012815 ] ] ] ] } },
{ "type": "Feature", "properties": { "CNTR_ID": "EL", "CNTR_NAME": "Ελλάδα", "NAME_ENGL": "Greece", "NAME_FREN": "Grèce", "ISO3_CODE": "GRC", "SVRG_UN": "UN Member State", "CAPT": "Athens", "EU_STAT": "T", "EFTA_STAT": "F", "CC_STAT": "F", "NAME_GERM": "Griechenland" }, "geometry": { "type": "MultiPolygon", "coordinates": [ [ [ [ 6079757.140900000929832, 1676522.313699999824166 ], [ 6075428.695000000298023, 1674534.015100000426173 ], [ 6076658.434399999678135, 1680701.605000000447035 ], [ 6079530.888499999418855, 1682005.766699999570847 ], [ 6079757.140900000929832, 1676522.313699999824166 ] ] ], [ [ [ 5938027.297800000756979, 1631681.653000000864267 ], [ 5927638.087099999189377, 1612578.587300000712276 ], [ 5920015.3103, 1615448.655500000342727 ], [ 5919362.733799999579787, 1631112.988700000569224 ], [ 5911960.202600000426173, 1638476.311699999496341 ], [ 5920593.904699999839067, 1653074.5877 ], [ 5925566.732799999415874, 1661522.7478 ], [ 5953155.747600000351667, 1681403.506699999794364 ], [ 5955037.877499999478459, 1674659.319900000467896 ], [ 5951108.894799999892712, 1660390.067700000479817 ], [ 5947038.302999999374151, 1645717.628900000825524 ], [ 5948681.866399999707937, 1637884.0307 ], [ 5938027.297800000756979, 1631681.653000000864267 ] ] ], [ [ [ 5917622.550799999386072, 1692275.7895 ], [ 5919270.9408, 1685622.928300000727177 ], [ 5907754.283600000664592, 1688613.61629999987781 ], [ 5911868.926599999889731, 1695084.646199999377131 ], [ 5917622.550799999386072, 1692275.7895 ] ] ], [ [ [ 5912939.501900000497699, 1653381.732699999585748 ], [ 5911643.644600000232458, 1648158.652100000530481 ], [ 5906977.355499999597669, 1649002.083599999547005 ], [ 5909445.455800000578165, 1653291.629000000655651 ], [ 5912939.501900000497699, 1653381.732699999585748 ] ] ], [ [ [ 5901013.750600000843406, 1647409.36600000038743 ], [ 5899376.577500000596046, 1641164.433599999174476 ], [ 5895022.148, 1641245.487099999561906 ], [ 5898428.923000000417233, 1646907.474899999797344 ], [ 5901013.750600000843406, 1647409.36600000038743 ] ] ], [ [ [ 5876587.506899999454618, 1580841.855200000107288 ], [ 5882737.956800000742078, 1548657.554500000551343 ], [ 5874614.324799999594688, 1548602.074100000783801 ], [ 5865155.488600000739098, 1566165.475700000301003 ], [ 5876587.506899999454618, 1580841.855200000107288 ] ] ], [ [ [ 5879193.039100000634789, 1663229.365000000223517 ], [ 5876108.4485, 1660509.710699999704957 ], [ 5866971.068800000473857, 1658731.820299999788404 ], [ 5869246.684699999168515, 1664200.733200000599027 ], [ 5872821.1447, 1667009.528200000524521 ], [ 5879193.039100000634789, 1663229.365000000223517 ] ] ], [ [ [ 5838390.636099999770522, 1689803.3827 ], [ 5836216.847300000488758, 1682024.846200000494719 ], [ 5833813.99970000050962, 1682284.739900000393391 ], [ 5831997.524700000882149, 1688309.954 ], [ 5845418.039599999785423, 1703118.73960000090301 ], [ 5858650.58559999987483, 1711909.320599999278784 ], [ 5864868.811899999156594, 1710404.141000000759959 ], [ 5866851.529500000178814, 1708040.679300000891089 ], [ 5846834.978000000119209, 1692373.642100000753999 ], [ 5838390.636099999770522, 1689803.3827 ] ] ], [ [ [ 5864283.489399999380112, 1545697.06110000051558 ], [ 5861395.915300000458956, 1537412.994200000539422 ], [ 5852955.584100000560284, 1536137.198599999770522 ], [ 5858018.767300000414252, 1544049.384800000116229 ], [ 5864283.489399999380112, 1545697.06110000051558 ] ] ], [ [ [ 5860684.901699999347329, 1676382.127100000157952 ], [ 5859266.880400000140071, 1671879.7939 ], [ 5851839.861099999397993, 1671482.34180000051856 ], [ 5854578.345100000500679, 1678580.054199999198318 ], [ 5860684.901699999347329, 1676382.127100000157952 ] ] ], [ [ [ 5849495.046399999409914, 1713081.196399999782443 ], [ 5846745.112400000914931, 1709900.976500000804663 ], [ 5842134.200300000607967, 1712944.373800000175834 ], [ 5846864.429199999198318, 1715321.761900000274181 ], [ 5849495.046399999409914, 1713081.196399999782443 ] ] ], [ [ [ 5838295.23450000025332, 1713914.561799999326468 ], [ 5830756.480000000447035, 1706989.417899999767542 ], [ 5824590.173599999397993, 1711391.141799999400973 ], [ 5825751.192299999296665, 1722033.407600000500679 ], [ 5838295.23450000025332, 1713914.561799999326468 ] ] ], [ [ [ 5823322.517100000753999, 1767015.019099999219179 ], [ 5819959.9002, 1763384.886700000613928 ], [ 5815890.753599999472499, 1765745.7292 ], [ 5819828.825099999085069, 1768692.810100000351667 ], [ 5823322.517100000753999, 1767015.019099999219179 ] ] ], [ [ [ 5822679.774399999529123, 1639387.455700000748038 ], [ 5819934.265599999576807, 1636309.171900000423193 ], [ 5815033.163699999451637, 1637603.713400000706315 ], [ 5819216.925699999555945, 1641398.379899999126792 ], [ 5822679.774399999529123, 1639387.455700000748038 ] ] ], [ [ [ 5800464.982699999585748, 1799083.615299999713898 ], [ 5810637.304300000891089, 1798220.062899999320507 ], [ 5816006.490299999713898, 1801689.989199999719858 ], [ 5821557.4726, 1795298.001700000837445 ], [ 5805236.495200000703335, 1782045.845200000330806 ], [ 5792979.726399999111891, 1786886.902200000360608 ], [ 5782377.50730000063777, 1782364.28830000013113 ], [ 5778758.918400000780821, 1786694.030099999159575 ], [ 5783966.953199999406934, 1793547.447499999776483 ], [ 5789357.636099999770522, 1796597.1184 ], [ 5794629.261700000613928, 1799586.154899999499321 ], [ 5800464.982699999585748, 1799083.615299999713898 ] ] ], [ [ [ 5815226.343599999323487, 1733582.732200000435114 ], [ 5821105.243599999696016, 1724532.779699999839067 ], [ 5814465.511399999260902, 1724463.021299999207258 ], [ 5807069.106699999421835, 1730782.224899999797344 ], [ 5815226.343599999323487, 1733582.732200000435114 ] ] ], [ [ [ 5808924.076899999752641, 1744935.070900000631809 ], [ 5805374.664899999275804, 1741570.223200000822544 ], [ 5800302.339099999517202, 1743240.111600000411272 ], [ 5804752.092000000178814, 1746523.280799999833107 ], [ 5808924.076899999752641, 1744935.070900000631809 ] ] ], [ [ [ 5591396.337099999189377, 1501050.972500000149012 ], [ 5594783.55519999936223, 1501444.995100000873208 ], [ 5607961.444900000467896, 1509078.809900000691414 ], [ 5609925.950300000607967, 1502171.4046 ], [ 5610630.5603, 1499694.4527000002563 ], [ 5617995.231100000441074, 1496980.782700000330806 ], [ 5627380.455700000748038, 1488246.132400000467896 ], [ 5643366.739099999889731, 1495036.461100000888109 ], [ 5660311.647399999201298, 1502286.7544 ], [ 5681341.666200000792742, 1504584.768300000578165 ], [ 5684410.394500000402331, 1505276.9858 ], [ 5689854.35050000064075, 1506508.579600000753999 ], [ 5695898.419299999251962, 1500109.746799999848008 ], [ 5721498.996099999174476, 1504761.735600000247359 ], [ 5733951.163899999111891, 1502941.8322 ], [ 5746690.596899999305606, 1510598.528799999505281 ], [ 5757191.320000000298023, 1511966.613399999216199 ], [ 5757005.057299999520183, 1492373.599700000137091 ], [ 5764797.125399999320507, 1488803.079500000923872 ], [ 5784192.662200000137091, 1505166.505200000479817 ], [ 5795926.638499999418855, 1505208.288100000470877 ], [ 5802337.401499999687076, 1513696.380899999290705 ], [ 5808068.6974, 1506623.283399999141693 ], [ 5807560.740299999713898, 1494391.277000000700355 ], [ 5801678.890799999237061, 1485102.2259 ], [ 5795117.0263, 1482351.368599999696016 ], [ 5781790.770400000736117, 1483276.767100000753999 ], [ 5745263.346200000494719, 1470711.821100000292063 ], [ 5693067.749900000169873, 1454719.073100000619888 ], [ 5676016.593000000342727, 1449591.568600000813603 ], [ 5668625.691700000315905, 1466862.691500000655651 ], [ 5666315.762700000777841, 1466618.167400000616908 ], [ 5655014.17710000090301, 1465432.934599999338388 ], [ 5647924.747300000861287, 1467587.333799999207258 ], [ 5635664.686699999496341, 1471332.5888 ], [ 5627846.179999999701977, 1468433.896199999377131 ], [ 5615531.779799999669194, 1467606.506999999284744 ], [ 5596936.253699999302626, 1466398.288499999791384 ], [ 5567005.343000000342727, 1464557.596999999135733 ], [ 5559668.132999999448657, 1468588.933700000867248 ], [ 5557364.340199999511242, 1476992.034800000488758 ], [ 5558346.818499999120831, 1494267.42119999974966 ], [ 5567671.094799999147654, 1496993.32010000012815 ], [ 5571098.668400000780821, 1509404.243100000545382 ], [ 5576783.16499999910593, 1502589.54590000025928 ], [ 5583472.419399999082088, 1500135.759099999442697 ], [ 5591396.337099999189377, 1501050.972500000149012 ] ] ], [ [ [ 5805215.05210000090301, 1750920.0406 ], [ 5803114.8581000007689, 1749034.243300000205636 ], [ 5798789.308000000193715, 1750920.724300000816584 ], [ 5800692.089800000190735, 1755207.595300000160933 ], [ 5805215.05210000090301, 1750920.0406 ] ] ], [ [ [ 5793534.21680000051856, 1660560.276200000196695 ], [ 5789436.164000000804663, 1657177.198200000450015 ], [ 5785006.120899999514222, 1664568.799799999222159 ], [ 5790559.682, 1664739.317299999296665 ], [ 5793534.21680000051856, 1660560.276200000196695 ] ] ], [ [ [ 5787303.620300000533462, 1748670.762399999424815 ], [ 5788903.5197, 1737500.698699999600649 ], [ 5785262.152799999341369, 1737527.413899999111891 ], [ 5784520.2259, 1746107.282500000670552 ], [ 5787303.620300000533462, 1748670.762399999424815 ] ] ], [ [ [ 5784350.765900000929832, 1657958.0055 ], [ 5787168.455800000578165, 1650201.9868 ], [ 5781089.390599999576807, 1649856.1458 ], [ 5775691.602700000628829, 1657232.6129 ], [ 5784350.765900000929832, 1657958.0055 ] ] ], [ [ [ 5782172.49239999987185, 1703777.445299999788404 ], [ 5779714.911800000816584, 1700900.901399999856949 ], [ 5776513.2357, 1702285.061499999836087 ], [ 5776082.124299999326468, 1704530.309499999508262 ], [ 5778119.757400000467896, 1706560.568800000473857 ], [ 5782172.49239999987185, 1703777.445299999788404 ] ] ], [ [ [ 5777401.622999999672174, 1777830.901399999856949 ], [ 5781456.158700000494719, 1771413.10249999910593 ], [ 5778458.556099999696016, 1771248.395400000736117 ], [ 5774909.976299999281764, 1774772.794199999421835 ], [ 5777401.622999999672174, 1777830.901399999856949 ] ] ], [ [ [ 5778061.839999999850988, 1768713.3991 ], [ 5774890.67119999974966, 1765456.342599999159575 ], [ 5770304.008600000292063, 1766844.853399999439716 ], [ 5774536.098600000143051, 1770470.4419 ], [ 5778061.839999999850988, 1768713.3991 ] ] ], [ [ [ 5736504.175000000745058, 1948288.6381 ], [ 5745433.747300000861287, 1941928.796800000593066 ], [ 5755097.141000000759959, 1928848.340800000354648 ], [ 5742393.257400000467896, 1918586.597500000149012 ], [ 5718230.060900000855327, 1918672.535700000822544 ], [ 5714374.021299999207258, 1921587.207299999892712 ], [ 5712259.932099999859929, 1925677.189300000667572 ], [ 5724435.0943, 1936882.450200000777841 ], [ 5721521.510199999436736, 1940325.823000000789762 ], [ 5715066.444399999454618, 1938204.9528 ], [ 5708240.454299999400973, 1925340.3257 ], [ 5698159.492499999701977, 1925462.345499999821186 ], [ 5687496.3871, 1932515.340199999511242 ], [ 5687157.56220000050962, 1938798.751900000497699 ], [ 5689871.751299999654293, 1942914.7149 ], [ 5708373.7335, 1950286.872400000691414 ], [ 5714942.387800000607967, 1959483.744799999520183 ], [ 5726070.897600000724196, 1961003.765799999237061 ], [ 5731949.152799999341369, 1957516.587300000712276 ], [ 5731283.79590000025928, 1951437.811899999156594 ], [ 5736504.175000000745058, 1948288.6381 ] ] ], [ [ [ 5751023.348400000482798, 1767748.769899999722838 ], [ 5742697.138000000268221, 1753075.412000000476837 ], [ 5726575.320299999788404, 1751341.3739 ], [ 5739925.921700000762939, 1768030.963300000876188 ], [ 5751023.348400000482798, 1767748.769899999722838 ] ] ], [ [ [ 5743886.2116, 1685566.139799999073148 ], [ 5739527.138900000602007, 1671655.477800000458956 ], [ 5729563.828500000759959, 1669694.735500000417233 ], [ 5739180.030300000682473, 1684393.103800000622869 ], [ 5743886.2116, 1685566.139799999073148 ] ] ], [ [ [ 5743288.801999999210238, 1624675.90059999935329 ], [ 5739598.684299999848008, 1621418.083699999377131 ], [ 5733242.365599999204278, 1622606.264599999412894 ], [ 5737352.12639999948442, 1627968.237199999392033 ], [ 5743288.801999999210238, 1624675.90059999935329 ] ] ], [ [ [ 5739767.685599999502301, 1538073.736700000241399 ], [ 5740048.184800000861287, 1536051.753499999642372 ], [ 5737019.447200000286102, 1535625.903300000354648 ], [ 5731789.643999999389052, 1536532.6886 ], [ 5731353.374099999666214, 1538522.552200000733137 ], [ 5733671.456700000911951, 1538801.3849 ], [ 5737790.587200000882149, 1538160.974300000816584 ], [ 5739767.685599999502301, 1538073.736700000241399 ] ] ], [ [ [ 5737108.938699999824166, 1867576.1261 ], [ 5734061.508199999108911, 1864136.55379999987781 ], [ 5729529.498999999836087, 1865682.990499999374151 ], [ 5733665.597999999299645, 1869190.799000000581145 ], [ 5737108.938699999824166, 1867576.1261 ] ] ], [ [ [ 5724194.5307, 1827241.135600000619888 ], [ 5722430.247600000351667, 1822359.234999999403954 ], [ 5712852.267899999395013, 1827423.449200000613928 ], [ 5708901.227099999785423, 1831500.198100000619888 ], [ 5716285.870200000703335, 1841185.424900000914931 ], [ 5716298.897199999541044, 1845633.911599999293685 ], [ 5699809.1402000002563, 1862406.745699999853969 ], [ 5712977.115800000727177, 1870839.280799999833107 ], [ 5726997.698000000789762, 1866950.760700000450015 ], [ 5731205.655200000852346, 1842212.12639999948442 ], [ 5729208.069199999794364, 1830918.320699999108911 ], [ 5724194.5307, 1827241.135600000619888 ] ] ], [ [ [ 5729352.427500000223517, 1707524.9134 ], [ 5728442.943, 1702712.384099999442697 ], [ 5723135.943299999460578, 1705812.096100000664592 ], [ 5727284.825300000607967, 1708794.711500000208616 ], [ 5729352.427500000223517, 1707524.9134 ] ] ], [ [ [ 5720168.112400000914931, 1679185.1733 ], [ 5716725.93889999948442, 1675422.140900000929832 ], [ 5713285.96059999987483, 1677472.531400000676513 ], [ 5716500.016799999400973, 1681165.63289999961853 ], [ 5720168.112400000914931, 1679185.1733 ] ] ], [ [ [ 5715429.827600000426173, 1683575.457100000232458 ], [ 5712386.42, 1680597.415100000798702 ], [ 5708195.471599999815226, 1682351.399000000208616 ], [ 5712169.654400000348687, 1686074.633300000801682 ], [ 5715429.827600000426173, 1683575.457100000232458 ] ] ], [ [ [ 5713019.999900000169873, 1618623.106100000441074 ], [ 5708085.520099999383092, 1614242.540100000798702 ], [ 5701766.483300000429153, 1621143.433299999684095 ], [ 5708433.721699999645352, 1625445.935499999672174 ], [ 5713019.999900000169873, 1618623.106100000441074 ] ] ], [ [ [ 5710270.105399999767542, 1514071.181099999696016 ], [ 5709334.976299999281764, 1511619.710699999704957 ], [ 5703236.500499999150634, 1513168.6404 ], [ 5706118.692700000479817, 1516985.365599999204278 ], [ 5710270.105399999767542, 1514071.181099999696016 ] ] ], [ [ [ 5707410.081700000911951, 1686292.734300000593066 ], [ 5699843.122600000351667, 1678419.213500000536442 ], [ 5691001.565500000491738, 1685164.139599999412894 ], [ 5686829.0022, 1692725.431099999696016 ], [ 5688882.343800000846386, 1698282.162100000306964 ], [ 5699346.528999999165535, 1709829.779100000858307 ], [ 5707474.3443, 1703584.963700000196695 ], [ 5707410.081700000911951, 1686292.734300000593066 ] ] ], [ [ [ 5706232.816500000655651, 1629130.3739 ], [ 5704107.676799999549985, 1626139.813699999824166 ], [ 5698660.85080000013113, 1626305.883600000292063 ], [ 5701366.931199999526143, 1630417.376499999314547 ], [ 5706232.816500000655651, 1629130.3739 ] ] ], [ [ [ 5699136.560200000181794, 2177585.653599999845028 ], [ 5687693.230799999088049, 2166915.500099999830127 ], [ 5684939.408500000834465, 2164356.527300000190735 ], [ 5684954.090099999681115, 2164121.933900000527501 ], [ 5685743.1305, 2151433.511800000444055 ], [ 5685936.270899999886751, 2148303.177500000223517 ], [ 5688141.610200000926852, 2141094.934599999338388 ], [ 5690717.037599999457598, 2132679.064200000837445 ], [ 5690792.701199999079108, 2132431.846899999305606 ], [ 5677127.724899999797344, 2107007.166899999603629 ], [ 5675170.8531, 2105788.847899999469519 ], [ 5670221.357100000604987, 2102712.067500000819564 ], [ 5667767.315199999138713, 2108888.855399999767542 ], [ 5661281.923100000247359, 2112886.229000000283122 ], [ 5634310.3366, 2110075.884400000795722 ], [ 5627458.090299999341369, 2108717.482899999246001 ], [ 5608179.598600000143051, 2113328.1195 ], [ 5595059.35050000064075, 2110943.567600000649691 ], [ 5591441.783700000494719, 2112338.3903 ], [ 5590944.580199999734759, 2115570.138000000268221 ], [ 5584209.317700000479817, 2114759.693399999290705 ], [ 5577290.280500000342727, 2107229.975199999287724 ], [ 5566630.583699999377131, 2095682.0493 ], [ 5551775.762599999085069, 2094091.5197 ], [ 5538902.823100000619888, 2101122.4901 ], [ 5530758.89299999922514, 2096669.934699999168515 ], [ 5526066.033700000494719, 2090832.559399999678135 ], [ 5524145.440199999138713, 2082365.777699999511242 ], [ 5513978.402799999341369, 2073102.315600000321865 ], [ 5512221.189400000497699, 2071505.753200000151992 ], [ 5504747.719699999317527, 2068429.073899999260902 ], [ 5497128.9265, 2070176.829299999400973 ], [ 5489625.83, 2071907.890799999237061 ], [ 5481466.675100000575185, 2068049.832800000905991 ], [ 5477625.080800000578165, 2059487.9594 ], [ 5482812.177799999713898, 2054225.380699999630451 ], [ 5496971.036000000312924, 2046351.027699999511242 ], [ 5491559.050799999386072, 2040743.942600000649691 ], [ 5495391.482899999246001, 2033005.293999999761581 ], [ 5502099.504100000485778, 2030013.600600000470877 ], [ 5503908.696699999272823, 2030447.997700000181794 ], [ 5508826.9474, 2031631.7336 ], [ 5507737.033399999141693, 2034981.2851 ], [ 5521534.537499999627471, 2029457.5548 ], [ 5530498.442900000140071, 2025276.506799999624491 ], [ 5544003.168199999257922, 2010803.337500000372529 ], [ 5538090.733899999409914, 2008259.82880000025034 ], [ 5522909.557700000703335, 2021492.643300000578165 ], [ 5509725.85050000064075, 2023365.845899999141693 ], [ 5505250.026200000196695, 2022567.233999999240041 ], [ 5500544.990900000557303, 2021731.269200000911951 ], [ 5498399.959699999541044, 2026639.615299999713898 ], [ 5487430.69620000012219, 2022500.9825 ], [ 5484651.261700000613928, 2017446.173499999567866 ], [ 5488895.94679999910295, 2010750.387800000607967 ], [ 5508802.721400000154972, 2001660.640699999406934 ], [ 5510915.550300000235438, 2000700.768799999728799 ], [ 5515040.882999999448657, 1989727.3564 ], [ 5511522.404799999669194, 1985623.222200000658631 ], [ 5509461.2804000005126, 1983222.557499999180436 ], [ 5499568.093299999833107, 1988656.770899999886751 ], [ 5491686.662000000476837, 1999593.531400000676513 ], [ 5481229.379899999126792, 2007351.00899999961257 ], [ 5462335.197799999266863, 2009618.795700000599027 ], [ 5453375.38399999961257, 2003033.546700000762939 ], [ 5425133.311799999326468, 2012115.614099999889731 ], [ 5415921.775699999183416, 2014061.237800000235438 ], [ 5407777.75789999961853, 2024231.144799999892712 ], [ 5418560.245400000363588, 2031773.816099999472499 ], [ 5413822.50899999961257, 2041643.366800000891089 ], [ 5409456.122300000861287, 2040911.688799999654293 ], [ 5399050.297499999403954, 2025836.5494 ], [ 5395085.54079999960959, 2027025.1081000007689 ], [ 5394171.944199999794364, 2022669.860400000587106 ], [ 5388873.448599999770522, 2018017.249500000849366 ], [ 5395399.209699999541044, 2007772.638000000268221 ], [ 5392105.92339999973774, 1989206.662599999457598 ], [ 5390896.797900000587106, 1982442.878399999812245 ], [ 5394508.113900000229478, 1973483.919299999251962 ], [ 5395585.215500000864267, 1970814.2445 ], [ 5402736.908399999141693, 1966199.671499999240041 ], [ 5406448.094900000840425, 1964069.1469 ], [ 5410952.611600000411272, 1955998.903799999505281 ], [ 5421603.987199999392033, 1949065.615299999713898 ], [ 5428222.313400000333786, 1933509.494699999690056 ], [ 5430523.071000000461936, 1929120.948000000789762 ], [ 5447233.286599999293685, 1920172.963600000366569 ], [ 5465402.535599999129772, 1902848.283900000154972 ], [ 5473910.107599999755621, 1890847.883400000631809 ], [ 5471785.168299999088049, 1885394.979299999773502 ], [ 5463335.9233, 1879090.002299999818206 ], [ 5452754.512900000438094, 1876033.129300000146031 ], [ 5452546.709799999371171, 1881192.406400000676513 ], [ 5456682.661100000143051, 1879231.20920000039041 ], [ 5462562.032999999821186, 1885650.895300000905991 ], [ 5459345.784199999645352, 1893346.954800000414252 ], [ 5453028.582100000232458, 1899070.013699999079108 ], [ 5437887.067299999296665, 1901440.101500000804663 ], [ 5436614.500700000673532, 1896030.729900000616908 ], [ 5428799.569900000467896, 1891686.935799999162555 ], [ 5429149.784, 1885958.747300000861287 ], [ 5432833.709599999710917, 1880724.888499999418855 ], [ 5443780.693600000813603, 1875373.573100000619888 ], [ 5447805.781199999153614, 1867928.875099999830127 ], [ 5450687.960899999365211, 1867747.36849999986589 ], [ 5449472.5307, 1865039.3542 ], [ 5447776.198799999430776, 1859309.769400000572205 ], [ 5433794.5724, 1849524.815600000321865 ], [ 5428622.641699999570847, 1847151.922700000926852 ], [ 5415787.933700000867248, 1848439.682 ], [ 5413716.561599999666214, 1846762.213999999687076 ], [ 5412194.146500000730157, 1845530.270099999383092 ], [ 5412300.686200000345707, 1841881.388900000602007 ], [ 5414629.415200000628829, 1840694.913599999621511 ], [ 5416484.472500000149012, 1839750.6129 ], [ 5423964.2884, 1842769.110999999567866 ], [ 5440070.1458, 1836701.82909999974072 ], [ 5455223.510299999266863, 1837425.854399999603629 ], [ 5463377.984200000762939, 1826272.494899999350309 ], [ 5470722.193800000473857, 1831546.654799999669194 ], [ 5480834.68779999949038, 1829294.549200000241399 ], [ 5482297.072699999436736, 1821745.988700000569224 ], [ 5486957.175899999216199, 1818195.936699999496341 ], [ 5484777.123299999162555, 1814967.028000000864267 ], [ 5503576.2171, 1818247.3026 ], [ 5509067.844399999827147, 1816359.0274 ], [ 5510518.533299999311566, 1821232.995999999344349 ], [ 5507334.4222, 1826035.175599999725819 ], [ 5499328.36879999935627, 1827905.981100000441074 ], [ 5467081.278899999335408, 1849310.888900000602007 ], [ 5457073.105900000780821, 1848635.375 ], [ 5451479.254899999126792, 1851487.819199999794364 ], [ 5446462.794199999421835, 1846123.970599999651313 ], [ 5437797.74269999936223, 1843972.057600000873208 ], [ 5437455.917999999597669, 1846932.99129999987781 ], [ 5454422.523900000378489, 1858755.83559999987483 ], [ 5458935.587999999523163, 1866600.096300000324845 ], [ 5473992.545199999585748, 1873000.608300000429153 ], [ 5485092.697000000625849, 1865023.097999999299645 ], [ 5491386.23509999923408, 1853846.824999999254942 ], [ 5504632.499900000169873, 1847693.7972 ], [ 5513612.113299999386072, 1848352.194299999624491 ], [ 5517725.825999999418855, 1844361.919399999082088 ], [ 5529722.2335, 1842002.542400000616908 ], [ 5535389.972100000828505, 1843631.329500000923872 ], [ 5543530.97580000013113, 1845980.594900000840425 ], [ 5550915.249099999666214, 1844429.373400000855327 ], [ 5552672.451099999248981, 1837283.939200000837445 ], [ 5554594.137199999764562, 1835963.849899999797344 ], [ 5561027.530500000342727, 1831551.409499999135733 ], [ 5560412.83390000090003, 1818373.936200000345707 ], [ 5570345.074500000104308, 1798793.885299999266863 ], [ 5578987.714400000870228, 1794152.397299999371171 ], [ 5592525.288499999791384, 1795289.27449999935925 ], [ 5599561.350299999117851, 1793428.851399999111891 ], [ 5599801.461799999698997, 1779175.790500000119209 ], [ 5596164.583799999207258, 1774143.588400000706315 ], [ 5589222.2281, 1778272.691999999806285 ], [ 5583081.595899999141693, 1774301.674000000581145 ], [ 5575796.49239999987185, 1783700.282299999147654 ], [ 5568792.434800000861287, 1784052.513399999588728 ], [ 5563384.961400000378489, 1797478.722699999809265 ], [ 5560432.634500000625849, 1801347.624800000339746 ], [ 5556061.438500000163913, 1802653.491100000217557 ], [ 5546200.6381, 1813976.322100000455976 ], [ 5540474.759999999776483, 1813084.291500000283122 ], [ 5516270.3432, 1809370.118000000715256 ], [ 5515614.143300000578165, 1803800.390900000929832 ], [ 5518880.301300000399351, 1803023.77449999935925 ], [ 5542633.395500000566244, 1800083.939600000157952 ], [ 5552495.289000000804663, 1793211.652699999511242 ], [ 5554102.150800000876188, 1788412.023199999704957 ], [ 5549881.447300000116229, 1779310.802899999544024 ], [ 5554432.916400000452995, 1763034.242200000211596 ], [ 5561378.959799999371171, 1749932.918999999761581 ], [ 5561982.126599999144673, 1738304.758500000461936 ], [ 5558640.367799999192357, 1734547.13399999961257 ], [ 5552897.162100000306964, 1738003.784099999815226 ], [ 5539764.461500000208616, 1745936.758300000801682 ], [ 5536051.730100000277162, 1746756.126199999824166 ], [ 5532991.902499999850988, 1751012.606300000101328 ], [ 5524356.095000000670552, 1759302.6075 ], [ 5514866.725299999117851, 1759105.20920000039041 ], [ 5507274.356200000271201, 1749753.425100000575185 ], [ 5502433.538799999281764, 1750421.587200000882149 ], [ 5502196.898299999535084, 1753047.702199999243021 ], [ 5507019.897700000554323, 1755904.821399999782443 ], [ 5505224.309699999168515, 1758440.241800000891089 ], [ 5506653.051200000569224, 1761612.025900000706315 ], [ 5514687.420199999585748, 1763315.428099999204278 ], [ 5516542.12470000050962, 1766165.1053 ], [ 5509616.183399999514222, 1767708.331199999898672 ], [ 5498227.052999999374151, 1758563.9967 ], [ 5481334.6897, 1752736.307600000873208 ], [ 5469849.6294, 1743163.870400000363588 ], [ 5482511.706399999558926, 1735243.7336 ], [ 5479887.381400000303984, 1727657.35950000025332 ], [ 5484066.020300000905991, 1726236.337600000202656 ], [ 5485557.092299999669194, 1717269.9342 ], [ 5489168.38539999909699, 1714338.857899999246001 ], [ 5501682.208799999207258, 1710157.946599999442697 ], [ 5503532.050100000575185, 1712414.755300000309944 ], [ 5500020.44620000012219, 1719317.159399999305606 ], [ 5505916.25929999910295, 1720596.32740000076592 ], [ 5506201.368300000205636, 1711642.591 ], [ 5510600.689300000667572, 1708838.446399999782443 ], [ 5516100.031099999323487, 1711286.427500000223517 ], [ 5515429.999800000339746, 1706659.63150000013411 ], [ 5519677.878499999642372, 1702284.3684 ], [ 5511953.255000000819564, 1697630.898199999704957 ], [ 5498427.537499999627471, 1693631.7511 ], [ 5491377.912200000137091, 1680843.273 ], [ 5481904.539599999785423, 1687250.57010000012815 ], [ 5483524.76039999909699, 1696511.183199999853969 ], [ 5474222.103900000452995, 1697639.610400000587106 ], [ 5468732.084000000730157, 1702293.447499999776483 ], [ 5459396.781999999657273, 1700837.565999999642372 ], [ 5452503.751299999654293, 1706424.936499999836087 ], [ 5449084.669299999251962, 1704981.04590000025928 ], [ 5454396.626800000667572, 1685551.218100000172853 ], [ 5468766.706199999898672, 1667883.596100000664592 ], [ 5470896.370500000193715, 1658704.720300000160933 ], [ 5475924.082699999213219, 1657074.346300000324845 ], [ 5479061.1678, 1651172.290400000289083 ], [ 5491249.56220000050962, 1625753.073300000280142 ], [ 5491015.002000000327826, 1608926.7862 ], [ 5500603.743699999526143, 1598297.807800000533462 ], [ 5504052.566400000825524, 1588837.748500000685453 ], [ 5499914.726800000295043, 1587996.178400000557303 ], [ 5492450.041999999433756, 1592628.640900000929832 ], [ 5486007.4956, 1591248.864900000393391 ], [ 5465029.722899999469519, 1618556.972200000658631 ], [ 5454495.93019999936223, 1619071.893500000238419 ], [ 5448124.295, 1615113.346799999475479 ], [ 5444602.448300000280142, 1604640.941199999302626 ], [ 5442591.3902000002563, 1593658.879300000146031 ], [ 5445605.203700000420213, 1580527.292700000107288 ], [ 5444019.135900000110269, 1575139.939400000497699 ], [ 5433461.605000000447035, 1582371.421599999070168 ], [ 5430260.664300000295043, 1601065.534199999645352 ], [ 5418539.434800000861287, 1618792.9704 ], [ 5407409.736500000581145, 1624736.750800000503659 ], [ 5404078.285199999809265, 1634810.635700000450015 ], [ 5397940.029100000858307, 1634798.82010000012815 ], [ 5388727.059299999848008, 1628138.202500000596046 ], [ 5391334.041799999773502, 1608117.607100000604987 ], [ 5387480.34180000051856, 1601938.441299999132752 ], [ 5378007.531199999153614, 1606884.639599999412894 ], [ 5369160.245799999684095, 1601936.879499999806285 ], [ 5367275.111500000581145, 1619882.896500000730157 ], [ 5355916.604499999433756, 1631995.095499999821186 ], [ 5353322.374600000679493, 1639802.2522 ], [ 5354195.318199999630451, 1647987.6570999994874 ], [ 5360345.852800000458956, 1658878.694399999454618 ], [ 5359181.260299999266863, 1668489.784900000318885 ], [ 5344503.786800000816584, 1686225.194299999624491 ], [ 5322830.751000000163913, 1695685.124500000849366 ], [ 5318933.920299999415874, 1705956.123199999332428 ], [ 5313371.841499999165535, 1708457.497600000351667 ], [ 5302555.436799999326468, 1713339.578600000590086 ], [ 5302523.540400000289083, 1721061.000700000673532 ], [ 5312872.636299999430776, 1728127.479900000616908 ], [ 5319574.708000000566244, 1743336.395199999213219 ], [ 5320543.049699999392033, 1754858.049499999731779 ], [ 5340849.639799999073148, 1751515.220300000160933 ], [ 5349877.746500000357628, 1761003.644600000232458 ], [ 5352906.979299999773502, 1770370.608200000599027 ], [ 5360110.928600000217557, 1775166.6513 ], [ 5372904.041400000452995, 1775205.565700000151992 ], [ 5387225.464500000700355, 1766896.708000000566244 ], [ 5407983.160800000652671, 1761674.177899999544024 ], [ 5426839.784299999475479, 1759134.829199999570847 ], [ 5431508.1217, 1758514.687699999660254 ], [ 5455555.882799999788404, 1746441.763299999758601 ], [ 5462110.563799999654293, 1751388.462899999693036 ], [ 5453480.751499999314547, 1756771.372700000181794 ], [ 5454369.910199999809265, 1759036.463199999183416 ], [ 5460237.159800000488758, 1762724.046599999070168 ], [ 5474074.195299999788404, 1763692.397299999371171 ], [ 5480842.180099999532104, 1769644.82039999961853 ], [ 5477711.532600000500679, 1775230.412100000306964 ], [ 5473808.1897, 1775880.80629999935627 ], [ 5461800.500700000673532, 1778508.259999999776483 ], [ 5457685.722300000488758, 1774771.25 ], [ 5452106.787000000476837, 1777651.769899999722838 ], [ 5442061.203199999406934, 1777932.2906 ], [ 5440721.174499999731779, 1782159.45130000077188 ], [ 5429663.108200000599027, 1791125.225199999287724 ], [ 5424877.956000000238419, 1788772.416300000622869 ], [ 5423353.4057, 1782499.5987 ], [ 5422792.710100000724196, 1780197.567600000649691 ], [ 5409148.185100000351667, 1793769.595599999651313 ], [ 5404234.789899999275804, 1783359.21169999986887 ], [ 5393511.376700000837445, 1783198.10050000064075 ], [ 5387877.625900000333786, 1779636.734300000593066 ], [ 5377652.623099999502301, 1784158.729800000786781 ], [ 5367342.631999999284744, 1784045.168800000101328 ], [ 5359043.565199999138713, 1779806.021500000730157 ], [ 5350219.187400000169873, 1774489.284600000828505 ], [ 5338865.593000000342727, 1773512.3607 ], [ 5331023.903300000354648, 1768045.723799999803305 ], [ 5315376.229399999603629, 1775373.6426 ], [ 5309892.32660000026226, 1766942.898299999535084 ], [ 5301183.74239999987185, 1763614.903400000184774 ], [ 5295776.74970000050962, 1766694.879499999806285 ], [ 5294043.7116, 1777194.505799999460578 ], [ 5289702.915200000628829, 1785390.560900000855327 ], [ 5288184.217299999669194, 1784872.74269999936223 ], [ 5284872.211100000888109, 1784759.037900000810623 ], [ 5282589.25029999949038, 1795224.881999999284744 ], [ 5279029.095200000330806, 1800099.219100000336766 ], [ 5273078.630400000140071, 1801793.631899999454618 ], [ 5267817.415999999269843, 1811978.729499999433756 ], [ 5259879.583399999886751, 1808273.607999999076128 ], [ 5255680.352700000628829, 1813492.293400000780821 ], [ 5258257.869200000539422, 1820054.625 ], [ 5257202.808000000193715, 1827054.822100000455976 ], [ 5275276.281199999153614, 1830121.063999999314547 ], [ 5282926.988700000569224, 1824770.088500000536442 ], [ 5284438.729499999433756, 1825273.971300000324845 ], [ 5291202.5132, 1827533.499099999666214 ], [ 5289440.698400000110269, 1837542.26549999974668 ], [ 5284757.236999999731779, 1843547.855900000780821 ], [ 5282241.258899999782443, 1841870.062400000169873 ], [ 5278653.805500000715256, 1839480.843499999493361 ], [ 5258844.102600000798702, 1844683.405300000682473 ], [ 5256357.2752, 1831703.449799999594688 ], [ 5253982.383199999108911, 1830089.828199999406934 ], [ 5248457.279500000178814, 1839424.894200000911951 ], [ 5229949.303400000557303, 1853951.76549999974668 ], [ 5227286.802400000393391, 1860859.863099999725819 ], [ 5226144.957299999892712, 1860507.534600000828505 ], [ 5215812.171399999409914, 1860589.516200000420213 ], [ 5211517.094399999827147, 1863252.281999999657273 ], [ 5203881.280999999493361, 1874555.1601 ], [ 5204769.577099999412894, 1883160.216099999845028 ], [ 5195756.316400000825524, 1884183.207299999892712 ], [ 5196947.437999999150634, 1894411.863099999725819 ], [ 5192822.395899999886751, 1897505.685799999162555 ], [ 5181493.357200000435114, 1901093.419399999082088 ], [ 5198696.10700000077486, 1899128.525499999523163 ], [ 5205980.163200000301003, 1908391.560699999332428 ], [ 5204901.866800000891089, 1917791.128799999132752 ], [ 5212814.762599999085069, 1916169.599899999797344 ], [ 5213201.005300000309944, 1923359.618300000205636 ], [ 5204439.324200000613928, 1937005.242900000885129 ], [ 5209598.439500000327826, 1939511.3293999992311 ], [ 5213447.268500000238419, 1947366.486600000411272 ], [ 5215221.3717, 1947787.331599999219179 ], [ 5227594.23960000090301, 1950737.211899999529123 ], [ 5232771.63370000012219, 1954669.740299999713898 ], [ 5233854.108200000599027, 1973785.129799999296665 ], [ 5237771.734300000593066, 1982247.040200000628829 ], [ 5237999.398700000718236, 1991786.92200000025332 ], [ 5242273.770500000566244, 1996966.281899999827147 ], [ 5250244.525100000202656, 1998297.887199999764562 ], [ 5257241.4561, 2015037.956000000238419 ], [ 5255695.314200000837445, 2021365.45549999922514 ], [ 5247920.31279999949038, 2031103.162499999627471 ], [ 5247352.787799999117851, 2040320.509600000455976 ], [ 5255496.8918999992311, 2041440.970100000500679 ], [ 5259033.4649, 2041930.871999999508262 ], [ 5269047.3114, 2045606.562899999320507 ], [ 5290229.740199999883771, 2052898.211300000548363 ], [ 5297799.223999999463558, 2049536.955600000917912 ], [ 5306108.334000000730157, 2058128.402100000530481 ], [ 5313654.675799999386072, 2058838.068099999800324 ], [ 5321483.2467, 2076986.756799999624491 ], [ 5322792.8673, 2079259.294099999591708 ], [ 5328485.873400000855327, 2083463.889699999243021 ], [ 5332565.529699999839067, 2086483.518400000408292 ], [ 5339810.822699999436736, 2085614.375700000673532 ], [ 5345487.933199999853969, 2090787.739 ], [ 5353969.98509999923408, 2087606.124299999326468 ], [ 5355938.109899999573827, 2086869.918199999257922 ], [ 5376463.148800000548363, 2090931.863500000908971 ], [ 5378557.551100000739098, 2091350.34180000051856 ], [ 5382583.02140000090003, 2098746.649800000712276 ], [ 5386687.096699999645352, 2095441.46030000038445 ], [ 5389629.63910000026226, 2098453.737299999222159 ], [ 5389507.508600000292063, 2100623.664899999275804 ], [ 5389293.286100000143051, 2104419.880100000649691 ], [ 5389171.083000000566244, 2106577.858799999579787 ], [ 5388103.055700000375509, 2112796.421 ], [ 5389539.657500000670552, 2115747.691400000825524 ], [ 5390933.256899999454618, 2117542.429099999368191 ], [ 5397537.227299999445677, 2118650.909299999475479 ], [ 5401576.038899999111891, 2119111.6272 ], [ 5422946.956499999389052, 2121070.021500000730157 ], [ 5430696.552300000563264, 2130874.256300000473857 ], [ 5435492.132500000298023, 2129151.530099999159575 ], [ 5448393.261299999430776, 2134698.814500000327826 ], [ 5458430.955900000408292, 2133419.166300000622869 ], [ 5468576.508600000292063, 2138414.268899999558926 ], [ 5480765.13120000064373, 2148177.91440000012517 ], [ 5483920.3125, 2147083.970899999141693 ], [ 5485794.9244, 2146434.931800000369549 ], [ 5491930.48200000077486, 2148831.543099999427795 ], [ 5491533.979299999773502, 2156084.121899999678135 ], [ 5494895.960100000724196, 2159175.669099999591708 ], [ 5499032.452600000426173, 2158819.750900000333786 ], [ 5501928.52280000038445, 2158572.22550000064075 ], [ 5506473.795299999415874, 2163864.480599999427795 ], [ 5512698.820699999108911, 2159823.743899999186397 ], [ 5527144.153300000354648, 2166820.108300000429153 ], [ 5528931.718299999833107, 2167689.218299999833107 ], [ 5538330.039200000464916, 2155613.285299999639392 ], [ 5545967.573300000280142, 2154664.1623 ], [ 5548305.923900000751019, 2154375.503799999132752 ], [ 5554204.387499999254942, 2149956.884099999442697 ], [ 5557551.1743, 2154630.07010000012815 ], [ 5564184.840199999511242, 2156568.465399999171495 ], [ 5568364.936599999666214, 2155583.0320999994874 ], [ 5587712.893200000748038, 2151062.034399999305606 ], [ 5592371.232300000265241, 2146859.814099999144673 ], [ 5600359.839500000700355, 2145596.364 ], [ 5619695.743000000715256, 2157946.6096 ], [ 5630929.830800000578165, 2159015.576199999079108 ], [ 5639527.85869999974966, 2165178.77170000039041 ], [ 5647445.109099999070168, 2163286.591299999505281 ], [ 5650629.531300000846386, 2165419.67820000089705 ], [ 5663375.751499999314547, 2172574.642400000244379 ], [ 5666986.186799999326468, 2181727.163200000301003 ], [ 5663425.533399999141693, 2195140.401100000366569 ], [ 5660312.057900000363588, 2198247.635500000789762 ], [ 5654513.820000000298023, 2204043.658600000664592 ], [ 5653279.9543999992311, 2210019.8498 ], [ 5659710.2785, 2215425.41469999961555 ], [ 5675518.538499999791384, 2215228.651000000536442 ], [ 5696647.542400000616908, 2206291.526100000366569 ], [ 5704075.49349999986589, 2184072.069399999454618 ], [ 5704549.890000000596046, 2182653.851199999451637 ], [ 5703746.16609999909997, 2181900.528300000354648 ], [ 5699136.560200000181794, 2177585.653599999845028 ] ] ], [ [ [ 5703166.829, 1668238.9989 ], [ 5698932.556500000879169, 1666734.775900000706315 ], [ 5698154.212899999693036, 1669232.437000000849366 ], [ 5700485.63539999909699, 1672502.230799999088049 ], [ 5702456.251299999654293, 1672906.506699999794364 ], [ 5703166.829, 1668238.9989 ] ] ], [ [ [ 5699689.208200000226498, 1625862.964600000530481 ], [ 5699971.062599999830127, 1620816.799100000411272 ], [ 5696840.971999999135733, 1621366.809299999848008 ], [ 5697580.148399999365211, 1626063.705800000578165 ], [ 5699689.208200000226498, 1625862.964600000530481 ] ] ], [ [ [ 5697597.087799999862909, 1655102.194299999624491 ], [ 5697825.059499999508262, 1648128.237199999392033 ], [ 5694612.934599999338388, 1647484.340399999171495 ], [ 5684935.476099999621511, 1653884.486099999397993 ], [ 5685865.625600000843406, 1659869.785599999129772 ], [ 5689071.303300000727177, 1660925.91300000064075 ], [ 5697597.087799999862909, 1655102.194299999624491 ] ] ], [ [ [ 5688360.215900000184774, 1736664.197799999266863 ], [ 5679782.259999999776483, 1729254.361300000920892 ], [ 5673410.525800000876188, 1737052.276699999347329 ], [ 5682040.724199999123812, 1740058.835200000554323 ], [ 5688360.215900000184774, 1736664.197799999266863 ] ] ], [ [ [ 5681338.183499999344349, 1860110.243599999696016 ], [ 5676856.239499999210238, 1855230.23960000090301 ], [ 5668711.4167, 1856473.757200000807643 ], [ 5674724.616399999707937, 1862589.27930000051856 ], [ 5681338.183499999344349, 1860110.243599999696016 ] ] ], [ [ [ 5678395.694199999794364, 1682315.744699999690056 ], [ 5672318.638699999079108, 1679396.376499999314547 ], [ 5664937.349199999123812, 1683260.001700000837445 ], [ 5670376.27309999987483, 1695577.744999999180436 ], [ 5679717.196100000292063, 1699183.802400000393391 ], [ 5678395.694199999794364, 1682315.744699999690056 ] ] ], [ [ [ 5678392.078500000759959, 1648846.545800000429153 ], [ 5675927.8476, 1644159.931500000879169 ], [ 5669534.5406, 1644764.345000000670552 ], [ 5673661.598400000482798, 1649343.07880000025034 ], [ 5678392.078500000759959, 1648846.545800000429153 ] ] ], [ [ [ 5674788.038200000301003, 1725653.761299999430776 ], [ 5670593.001700000837445, 1723585.537200000137091 ], [ 5665373.716399999335408, 1728306.832499999552965 ], [ 5670137.126800000667572, 1729718.161100000143051 ], [ 5674788.038200000301003, 1725653.761299999430776 ] ] ], [ [ [ 5670638.103000000119209, 1742772.015100000426173 ], [ 5660251.823999999091029, 1738399.493599999696016 ], [ 5647239.7686, 1746809.9528 ], [ 5662675.174900000914931, 1751557.875099999830127 ], [ 5670638.103000000119209, 1742772.015100000426173 ] ] ], [ [ [ 5664391.997500000521541, 1683683.300499999895692 ], [ 5663623.040200000628829, 1676417.611600000411272 ], [ 5656603.510700000450015, 1675736.10219999961555 ], [ 5659785.585200000554323, 1681894.146600000560284 ], [ 5664391.997500000521541, 1683683.300499999895692 ] ] ], [ [ [ 5661965.80460000038147, 1634174.945499999448657 ], [ 5657815.700200000777841, 1633300.699100000783801 ], [ 5654477.27930000051856, 1636392.378399999812245 ], [ 5658924.7675, 1638321.316700000315905 ], [ 5661965.80460000038147, 1634174.945499999448657 ] ] ], [ [ [ 5655946.503100000321865, 1637197.924499999731779 ], [ 5652806.190899999812245, 1636117.940999999642372 ], [ 5649546.87639999948442, 1638422.296800000593066 ], [ 5653080.831599999219179, 1640069.645400000736117 ], [ 5655946.503100000321865, 1637197.924499999731779 ] ] ], [ [ [ 5650070.141799999400973, 2068231.810200000181794 ], [ 5640372.439999999478459, 2057730.325099999085069 ], [ 5627239.0154, 2061639.471300000324845 ], [ 5639090.583000000566244, 2072422.0197 ], [ 5650070.141799999400973, 2068231.810200000181794 ] ] ], [ [ [ 5646613.129000000655651, 1720464.336200000718236 ], [ 5641516.941700000315905, 1716502.451400000602007 ], [ 5635980.958599999547005, 1717851.887800000607967 ], [ 5642460.4682, 1732105.445000000298023 ], [ 5646613.129000000655651, 1720464.336200000718236 ] ] ], [ [ [ 5642798.341900000348687, 1761273.185900000855327 ], [ 5641022.8958, 1754151.358300000429153 ], [ 5627759.192299999296665, 1762665.999099999666214 ], [ 5615282.592499999329448, 1770714.114399999380112 ], [ 5612295.00789999961853, 1776805.945900000631809 ], [ 5618958.1316, 1782699.538599999621511 ], [ 5626852.45920000039041, 1776438.302799999713898 ], [ 5635447.102800000458956, 1774848.07799999974668 ], [ 5638075.844699999317527, 1770794.8596 ], [ 5640823.068099999800324, 1765254.0526 ], [ 5642798.341900000348687, 1761273.185900000855327 ] ] ], [ [ [ 5637138.714500000700355, 1669553.808900000527501 ], [ 5635407.279999999329448, 1663422.7994 ], [ 5632340.331399999558926, 1666474.741499999538064 ], [ 5625219.169299999251962, 1676636.788499999791384 ], [ 5630582.411100000143051, 1676687.61769999936223 ], [ 5637138.714500000700355, 1669553.808900000527501 ] ] ], [ [ [ 5636136.19620000012219, 2011932.765000000596046 ], [ 5631170.838600000366569, 1997154.749500000849366 ], [ 5632611.739900000393391, 1987879.6667 ], [ 5624887.96680000051856, 1992595.649000000208616 ], [ 5621880.384700000286102, 1999185.45240000076592 ], [ 5618627.345300000160933, 1995762.485400000587106 ], [ 5619423.585400000214577, 1987332.797800000756979 ], [ 5608093.560000000521541, 1989973.458699999377131 ], [ 5603465.599600000306964, 2001355.399299999698997 ], [ 5604251.85359999909997, 2004486.097899999469519 ], [ 5609528.802899999544024, 2007626.659199999645352 ], [ 5619355.256999999284744, 2009378.2719 ], [ 5624756.084499999880791, 2005129.871300000697374 ], [ 5633215.553099999204278, 2014010.406199999153614 ], [ 5636136.19620000012219, 2011932.765000000596046 ] ] ], [ [ [ 5634792.525299999862909, 1647084.437899999320507 ], [ 5631918.346000000834465, 1644197.420399999246001 ], [ 5627081.878100000321865, 1645794.523199999704957 ], [ 5631427.1425, 1649300.559499999508262 ], [ 5634792.525299999862909, 1647084.437899999320507 ] ] ], [ [ [ 5625554.223300000652671, 1741425.891699999570847 ], [ 5622834.514799999073148, 1738369.580800000578165 ], [ 5618015.590700000524521, 1740042.746300000697374 ], [ 5621746.766699999570847, 1743414.888499999418855 ], [ 5625554.223300000652671, 1741425.891699999570847 ] ] ], [ [ [ 5619896.204299999400973, 1634966.613900000229478 ], [ 5608344.1294, 1630179.621300000697374 ], [ 5603669.861099999397993, 1631229.85950000025332 ], [ 5605244.551400000229478, 1636951.787599999457598 ], [ 5611302.73960000090301, 1638155.595000000670552 ], [ 5618110.969499999657273, 1645515.5219 ], [ 5621340.676899999380112, 1652705.175200000405312 ], [ 5624600.006100000813603, 1652415.228199999779463 ], [ 5621428.712600000202656, 1635631.706199999898672 ], [ 5619896.204299999400973, 1634966.613900000229478 ] ] ], [ [ [ 5620208.192299999296665, 1428903.1875 ], [ 5617210.625700000673532, 1425952.440099999308586 ], [ 5611896.745500000193715, 1427862.2179000005126 ], [ 5616924.163899999111891, 1431370.529200000688434 ], [ 5620208.192299999296665, 1428903.1875 ] ] ], [ [ [ 5614838.084599999710917, 1687084.027200000360608 ], [ 5611195.564200000837445, 1682051.832399999722838 ], [ 5601521.159, 1685573.6075 ], [ 5610006.706499999389052, 1692228.960699999704957 ], [ 5614838.084599999710917, 1687084.027200000360608 ] ] ], [ [ [ 5612414.316800000146031, 1956579.6338 ], [ 5609507.577500000596046, 1947106.984899999573827 ], [ 5605006.909, 1950585.751700000837445 ], [ 5608209.597799999639392, 1957475.443900000303984 ], [ 5612414.316800000146031, 1956579.6338 ] ] ], [ [ [ 5603971.367799999192357, 1711525.182 ], [ 5594877.972200000658631, 1702544.130100000649691 ], [ 5594633.30350000038743, 1714712.589500000700355 ], [ 5599173.715199999511242, 1721254.977099999785423 ], [ 5603971.367799999192357, 1711525.182 ] ] ], [ [ [ 5597135.329199999570847, 1643400.857300000265241 ], [ 5594981.134600000455976, 1639469.780600000172853 ], [ 5591079.190099999308586, 1643545.516100000590086 ], [ 5595114.794299999251962, 1646065.3597999997437 ], [ 5597135.329199999570847, 1643400.857300000265241 ] ] ], [ [ [ 5595386.771500000730157, 1866645.477800000458956 ], [ 5587909.337999999523163, 1863366.111300000920892 ], [ 5583689.090099999681115, 1870402.723400000482798 ], [ 5579132.75620000064373, 1872666.614700000733137 ], [ 5573062.479900000616908, 1874986.848899999633431 ], [ 5573203.624199999496341, 1883354.193299999460578 ], [ 5576964.525000000372529, 1885129.963400000706315 ], [ 5595386.771500000730157, 1866645.477800000458956 ] ] ], [ [ [ 5592527.111099999397993, 1734359.681199999526143 ], [ 5587098.236600000411272, 1724777.719100000336766 ], [ 5583329.800499999895692, 1724099.1721 ], [ 5583653.748199999332428, 1737755.899299999698997 ], [ 5591076.674900000914931, 1742240.061899999156594 ], [ 5592527.111099999397993, 1734359.681199999526143 ] ] ], [ [ [ 5575214.902200000360608, 1778326.421 ], [ 5576118.996500000357628, 1773270.211300000548363 ], [ 5571413.578099999576807, 1772413.040999999269843 ], [ 5572606.566500000655651, 1778154.168500000610948 ], [ 5575214.902200000360608, 1778326.421 ] ] ], [ [ [ 5570420.31900000013411, 1868448.308900000527501 ], [ 5567775.17710000090301, 1865320.518400000408292 ], [ 5563622.033900000154972, 1867165.255200000479817 ], [ 5566186.394300000742078, 1870741.323000000789762 ], [ 5570420.31900000013411, 1868448.308900000527501 ] ] ], [ [ [ 5570042.7982, 1743240.259500000625849 ], [ 5568256.526499999687076, 1737008.025499999523163 ], [ 5566588.749900000169873, 1737094.636800000444055 ], [ 5567514.221699999645352, 1744735.107699999585748 ], [ 5568918.280600000172853, 1747162.75620000064373 ], [ 5570042.7982, 1743240.259500000625849 ] ] ], [ [ [ 5562300.004699999466538, 2064379.174900000914931 ], [ 5558542.978700000792742, 2062046.43610000051558 ], [ 5545118.483200000599027, 2068898.557600000873208 ], [ 5547520.151200000196695, 2080319.493599999696016 ], [ 5553654.106699999421835, 2086220.035700000822544 ], [ 5558543.29759999923408, 2085225.629300000146031 ], [ 5562215.137000000104308, 2084481.500700000673532 ], [ 5567740.473600000143051, 2074852.518899999558926 ], [ 5567650.359400000423193, 2067707.881699999794364 ], [ 5562300.004699999466538, 2064379.174900000914931 ] ] ], [ [ [ 5566541.63880000077188, 1641447.511600000783801 ], [ 5562760.521299999207258, 1640424.189600000157952 ], [ 5558893.674100000411272, 1642997.3103 ], [ 5562765.903200000524521, 1645645.64809999987483 ], [ 5566541.63880000077188, 1641447.511600000783801 ] ] ], [ [ [ 5557434.6678, 1710416.391799999400973 ], [ 5555161.051100000739098, 1709797.950799999758601 ], [ 5553131.890900000929832, 1711608.157500000670552 ], [ 5554487.818499999120831, 1713658.8256 ], [ 5556928.580600000917912, 1713497.704900000244379 ], [ 5558888.02309999987483, 1711321.91950000077486 ], [ 5557434.6678, 1710416.391799999400973 ] ] ], [ [ [ 5539899.790200000628829, 1921878.508099999278784 ], [ 5538281.602900000289083, 1921240.933399999514222 ], [ 5538911.301100000739098, 1927669.619300000369549 ], [ 5542135.555600000545382, 1927845.543999999761581 ], [ 5542084.53319999948144, 1923349.376900000497699 ], [ 5539899.790200000628829, 1921878.508099999278784 ] ] ], [ [ [ 5535935.074200000613928, 1919177.34569999948144 ], [ 5534963.886199999600649, 1913288.129300000146031 ], [ 5530406.460200000554323, 1914997.283800000324845 ], [ 5532655.039899999275804, 1920339.943299999460578 ], [ 5535935.074200000613928, 1919177.34569999948144 ] ] ], [ [ [ 5526581.301599999889731, 1896300.170399999246001 ], [ 5519741.909099999815226, 1894544.1554000005126 ], [ 5517620.010700000450015, 1895275.893699999898672 ], [ 5523290.779400000348687, 1904837.119599999859929 ], [ 5524989.425000000745058, 1905784.958200000226498 ], [ 5530283.579800000414252, 1897311.97859999909997 ], [ 5526581.301599999889731, 1896300.170399999246001 ] ] ], [ [ [ 5528017.682399999350309, 1530428.397600000724196 ], [ 5530118.569499999284744, 1524619.250099999830127 ], [ 5526860.811899999156594, 1524582.525100000202656 ], [ 5523997.8619, 1528642.282299999147654 ], [ 5528017.682399999350309, 1530428.397600000724196 ] ] ], [ [ [ 5522827.3717, 1692629.571399999782443 ], [ 5518991.179099999368191, 1688053.337300000712276 ], [ 5513313.101199999451637, 1688958.9123 ], [ 5518099.206299999728799, 1693503.647900000214577 ], [ 5522827.3717, 1692629.571399999782443 ] ] ], [ [ [ 5515684.131699999794364, 1729442.868200000375509 ], [ 5512364.110400000587106, 1727063.272600000724196 ], [ 5504453.628399999812245, 1735898.933000000193715 ], [ 5518209.5603, 1738474.677400000393391 ], [ 5515684.131699999794364, 1729442.868200000375509 ] ] ], [ [ [ 5514253.741100000217557, 1886724.536699999123812 ], [ 5505568.919800000265241, 1882300.131999999284744 ], [ 5497929.038499999791384, 1887171.3366 ], [ 5509019.266100000590086, 1890676.2555 ], [ 5514253.741100000217557, 1886724.536699999123812 ] ] ], [ [ [ 5507438.05320000089705, 1688472.324500000104308 ], [ 5505100.087300000712276, 1684986.844900000840425 ], [ 5500140.842299999669194, 1686832.2314 ], [ 5504024.936000000685453, 1690183.438500000163913 ], [ 5507438.05320000089705, 1688472.324500000104308 ] ] ], [ [ [ 5499859.508899999782443, 1560688.872099999338388 ], [ 5499269.831399999558926, 1552732.347500000149012 ], [ 5488103.067299999296665, 1556072.813400000333786 ], [ 5485112.373500000685453, 1564577.905999999493361 ], [ 5483008.610400000587106, 1570565.531899999827147 ], [ 5487040.1853, 1577562.78800000064075 ], [ 5500634.798599999397993, 1567230.630200000479817 ], [ 5503552.201199999079108, 1565019.82660000026226 ], [ 5499859.508899999782443, 1560688.872099999338388 ] ] ], [ [ [ 5503176.56900000013411, 1729319.308299999684095 ], [ 5501082.973400000482798, 1724634.492000000551343 ], [ 5496911.635199999436736, 1724849.861700000241399 ], [ 5499638.899299999698997, 1729908.901599999517202 ], [ 5503176.56900000013411, 1729319.308299999684095 ] ] ], [ [ [ 5492730.750399999320507, 1675981.999500000849366 ], [ 5489206.335400000214577, 1673643.044299999251962 ], [ 5485100.544199999421835, 1677495.35950000025332 ], [ 5488478.817500000819564, 1678993.308900000527501 ], [ 5492730.750399999320507, 1675981.999500000849366 ] ] ], [ [ [ 5490528.454700000584126, 1891927.812699999660254 ], [ 5485838.069299999624491, 1886925.719200000166893 ], [ 5478962.994799999520183, 1887918.153200000524521 ], [ 5484564.166300000622869, 1893472.822300000116229 ], [ 5490528.454700000584126, 1891927.812699999660254 ] ] ], [ [ [ 5479094.198999999091029, 1978553.232999999076128 ], [ 5464943.897900000214577, 1974599.545199999585748 ], [ 5444831.425100000575185, 1993331.698300000280142 ], [ 5459426.210899999365211, 1996975.384800000116229 ], [ 5479094.198999999091029, 1978553.232999999076128 ] ] ], [ [ [ 5378063.736700000241399, 1601292.57740000076592 ], [ 5377707.036599999293685, 1596960.607599999755621 ], [ 5375162.994599999859929, 1596910.021199999377131 ], [ 5372729.214600000530481, 1601421.650399999693036 ], [ 5374281.5877, 1602365.4054000005126 ], [ 5378063.736700000241399, 1601292.57740000076592 ] ] ], [ [ [ 5294669.076500000432134, 1772971.062999999150634 ], [ 5293346.767699999734759, 1771809.719100000336766 ], [ 5291044.319900000467896, 1772983.289000000804663 ], [ 5290644.642400000244379, 1776022.848400000482798 ], [ 5293112.129200000315905, 1776585.94649999961257 ], [ 5294669.076500000432134, 1772971.062999999150634 ] ] ], [ [ [ 5281463.980000000447035, 1688772.676999999210238 ], [ 5278369.692500000819564, 1688040.296299999579787 ], [ 5268625.453600000590086, 1695101.600099999457598 ], [ 5263812.441199999302626, 1701308.716499999165535 ], [ 5259764.710899999365211, 1707799.636700000613928 ], [ 5265545.578500000759959, 1713476.628499999642372 ], [ 5284312.9353, 1704220.215399999171495 ], [ 5290523.595599999651313, 1697336.5866 ], [ 5285056.947100000455976, 1695840.762800000607967 ], [ 5281463.980000000447035, 1688772.676999999210238 ] ] ], [ [ [ 5278561.194299999624491, 1796756.862500000745058 ], [ 5275847.214800000190735, 1793790.252699999138713 ], [ 5270753.687300000339746, 1795581.344799999147654 ], [ 5274587.7741, 1798595.63289999961853 ], [ 5278561.194299999624491, 1796756.862500000745058 ] ] ], [ [ [ 5253952.475999999791384, 1755003.9901 ], [ 5262365.821000000461936, 1749122.013699999079108 ], [ 5271193.770999999716878, 1735884.509099999442697 ], [ 5268026.180700000375509, 1732487.505599999800324 ], [ 5248074.825200000777841, 1733602.922700000926852 ], [ 5240786.341399999335408, 1743738.207699999213219 ], [ 5238882.895500000566244, 1746389.896600000560284 ], [ 5236640.442099999636412, 1739576.98509999923408 ], [ 5229969.323100000619888, 1739644.964500000700355 ], [ 5234010.10219999961555, 1755216.386900000274181 ], [ 5239034.82149999961257, 1757868.062100000679493 ], [ 5242672.979599999263883, 1759791.606699999421835 ], [ 5246760.027100000530481, 1770093.1897 ], [ 5253952.475999999791384, 1755003.9901 ] ] ], [ [ [ 5264672.567099999636412, 1760377.308199999853969 ], [ 5260838.741100000217557, 1757562.646500000730157 ], [ 5256247.855100000277162, 1763060.377499999478459 ], [ 5261885.8037, 1766711.353499999269843 ], [ 5264672.567099999636412, 1760377.308199999853969 ] ] ], [ [ [ 5260316.408299999311566, 1794579.14670000039041 ], [ 5242506.714999999850988, 1785714.5011 ], [ 5244671.853199999779463, 1809272.3147 ], [ 5248875.473300000652671, 1816135.255899999290705 ], [ 5253552.997400000691414, 1817619.427400000393391 ], [ 5256657.501900000497699, 1798910.263900000602007 ], [ 5260316.408299999311566, 1794579.14670000039041 ] ] ], [ [ [ 5258795.0526, 1787317.659199999645352 ], [ 5259231.017000000923872, 1781863.16499999910593 ], [ 5254908.92960000038147, 1781729.956499999389052 ], [ 5256027.76630000025034, 1787304.446699999272823 ], [ 5258795.0526, 1787317.659199999645352 ] ] ], [ [ [ 5258731.093100000172853, 1770932.225199999287724 ], [ 5257505.288899999111891, 1765875.444900000467896 ], [ 5249259.810900000855327, 1775151.591700000688434 ], [ 5254528.967599999159575, 1778082.089700000360608 ], [ 5258731.093100000172853, 1770932.225199999287724 ] ] ], [ [ [ 5204786.243000000715256, 1848071.426400000229478 ], [ 5200562.895999999716878, 1847219.468100000172853 ], [ 5197364.366599999368191, 1850126.928300000727177 ], [ 5201842.13289999961853, 1852078.614700000733137 ], [ 5204786.243000000715256, 1848071.426400000229478 ] ] ], [ [ [ 5190094.981300000101328, 1873424.417099999263883 ], [ 5191415.979000000283122, 1869765.948599999770522 ], [ 5175152.613299999386072, 1872696.755000000819564 ], [ 5166719.186699999496341, 1885347.392200000584126 ], [ 5157240.918800000101328, 1894296.172900000587106 ], [ 5149094.398700000718236, 1902014.099700000137091 ], [ 5151347.815999999642372, 1907645.972300000488758 ], [ 5155449.7884, 1909588.8487 ], [ 5161087.419399999082088, 1912265.071000000461936 ], [ 5172218.893400000408292, 1911069.714500000700355 ], [ 5169388.66330000013113, 1897238.63230000063777 ], [ 5179678.302400000393391, 1877681.81389999948442 ], [ 5190094.981300000101328, 1873424.417099999263883 ] ] ], [ [ [ 5144844.020999999716878, 1917629.165300000458956 ], [ 5142277.768999999389052, 1914408.621500000357628 ], [ 5139146.686499999836087, 1918284.654899999499321 ], [ 5142346.973899999633431, 1921126.330900000408292 ], [ 5144844.020999999716878, 1917629.165300000458956 ] ] ], [ [ [ 5130251.297499999403954, 1912083.971400000154972 ], [ 5127362.048599999397993, 1909138.146099999547005 ], [ 5123380.839199999347329, 1911598.728399999439716 ], [ 5125984.586100000888109, 1914621.195900000631809 ], [ 5130251.297499999403954, 1912083.971400000154972 ] ] ] ] } },
{ "type": "Feature", "properties": { "CNTR_ID": "FR", "CNTR_NAME": "France", "NAME_ENGL": "France", "NAME_FREN": "France", "ISO3_CODE": "FRA", "SVRG_UN": "UN Member State", "CAPT": "Paris", "EU_STAT": "T", "EFTA_STAT": "F", "CC_STAT": "F", "NAME_GERM": "Frankreich" }, "geometry": { "type": "MultiPolygon", "coordinates": [ [ [ [ 10022362.0759, -3054668.259700000286102 ], [ 10004861.703000001609325, -3068890.853900000452995 ], [ 9982718.986400000751019, -3075174.243800000287592 ], [ 9966862.332899998873472, -3075156.7176 ], [ 9954227.627599999308586, -3059343.749800000339746 ], [ 9962928.027499999850988, -3044399.817300000227988 ], [ 9976206.151999998837709, -3032484.92989999987185 ], [ 10003219.3162, -3022334.97759999986738 ], [ 10025281.546, -3035865.33600000012666 ], [ 10022362.0759, -3054668.259700000286102 ] ] ], [ [ [ 8747165.825100000947714, -2769410.8882 ], [ 8745340.505699999630451, -2773853.202499999664724 ], [ 8740651.881900001317263, -2772145.9205 ], [ 8744980.932300001382828, -2766563.577499999664724 ], [ 8747165.825100000947714, -2769410.8882 ] ] ], [ [ [ 8736693.948600001633167, -2783365.209300000220537 ], [ 8729496.853100001811981, -2797410.6403 ], [ 8725566.287099998444319, -2797984.0301 ], [ 8721509.079999998211861, -2792092.398 ], [ 8726765.744199998676777, -2791105.405500000342727 ], [ 8727454.264800000935793, -2788629.92960000038147 ], [ 8714887.109099999070168, -2775516.964499999769032 ], [ 8721260.798700001090765, -2767514.725200000219047 ], [ 8725937.118900001049042, -2771095.293700000271201 ], [ 8737562.18299999833107, -2771365.487999999895692 ], [ 8734364.390599999576807, -2779609.07149999961257 ], [ 8736693.948600001633167, -2783365.209300000220537 ] ] ], [ [ [ 4278706.32660000026226, 2189247.3629 ], [ 4276427.408399999141693, 2174364.604599999263883 ], [ 4281906.492900000885129, 2159768.966499999165535 ], [ 4282452.745899999514222, 2140748.191299999132752 ], [ 4282632.573000000789762, 2137369.262800000607967 ], [ 4283873.683700000867248, 2114157.580800000578165 ], [ 4272708.857799999415874, 2095082.915899999439716 ], [ 4271177.416899999603629, 2084154.0252 ], [ 4271012.8958, 2080865.849300000816584 ], [ 4270236.2533, 2065379.0088 ], [ 4263364.283600000664592, 2057081.472799999639392 ], [ 4264269.198000000789762, 2054602.434900000691414 ], [ 4266361.093900000676513, 2052941.042400000616908 ], [ 4260888.137199999764562, 2046429.566199999302626 ], [ 4255556.705800000578165, 2030924.575999999418855 ], [ 4246387.144099999219179, 2033422.682700000703335 ], [ 4244532.889599999412894, 2038477.464700000360608 ], [ 4225853.89130000025034, 2047727.6096 ], [ 4219801.509999999776483, 2055157.381100000813603 ], [ 4226378.638599999248981, 2065517.096899999305606 ], [ 4215024.9529, 2073093.998700000345707 ], [ 4216960.960999999195337, 2081526.845499999821186 ], [ 4218676.28940000012517, 2089015.394999999552965 ], [ 4206352.088199999183416, 2094153.263599999248981 ], [ 4213930.177400000393391, 2106967.118200000375509 ], [ 4204072.874600000679493, 2118735.27280000038445 ], [ 4204779.982100000604987, 2125997.591199999675155 ], [ 4209568.0945999994874, 2131452.128100000321865 ], [ 4205712.718000000342727, 2138317.303400000557303 ], [ 4203134.8476, 2142917.386 ], [ 4210658.467599999159575, 2148879.363099999725819 ], [ 4211567.0152000002563, 2157279.551799999549985 ], [ 4215700.752699999138713, 2160538.8914 ], [ 4224318.503499999642372, 2166996.155200000852346 ], [ 4241191.283600000664592, 2172260.145300000905991 ], [ 4250183.353700000792742, 2180482.434299999848008 ], [ 4264391.788699999451637, 2177330.599099999293685 ], [ 4266541.0456000007689, 2182417.440300000831485 ], [ 4265374.446399999782443, 2192693.11849999986589 ], [ 4267366.935499999672174, 2206157.932199999690056 ], [ 4272292.9956, 2210913.24210000038147 ], [ 4275642.016799999400973, 2209057.60359999909997 ], [ 4277057.422800000756979, 2204413.365599999204278 ], [ 4278706.32660000026226, 2189247.3629 ] ] ], [ [ [ 3817851.187999999150634, 3090752.364399999380112 ], [ 3820858.550699999555945, 3089811.576400000602007 ], [ 3829391.792099999263883, 3097020.708799999207258 ], [ 3835046.935499999672174, 3097095.670399999246001 ], [ 3840321.653699999675155, 3094043.903999999165535 ], [ 3844968.996799999848008, 3086888.781199999153614 ], [ 3846821.395600000396371, 3067326.49860000051558 ], [ 3852368.301100000739098, 3063744.7248 ], [ 3859737.990299999713898, 3066676.292999999597669 ], [ 3868536.2226, 3061788.465600000694394 ], [ 3871119.507400000467896, 3058361.0945999994874 ], [ 3870887.812000000849366, 3046624.697100000455976 ], [ 3873349.939999999478459, 3042428.631300000473857 ], [ 3877760.309399999678135, 3045056.17710000090301 ], [ 3887197.876800000667572, 3042585.252399999648333 ], [ 3896518.98960000090301, 3044671.3246 ], [ 3897397.071599999442697, 3042534.277300000190735 ], [ 3903542.123099999502301, 3034101.874600000679493 ], [ 3908402.9517, 3032395.516799999400973 ], [ 3904525.180299999192357, 3027727.256300000473857 ], [ 3902480.342700000852346, 3019941.013299999758601 ], [ 3905986.893100000917912, 3018213.540999999269843 ], [ 3907564.537900000810623, 3011982.038599999621511 ], [ 3902414.745200000703335, 3007842.355200000107288 ], [ 3901203.549000000581145, 3001917.176400000229478 ], [ 3907613.333200000226498, 2999071.985400000587106 ], [ 3921742.413599999621511, 2996168.699999999254942 ], [ 3939837.001900000497699, 3001008.179300000891089 ], [ 3941589.716099999845028, 3010242.818299999460578 ], [ 3949420.664000000804663, 3017233.040699999779463 ], [ 3954657.146299999207258, 3015805.772299999371171 ], [ 3948323.123999999836087, 2997228.065999999642372 ], [ 3953326.336400000378489, 2990937.973899999633431 ], [ 3952014.258500000461936, 2978913.157500000670552 ], [ 3959123.525699999183416, 2977871.655899999663234 ], [ 3971752.43129999935627, 2967666.192299999296665 ], [ 3981242.25, 2962903.6744 ], [ 3983035.682299999520183, 2956160.80320000089705 ], [ 3988312.637800000607967, 2955361.167300000786781 ], [ 3993083.882200000807643, 2941704.566500000655651 ], [ 4012454.913100000470877, 2945951.962200000882149 ], [ 4018497.217599999159575, 2945664.4123 ], [ 4023633.565400000661612, 2939874.957800000905991 ], [ 4028150.2105, 2939347.209799999371171 ], [ 4031895.530999999493361, 2934153.482999999076128 ], [ 4038040.8783, 2934803.10359999909997 ], [ 4041628.416600000113249, 2938970.61879999935627 ], [ 4046078.444499999284744, 2939699.189200000837445 ], [ 4057753.949899999424815, 2935021.078500000759959 ], [ 4063717.504499999806285, 2934616.363299999386072 ], [ 4071243.381300000473857, 2928770.952199999243021 ], [ 4073158.277200000360608, 2918477.225199999287724 ], [ 4082335.123199999332428, 2905956.812699999660254 ], [ 4082052.610400000587106, 2902141.257799999788404 ], [ 4084219.802500000223517, 2900032.193900000303984 ], [ 4089936.676100000739098, 2898909.137000000104308 ], [ 4091517.261800000444055, 2904405.145899999886751 ], [ 4097442.811000000685453, 2905034.850700000301003 ], [ 4103902.353199999779463, 2901722.374800000339746 ], [ 4106207.257999999448657, 2894446.393799999728799 ], [ 4109552.374800000339746, 2897821.129200000315905 ], [ 4116054.937699999660254, 2893355.205399999395013 ], [ 4123539.488299999386072, 2893405.934000000357628 ], [ 4129088.651499999687076, 2897694.3728 ], [ 4137082.72859999909997, 2897760.309100000187755 ], [ 4140377.058800000697374, 2890679.50899999961257 ], [ 4148169.934100000187755, 2885085.808199999853969 ], [ 4168238.461100000888109, 2883501.231799999251962 ], [ 4179631.130599999800324, 2878093.99210000038147 ], [ 4191568.420700000599027, 2874149.063300000503659 ], [ 4186888.550000000745058, 2869937.120300000533462 ], [ 4180738.389399999752641, 2857045.565400000661612 ], [ 4170832.975400000810623, 2847105.026699999347329 ], [ 4159826.417099999263883, 2834588.071599999442697 ], [ 4153210.197499999776483, 2805318.074200000613928 ], [ 4148737.492200000211596, 2796455.151100000366569 ], [ 4140544.727099999785423, 2781348.395600000396371 ], [ 4140555.6612, 2780969.791400000452995 ], [ 4140001.825899999588728, 2772733.094100000336766 ], [ 4142655.885800000280142, 2764846.176899999380112 ], [ 4136327.68779999949038, 2745310.306700000539422 ], [ 4136889.56220000050962, 2739716.583799999207258 ], [ 4134714.177500000223517, 2732872.500399999320507 ], [ 4139577.43720000050962, 2722539.907199999317527 ], [ 4136938.906400000676513, 2719812.1414 ], [ 4133414.941800000146031, 2716967.788100000470877 ], [ 4133383.9583, 2713039.782400000840425 ], [ 4128268.010700000450015, 2708671.52280000038445 ], [ 4126409.95380000025034, 2707030.99269999936223 ], [ 4124800.908700000494719, 2705865.442700000479817 ], [ 4123319.410000000149012, 2705527.938699999824166 ], [ 4121179.600199999287724, 2705892.704800000414252 ], [ 4120028.696399999782443, 2706651.91609999909997 ], [ 4119241.2522, 2706556.755200000479817 ], [ 4108799.347500000149012, 2707383.981300000101328 ], [ 4104717.005300000309944, 2714128.7752 ], [ 4095247.229399999603629, 2713933.809399999678135 ], [ 4093531.60080000013113, 2708914.917899999767542 ], [ 4090009.145500000566244, 2707007.718499999493361 ], [ 4086726.662499999627471, 2699926.3805 ], [ 4095864.41330000013113, 2699459.680600000545382 ], [ 4097437.427200000733137, 2696187.2007 ], [ 4090735.317600000649691, 2690703.526900000870228 ], [ 4089569.291500000283122, 2685657.378599999472499 ], [ 4082730.763499999418855, 2677464.203299999237061 ], [ 4063531.2668999992311, 2659430.5801 ], [ 4051298.008899999782443, 2654588.5099 ], [ 4050888.772900000214577, 2644010.061599999666214 ], [ 4048590.104499999433756, 2634588.202299999073148 ], [ 4024903.149800000712276, 2616620.796499999240041 ], [ 4024713.60190000012517, 2612631.9054000005126 ], [ 4018233.3717, 2597241.839400000870228 ], [ 4025071.755599999800324, 2591832.345300000160933 ], [ 4022416.074799999594688, 2586011.968000000342727 ], [ 4020987.165500000119209, 2579057.933900000527501 ], [ 4010738.060399999842048, 2574340.691999999806285 ], [ 4008290.64640000090003, 2566176.76490000076592 ], [ 4022742.446399999782443, 2567031.77250000089407 ], [ 4034558.354699999094009, 2575484.966299999505281 ], [ 4035316.169099999591708, 2577658.394300000742078 ], [ 4029619.315500000491738, 2585045.50929999910295 ], [ 4037371.809699999168515, 2593631.44679999910295 ], [ 4053379.67369999922812, 2599604.7956000007689 ], [ 4076472.869300000369549, 2595665.685900000855327 ], [ 4073076.393200000748038, 2587153.322200000286102 ], [ 4078299.29450000077486, 2578658.699400000274181 ], [ 4073725.98960000090301, 2565581.446100000292063 ], [ 4080478.266000000759959, 2561118.304199999198318 ], [ 4080573.340700000524521, 2554162.723400000482798 ], [ 4084379.697799999266863, 2553417.611099999397993 ], [ 4091539.959899999201298, 2538951.42119999974966 ], [ 4085487.715600000694394, 2532527.611500000581145 ], [ 4073902.203400000929832, 2529047.837300000712276 ], [ 4072064.480000000447035, 2523773.429700000211596 ], [ 4074345.3947, 2515120.154200000688434 ], [ 4085986.284, 2507484.807099999859929 ], [ 4086812.834300000220537, 2493358.855000000447035 ], [ 4094309.3278, 2488413.186200000345707 ], [ 4099604.3081, 2479848.03830000013113 ], [ 4094779.642899999395013, 2472329.874800000339746 ], [ 4093721.301899999380112, 2462843.624099999666214 ], [ 4083275.027200000360608, 2459894.526799999177456 ], [ 4074501.5219, 2452121.082299999892712 ], [ 4066726.069399999454618, 2454476.132099999114871 ], [ 4055455.991499999538064, 2450215.535499999299645 ], [ 4058820.635099999606609, 2441012.0515 ], [ 4064253.782500000670552, 2437325.788799999281764 ], [ 4065097.50029999949038, 2426760.210999999195337 ], [ 4073198.3925, 2420772.476199999451637 ], [ 4083462.310399999842048, 2418973.8048 ], [ 4085469.973300000652671, 2407914.71199999935925 ], [ 4088123.497700000181794, 2404818.895899999886751 ], [ 4087888.931500000879169, 2401767.322000000625849 ], [ 4078566.3114, 2398682.6075 ], [ 4077176.709300000220537, 2391066.940600000321865 ], [ 4071120.972200000658631, 2384918.059800000861287 ], [ 4075600.814200000837445, 2374526.37360000051558 ], [ 4072437.781700000166893, 2366359.467700000852346 ], [ 4082484.313300000503659, 2352360.261700000613928 ], [ 4109987.7972, 2338418.606300000101328 ], [ 4134304.212799999862909, 2343118.704500000923872 ], [ 4137476.949300000444055, 2330752.183199999853969 ], [ 4120524.455700000748038, 2310343.037900000810623 ], [ 4121722.219000000506639, 2300473.066400000825524 ], [ 4114399.445299999788404, 2296932.582299999892712 ], [ 4114291.799499999731779, 2296842.440600000321865 ], [ 4112813.4627, 2295602.545499999076128 ], [ 4112306.976500000804663, 2294346.332299999892712 ], [ 4091094.534299999475479, 2286157.568 ], [ 4087639.68610000051558, 2278612.560699999332428 ], [ 4075843.5801, 2275117.839600000530481 ], [ 4072166.393899999558926, 2268612.8607 ], [ 4064805.008199999108911, 2262128.9276 ], [ 4056946.801000000908971, 2260654.394799999892712 ], [ 4046873.587300000712276, 2249830.398 ], [ 4050370.47690000012517, 2244773.62360000051558 ], [ 4048758.243100000545382, 2241338.918600000441074 ], [ 4045266.6053, 2236628.557700000703335 ], [ 4029814.25760000012815, 2233771.755599999800324 ], [ 4022386.590099999681115, 2229059.841099999845028 ], [ 4012327.630000000819564, 2229667.584699999541044 ], [ 4005708.141799999400973, 2225021.95130000077188 ], [ 3992332.807900000363588, 2229956.10869999974966 ], [ 3981061.119699999690056, 2227657.083799999207258 ], [ 3968344.365800000727177, 2240334.960400000214577 ], [ 3945662.266100000590086, 2244185.801699999719858 ], [ 3943495.95299999974668, 2246934.620300000533462 ], [ 3943292.6031, 2256979.973799999803305 ], [ 3941163.120400000363588, 2260559.582800000905991 ], [ 3920506.450300000607967, 2260395.55210000090301 ], [ 3910932.646500000730157, 2271416.754799999296665 ], [ 3903680.493200000375509, 2269980.0735 ], [ 3904281.945699999108911, 2263570.884600000455976 ], [ 3900890.590900000184774, 2261907.166200000792742 ], [ 3882537.964800000190735, 2265770.740800000727177 ], [ 3880554.812000000849366, 2268473.038599999621511 ], [ 3881265.750399999320507, 2273194.4309 ], [ 3877450.972899999469519, 2276324.380599999800324 ], [ 3853357.729900000616908, 2279282.4792 ], [ 3846092.0888, 2283399.811799999326468 ], [ 3843684.691700000315905, 2290546.828600000590086 ], [ 3826818.029899999499321, 2286850.0472 ], [ 3794099.821000000461936, 2264868.020400000736117 ], [ 3782614.481799999251962, 2264604.8366 ], [ 3771048.445299999788404, 2258657.583699999377131 ], [ 3755607.215800000354648, 2239710.4254 ], [ 3751465.3618, 2218747.901900000870228 ], [ 3749290.153400000184774, 2188719.598500000312924 ], [ 3751908.26410000026226, 2185799.94400000013411 ], [ 3755187.686899999156594, 2182148.420800000429153 ], [ 3758347.133400000631809, 2173284.091600000858307 ], [ 3738210.946900000795722, 2178487.757500000298023 ], [ 3721065.348200000822544, 2174409.482799999415874 ], [ 3713054.7752, 2167994.137199999764562 ], [ 3706499.096400000154972, 2167847.474700000137091 ], [ 3683420.001499999314547, 2179473.462400000542402 ], [ 3663491.468000000342727, 2175264.477299999445677 ], [ 3653443.336400000378489, 2185795.071699999272823 ], [ 3650236.262900000438094, 2187210.8893 ], [ 3648838.073000000789762, 2187828.8553 ], [ 3640544.781199999153614, 2191503.17879999987781 ], [ 3640254.160199999809265, 2192873.192800000309944 ], [ 3645972.828600000590086, 2199964.717499999329448 ], [ 3626606.70920000039041, 2210941.969100000336766 ], [ 3618228.6744, 2206417.97069999948144 ], [ 3612702.676599999889731, 2217494.271800000220537 ], [ 3611777.4079, 2219353.996099999174476 ], [ 3597721.029400000348687, 2221424.560799999162555 ], [ 3589787.910900000482798, 2229252.839400000870228 ], [ 3573288.605200000107288, 2236521.753900000825524 ], [ 3558804.5581, 2240267.0504 ], [ 3555935.005100000649691, 2226070.389699999243021 ], [ 3555449.745300000533462, 2223671.096799999475479 ], [ 3545218.018699999898672, 2225663.276699999347329 ], [ 3540703.349300000816584, 2226548.071900000795722 ], [ 3533516.091900000348687, 2228912.877100000157952 ], [ 3530839.424000000581145, 2229257.855699999257922 ], [ 3528117.129899999126792, 2227853.771600000560284 ], [ 3525686.307499999180436, 2226601.521299999207258 ], [ 3523172.793800000101328, 2228496.201199999079108 ], [ 3520358.542099999263883, 2230620.186899999156594 ], [ 3516888.11849999986589, 2233243.206700000911951 ], [ 3508677.898299999535084, 2232160.101099999621511 ], [ 3502022.3333, 2231290.452600000426173 ], [ 3497995.2862, 2231830.958000000566244 ], [ 3495970.23589999973774, 2233861.3399 ], [ 3478445.495999999344349, 2251519.45380000025034 ], [ 3471119.704800000414252, 2247869.3783 ], [ 3457446.041799999773502, 2248340.150800000876188 ], [ 3449993.604800000786781, 2258666.337899999693036 ], [ 3446154.70160000026226, 2264004.440600000321865 ], [ 3443861.549900000914931, 2268857.887900000438094 ], [ 3425082.931900000199676, 2272596.224500000476837 ], [ 3405537.970000000670552, 2284455.843299999833107 ], [ 3401933.22550000064075, 2289937.714400000870228 ], [ 3396076.200400000438094, 2284988.5945999994874 ], [ 3392127.160900000482798, 2286111.565400000661612 ], [ 3389853.176899999380112, 2290627.61570000089705 ], [ 3395830.190300000831485, 2300822.4594 ], [ 3396069.594200000166893, 2305677.805400000885129 ], [ 3396243.285800000652671, 2309187.407800000160933 ], [ 3371028.685499999672174, 2317520.104699999094009 ], [ 3367337.298900000751019, 2324227.794299999251962 ], [ 3367964.286800000816584, 2325701.282700000330806 ], [ 3379314.227900000289083, 2327852.521299999207258 ], [ 3391140.803600000217557, 2340602.373800000175834 ], [ 3393085.675100000575185, 2343294.848600000143051 ], [ 3400255.986700000241399, 2353240.978499999269843 ], [ 3402435.7818, 2360172.508600000292063 ], [ 3427515.414200000464916, 2440388.009500000625849 ], [ 3434073.315999999642372, 2454101.3575 ], [ 3441987.272700000554323, 2462122.788499999791384 ], [ 3440327.368599999696016, 2466201.702299999073148 ], [ 3434983.829800000414252, 2468758.345499999821186 ], [ 3434276.312100000679493, 2473145.651799999177456 ], [ 3454415.333799999207258, 2549502.756699999794364 ], [ 3458469.588400000706315, 2552133.096200000494719 ], [ 3462404.38429999910295, 2549786.040899999439716 ], [ 3479863.544600000604987, 2519199.1535 ], [ 3482989.94400000013411, 2528820.696699999272823 ], [ 3478194.784, 2546459.099999999627471 ], [ 3463736.9868, 2563735.76630000025034 ], [ 3449447.191299999132752, 2575669.695800000801682 ], [ 3448963.443199999630451, 2582298.7851 ], [ 3449264.817600000649691, 2593095.944499999284744 ], [ 3441729.367900000885129, 2604756.809699999168515 ], [ 3441104.534900000318885, 2614573.972300000488758 ], [ 3451780.403599999845028, 2607007.936699999496341 ], [ 3454412.5526, 2595420.706299999728799 ], [ 3451782.3553, 2586316.49070000089705 ], [ 3457179.6426, 2586481.604299999773502 ], [ 3457960.545, 2591376.445800000801682 ], [ 3463652.262399999424815, 2596823.031300000846386 ], [ 3467082.0044, 2609528.498299999162555 ], [ 3462889.60840000025928, 2621797.000499999150634 ], [ 3457219.791899999603629, 2626163.968800000846386 ], [ 3466104.703199999406934, 2635895.893400000408292 ], [ 3467402.171900000423193, 2640820.723899999633431 ], [ 3470650.568299999460578, 2642080.315600000321865 ], [ 3462617.037900000810623, 2643146.136399999260902 ], [ 3458599.444299999624491, 2639135.646999999880791 ], [ 3451408.949100000783801, 2647003.893799999728799 ], [ 3441491.540999999269843, 2649926.4156 ], [ 3437793.518400000408292, 2656336.4831000007689 ], [ 3417906.029400000348687, 2671033.2665 ], [ 3414542.9989, 2686312.194399999454618 ], [ 3398475.083799999207258, 2711557.79450000077486 ], [ 3399290.991399999707937, 2717009.051899999380112 ], [ 3414068.510299999266863, 2730767.988399999216199 ], [ 3408652.1678, 2738753.809100000187755 ], [ 3398846.645199999213219, 2745427.829700000584126 ], [ 3405528.417199999094009, 2759875.841199999675155 ], [ 3393677.870300000533462, 2758745.563699999824166 ], [ 3382280.632099999114871, 2765882.220100000500679 ], [ 3380465.209899999201298, 2775108.474600000306964 ], [ 3385828.426000000908971, 2782799.198799999430776 ], [ 3381933.298900000751019, 2791042.410399999469519 ], [ 3360942.745400000363588, 2792979.905500000342727 ], [ 3352201.05489999987185, 2804495.089299999177456 ], [ 3348698.061000000685453, 2802089.16300000064075 ], [ 3338759.213500000536442, 2805259.5987 ], [ 3324387.375199999660254, 2824169.534900000318885 ], [ 3315825.761800000444055, 2824978.954199999570847 ], [ 3313257.63399999961257, 2831867.9583 ], [ 3314305.275900000706315, 2840264.629599999636412 ], [ 3307465.696000000461936, 2833897.332499999552965 ], [ 3292292.188100000843406, 2839513.282299999147654 ], [ 3281624.7829, 2850165.785900000482798 ], [ 3262349.862800000235438, 2846542.524299999698997 ], [ 3254890.135800000280142, 2849049.965600000694394 ], [ 3250166.605100000277162, 2863971.101800000295043 ], [ 3242597.098500000312924, 2875073.405999999493361 ], [ 3262331.0833, 2882705.148299999535084 ], [ 3261486.630999999120831, 2889667.6436 ], [ 3249281.437999999150634, 2895144.072499999776483 ], [ 3246820.296599999070168, 2900120.160299999639392 ], [ 3249280.730000000447035, 2904307.702500000596046 ], [ 3258918.263599999248981, 2902259.33699999935925 ], [ 3262275.3892, 2905541.974199999123812 ], [ 3256214.073200000450015, 2910984.358899999409914 ], [ 3239536.294800000265241, 2912244.175599999725819 ], [ 3236540.286800000816584, 2918506.168500000610948 ], [ 3242679.46030000038445, 2932593.791799999773502 ], [ 3266354.198899999260902, 2940878.3399 ], [ 3294648.52930000051856, 2941305.836300000548363 ], [ 3303572.009400000795722, 2936113.4748 ], [ 3314129.161000000312924, 2936609.1415 ], [ 3320985.172900000587106, 2931509.043400000780821 ], [ 3326679.234200000762939, 2934534.032500000670552 ], [ 3330159.296900000423193, 2944824.042400000616908 ], [ 3333781.5320999994874, 2947371.569499999284744 ], [ 3342643.4156, 2944271.230100000277162 ], [ 3363387.815400000661612, 2946684.258500000461936 ], [ 3371562.638599999248981, 2934234.989900000393391 ], [ 3378797.110300000756979, 2923286.04109999909997 ], [ 3381216.256100000813603, 2914386.508400000631809 ], [ 3388461.560000000521541, 2902773.833399999886751 ], [ 3417068.8991, 2915063.248199999332428 ], [ 3425888.16609999909997, 2905082.302999999374151 ], [ 3431160.139499999582767, 2905806.863600000739098 ], [ 3430291.81110000051558, 2908477.8059 ], [ 3432518.875800000503659, 2909415.100400000810623 ], [ 3436915.441400000825524, 2908088.370200000703335 ], [ 3437816.705299999564886, 2904702.9123 ], [ 3439554.071699999272823, 2904416.193600000813603 ], [ 3439622.116800000891089, 2909133.708000000566244 ], [ 3442348.623400000855327, 2912162.9002 ], [ 3452022.662100000306964, 2913191.5252 ], [ 3451152.599700000137091, 2906143.695599999278784 ], [ 3456213.58699999935925, 2901696.531700000166893 ], [ 3458876.252900000661612, 2901266.828199999406934 ], [ 3471713.997700000181794, 2901644.071000000461936 ], [ 3480278.023199999704957, 2900250.868200000375509 ], [ 3484042.545700000599027, 2902772.53690000064671 ], [ 3478051.1458, 2907570.466399999335408 ], [ 3474214.541500000283122, 2915615.01659999974072 ], [ 3473592.457100000232458, 2924980.646299999207258 ], [ 3479086.712500000372529, 2943342.636399999260902 ], [ 3476786.050200000405312, 2949250.523399999365211 ], [ 3478829.1634, 2964493.24070000089705 ], [ 3473528.114900000393391, 2979943.010099999606609 ], [ 3467838.477700000628829, 2987716.642000000923872 ], [ 3465782.892300000414252, 3005138.125900000333786 ], [ 3468888.088700000196695, 3013949.542899999767542 ], [ 3463686.984400000423193, 3021725.38260000012815 ], [ 3464280.208399999886751, 3025589.743699999526143 ], [ 3486169.63260000012815, 3014637.13230000063777 ], [ 3499729.707499999552965, 3018270.466 ], [ 3509523.23340000025928, 3015448.118899999186397 ], [ 3512672.866100000217557, 3007421.288699999451637 ], [ 3507332.4857, 3002260.766699999570847 ], [ 3506721.340900000184774, 2998501.355100000277162 ], [ 3515982.008300000801682, 2973170.938500000163913 ], [ 3519708.527000000700355, 2979325.087999999523163 ], [ 3528321.329500000923872, 2979551.294399999082088 ], [ 3548808.883300000801682, 2971811.7820999994874 ], [ 3556241.194599999114871, 2969028.815199999138713 ], [ 3581876.903300000354648, 2959530.103800000622869 ], [ 3595016.30519999936223, 2961540.279100000858307 ], [ 3608923.70890000090003, 2969637.087300000712276 ], [ 3619366.641799999400973, 2970507.298599999397993 ], [ 3627328.294399999082088, 2971270.329299999400973 ], [ 3634833.155500000342727, 2974219.719699999317527 ], [ 3636160.243699999526143, 2973527.475099999457598 ], [ 3640035.113299999386072, 2967932.075200000777841 ], [ 3641930.756100000813603, 2967353.637499999254942 ], [ 3643709.384700000286102, 2968244.761499999091029 ], [ 3634835.653799999505281, 2974457.9496 ], [ 3625818.829, 2972345.833699999377131 ], [ 3611791.6667, 2974211.719100000336766 ], [ 3606978.132200000807643, 2977418.929700000211596 ], [ 3605074.385500000789762, 2983269.392799999564886 ], [ 3613751.740399999544024, 2999542.281099999323487 ], [ 3617491.114199999719858, 3002626.579800000414252 ], [ 3646299.004100000485778, 3014407.990299999713898 ], [ 3683959.8585, 3019221.263900000602007 ], [ 3705361.41579999960959, 3030981.641100000590086 ], [ 3717269.918600000441074, 3043908.049499999731779 ], [ 3724883.239099999889731, 3043552.424100000411272 ], [ 3720421.422900000587106, 3055571.106100000441074 ], [ 3722494.976299999281764, 3060638.775499999523163 ], [ 3727768.774399999529123, 3060350.072300000116229 ], [ 3722651.288100000470877, 3067574.357699999585748 ], [ 3730554.268500000238419, 3117713.638499999418855 ], [ 3748842.326899999752641, 3127116.218800000846386 ], [ 3750163.022600000724196, 3127799.0483 ], [ 3765500.892100000753999, 3129649.373999999836087 ], [ 3784758.232899999246001, 3132552.716 ], [ 3799121.276499999687076, 3135165.412000000476837 ], [ 3799794.840199999511242, 3135289.00139999948442 ], [ 3803147.588899999856949, 3121371.527200000360608 ], [ 3802065.482899999246001, 3115282.893999999389052 ], [ 3802749.828099999576807, 3105313.202299999073148 ], [ 3808610.240599999204278, 3102777.26799999922514 ], [ 3813315.72069999948144, 3093916.157999999821186 ], [ 3817851.187999999150634, 3090752.364399999380112 ] ], [ [ 3657165.011199999600649, 2185527.414100000634789 ], [ 3660384.127800000831485, 2183119.415699999779463 ], [ 3662571.377900000661612, 2184531.063799999654293 ], [ 3660894.369300000369549, 2189844.963400000706315 ], [ 3657165.011199999600649, 2185527.414100000634789 ] ] ], [ [ [ 4029897.027499999850988, 2218517.171800000593066 ], [ 4027335.787399999797344, 2215153.257799999788404 ], [ 4023622.918999999761581, 2218202.275299999862909 ], [ 4027070.193199999630451, 2220964.625600000843406 ], [ 4029897.027499999850988, 2218517.171800000593066 ] ] ], [ [ [ 4014179.970799999311566, 2217686.673900000751019 ], [ 4012202.925699999555945, 2217191.802799999713898 ], [ 4011390.981799999251962, 2218077.858999999240041 ], [ 4011848.499600000679493, 2219293.895500000566244 ], [ 4013099.537699999287724, 2219528.656999999657273 ], [ 4013812.596999999135733, 2220563.137599999085069 ], [ 4014464.526699999347329, 2219765.6108 ], [ 4014179.970799999311566, 2217686.673900000751019 ] ] ], [ [ [ 4011827.072699999436736, 2217240.297499999403954 ], [ 4010256.671900000423193, 2215525.214500000700355 ], [ 4009256.3289, 2217683.350099999457598 ], [ 4010871.008899999782443, 2218974.124800000339746 ], [ 4011827.072699999436736, 2217240.297499999403954 ] ] ], [ [ [ 3452982.072100000455976, 2627073.082699999213219 ], [ 3448034.69649999961257, 2625495.727399999275804 ], [ 3443384.226700000464916, 2630702.594200000166893 ], [ 3450292.886600000783801, 2631824.732300000265241 ], [ 3452982.072100000455976, 2627073.082699999213219 ] ] ], [ [ [ 3440973.115800000727177, 2634024.11460000090301 ], [ 3435868.70380000025034, 2633146.914799999445677 ], [ 3431292.666600000113249, 2638352.77449999935925 ], [ 3437646.406500000506639, 2639595.542500000447035 ], [ 3440973.115800000727177, 2634024.11460000090301 ] ] ], [ [ [ 3399883.098500000312924, 2724533.728000000119209 ], [ 3399474.286599999293685, 2719945.801799999549985 ], [ 3397968.171900000423193, 2720221.328299999237061 ], [ 3395650.551799999549985, 2726408.255400000140071 ], [ 3397730.078099999576807, 2726735.080399999395013 ], [ 3399883.098500000312924, 2724533.728000000119209 ] ] ], [ [ [ 3395265.410499999299645, 2732438.639599999412894 ], [ 3394429.741399999707937, 2726547.204199999570847 ], [ 3390376.586899999529123, 2727964.525699999183416 ], [ 3389281.875099999830127, 2734927.13990000076592 ], [ 3395265.410499999299645, 2732438.639599999412894 ] ] ], [ [ [ 3384541.674000000581145, 2698676.156300000846386 ], [ 3381294.646199999377131, 2696964.3213 ], [ 3377966.370899999514222, 2699925.800599999725819 ], [ 3382615.289599999785423, 2701930.356799999251962 ], [ 3384541.674000000581145, 2698676.156300000846386 ] ] ], [ [ [ 3374598.2752, 2943140.741900000721216 ], [ 3371855.979299999773502, 2940725.3301 ], [ 3369125.675799999386072, 2944439.972799999639392 ], [ 3373633.604000000283122, 2946320.738900000229478 ], [ 3374598.2752, 2943140.741900000721216 ] ] ], [ [ [ 3338103.780099999159575, 2799830.741100000217557 ], [ 3337786.290500000119209, 2793928.045800000429153 ], [ 3335181.3575, 2796034.8903 ], [ 3334405.642100000753999, 2801101.340700000524521 ], [ 3338103.780099999159575, 2799830.741100000217557 ] ] ], [ [ [ 3333611.162799999117851, 2775835.515699999406934 ], [ 3326771.553099999204278, 2775243.702299999073148 ], [ 3320349.122199999168515, 2784741.937300000339746 ], [ 3328938.612099999561906, 2785364.236500000581145 ], [ 3333611.162799999117851, 2775835.515699999406934 ] ] ], [ [ [ 3317232.5044, 2814298.565600000321865 ], [ 3314267.435200000181794, 2814016.7358 ], [ 3311452.399700000882149, 2818314.651000000536442 ], [ 3315231.655099999159575, 2819179.563100000843406 ], [ 3317232.5044, 2814298.565600000321865 ] ] ], [ [ [ 3216421.341499999165535, 2930122.606799999251962 ], [ 3212861.985600000247359, 2927791.801599999889731 ], [ 3210215.4857, 2931072.626599999144673 ], [ 3214446.2412, 2932896.109899999573827 ], [ 3216421.341499999165535, 2930122.606799999251962 ] ] ], [ [ [ -2654159.57799999974668, 577008.862900000065565 ], [ -2673193.844200000166893, 582038.809699999168515 ], [ -2682968.562400000169873, 579817.245500000193715 ], [ -2690687.465099999681115, 584649.494699999690056 ], [ -2700334.7659, 599991.228900000452995 ], [ -2712446.341300000436604, 610052.485400000587106 ], [ -2709988.511199999600649, 616719.531999999657273 ], [ -2713568.9073, 628609.419900000095367 ], [ -2734215.205, 639190.062699999660254 ], [ -2747908.81319999974221, 659362.106300000101328 ], [ -2751661.481100000441074, 670442.528500000014901 ], [ -2791126.3207, 678352.440700000151992 ], [ -2796683.534, 688413.979900000616908 ], [ -2805530.2632, 696418.557800000533462 ], [ -2817819.33, 719042.283900000154972 ], [ -2824090.7972999997437, 741603.288399999961257 ], [ -2816617.863300000317395, 736030.240399999544024 ], [ -2798634.119900000281632, 737412.342499999329448 ], [ -2769398.192800000309944, 754967.763000000268221 ], [ -2753972.498599999584258, 788470.919600000604987 ], [ -2736520.994800000451505, 792781.4206000007689 ], [ -2718691.259499999694526, 812199.648000000044703 ], [ -2728604.420199999585748, 884266.000499999150634 ], [ -2724159.191599999554455, 896613.513000000268221 ], [ -2725534.068400000222027, 907685.240100000053644 ], [ -2720050.612099999561906, 920751.49269999936223 ], [ -2720336.858900000341237, 931629.119999999180436 ], [ -2707525.475700000301003, 958100.673800000920892 ], [ -2701113.439899999648333, 983132.319299999624491 ], [ -2689401.489199999719858, 994997.440600000321865 ], [ -2671388.06319999974221, 1001458.934299999848008 ], [ -2653715.976300000213087, 1000834.01799999922514 ], [ -2631821.7517, 1007807.0844 ], [ -2629539.455500000156462, 1012602.6513 ], [ -2629000.1393, 1016024.0252 ], [ -2620221.7127, 1022487.804700000211596 ], [ -2606835.096599999815226, 1004508.944499999284744 ], [ -2586784.582600000314415, 962895.254399999976158 ], [ -2567283.0598, 937900.806700000539422 ], [ -2546758.244, 902650.540599999949336 ], [ -2520963.345300000160933, 807333.034299999475479 ], [ -2513234.416199999861419, 797093.349099999293685 ], [ -2500793.666799999773502, 756609.814600000157952 ], [ -2486127.533599999733269, 728582.860400000587106 ], [ -2489072.595599999651313, 686431.838500000536442 ], [ -2486568.493700000457466, 668781.423599999397993 ], [ -2496063.803399999625981, 658243.663599999621511 ], [ -2508768.5291, 658123.504499999806285 ], [ -2516335.897099999710917, 652723.356000000610948 ], [ -2538677.556699999608099, 647652.690199999138713 ], [ -2574384.954900000244379, 627665.737900000065565 ], [ -2592591.915, 624727.612600000575185 ], [ -2598364.0263, 615104.409099999815226 ], [ -2631034.326899999752641, 592976.744899999350309 ], [ -2641205.297799999825656, 580556.04450000077486 ], [ -2654159.57799999974668, 577008.862900000065565 ] ] ], [ [ [ -2562111.161600000225008, 2660041.494100000709295 ], [ -2566034.855399999767542, 2657627.131300000473857 ], [ -2568579.7325, 2663098.42119999974966 ], [ -2564542.621799999848008, 2664297.999299999326468 ], [ -2562111.161600000225008, 2660041.494100000709295 ] ] ], [ [ [ -2569543.6831, 3004527.887499999254942 ], [ -2570077.473799999803305, 3003023.6009 ], [ -2570793.768299999646842, 3003113.653400000184774 ], [ -2571455.144299999810755, 3002126.610200000926852 ], [ -2571804.789300000295043, 2999978.85700000077486 ], [ -2572742.699199999682605, 2999800.10700000077486 ], [ -2572845.339499999769032, 2998562.186000000685453 ], [ -2573373.18790000025183, 2997521.404200000688434 ], [ -2573888.263600000180304, 2998334.07740000076592 ], [ -2576069.137900000438094, 3002701.661599999293685 ], [ -2578724.204199999570847, 3003981.3279 ], [ -2578803.967299999669194, 3004996.488399999216199 ], [ -2578407.614500000141561, 3004673.644099999219179 ], [ -2576903.3449, 3005895.017799999564886 ], [ -2576204.3377, 3006074.584699999541044 ], [ -2575710.198800000362098, 3007119.366499999538064 ], [ -2573975.17989999987185, 3007150.073000000789762 ], [ -2572933.426400000229478, 3005920.261700000613928 ], [ -2571620.610100000165403, 3006778.064600000157952 ], [ -2571150.528, 3005497.620100000873208 ], [ -2570386.847500000149012, 3005852.388399999588728 ], [ -2569543.6831, 3004527.887499999254942 ] ] ], [ [ [ -2583450.020200000144541, 2693849.142699999734759 ], [ -2581394.503399999812245, 2675679.704600000753999 ], [ -2598186.314799999818206, 2686835.20409999974072 ], [ -2606006.616899999789894, 2699679.502100000157952 ], [ -2617530.759600000455976, 2683640.906899999827147 ], [ -2625133.206799999810755, 2682700.520500000566244 ], [ -2630406.440499999560416, 2686476.166500000283122 ], [ -2629923.21100000012666, 2702566.815199999138713 ], [ -2618056.610600000247359, 2728151.049000000581145 ], [ -2609058.115799999795854, 2729517.612800000235438 ], [ -2603463.069199999794364, 2709322.465399999171495 ], [ -2600197.6711, 2705950.045499999076128 ], [ -2591684.102699999697506, 2707146.676200000569224 ], [ -2586412.075400000438094, 2716951.419800000265241 ], [ -2580470.346800000406802, 2715994.9013 ], [ -2578983.214200000278652, 2707677.162599999457598 ], [ -2583450.020200000144541, 2693849.142699999734759 ] ] ], [ [ [ -2600494.746500000357628, 2638079.128799999132752 ], [ -2609643.455500000156462, 2640700.057800000533462 ], [ -2611305.884499999694526, 2646884.112800000235438 ], [ -2609227.0641, 2653931.8246 ], [ -2600207.087299999780953, 2653365.2445 ], [ -2598274.1108, 2645429.590500000864267 ], [ -2600494.746500000357628, 2638079.128799999132752 ] ] ], [ [ [ -2630446.098399999551475, 2672486.4035 ], [ -2634111.818, 2669905.060000000521541 ], [ -2637008.247700000181794, 2675754.0866 ], [ -2631855.4233, 2676068.910800000652671 ], [ -2630446.098399999551475, 2672486.4035 ] ] ], [ [ [ -2663923.285699999891222, 2477481.918299999088049 ], [ -2671264.4561, 2468775.1919 ], [ -2683414.338700000196695, 2495021.532299999147654 ], [ -2676074.8668, 2501436.402499999850988 ], [ -2677771.887500000186265, 2521313.646800000220537 ], [ -2672823.9298, 2544178.0494 ], [ -2663527.592799999751151, 2538826.684499999508262 ], [ -2658455.423600000329316, 2512823.602600000798702 ], [ -2653817.388799999840558, 2505599.883300000801682 ], [ -2660152.394899999722838, 2500940.321599999442697 ], [ -2663923.285699999891222, 2477481.918299999088049 ] ] ] ] } },
{ "type": "Feature", "properties": { "CNTR_ID": "HR", "CNTR_NAME": "Hrvatska", "NAME_ENGL": "Croatia", "NAME_FREN": "Croatie", "ISO3_CODE": "HRV", "SVRG_UN": "UN Member State", "CAPT": "Zagreb", "EU_STAT": "T", "EFTA_STAT": "F", "CC_STAT": "F", "NAME_GERM": "Kroatien" }, "geometry": { "type": "MultiPolygon", "coordinates": [ [ [ [ 4827385.887199999764562, 2618351.319499999284744 ], [ 4848359.343900000676513, 2606260.093299999833107 ], [ 4850286.3542, 2603109.453600000590086 ], [ 4856997.720799999311566, 2594626.391699999570847 ], [ 4874238.801899999380112, 2586627.742000000551343 ], [ 4885838.478399999439716, 2569452.539200000464916 ], [ 4893112.290300000458956, 2564407.832900000736117 ], [ 4908372.031700000166893, 2565035.678999999538064 ], [ 4914925.32799999974668, 2556676.2138 ], [ 4932278.591199999675155, 2550637.501900000497699 ], [ 4935711.276900000870228, 2552486.597200000658631 ], [ 4976514.124900000169873, 2551472.737999999895692 ], [ 4986235.29869999922812, 2559373.022099999710917 ], [ 4992965.734300000593066, 2572438.6327 ], [ 5001803.505100000649691, 2570664.883600000292063 ], [ 5004436.558000000193715, 2574073.984300000593066 ], [ 5009623.063799999654293, 2575455.729599999263883 ], [ 5008837.221999999135733, 2565123.960799999535084 ], [ 5018234.173599999397993, 2553268.448799999430776 ], [ 5016415.308299999684095, 2537275.730599999427795 ], [ 5027027.691500000655651, 2533115.866499999538064 ], [ 5026320.332499999552965, 2528866.556500000879169 ], [ 5023894.805700000375509, 2527513.8914 ], [ 5024761.115399999544024, 2522836.098200000822544 ], [ 5024648.430700000375509, 2515161.456700000911951 ], [ 5039773.363800000399351, 2506617.996999999508262 ], [ 5059522.434299999848008, 2503906.31389999948442 ], [ 5060954.043999999761581, 2497461.703400000929832 ], [ 5051127.777499999850988, 2500142.389699999243021 ], [ 5048472.488299999386072, 2496978.290999999269843 ], [ 5043446.173900000751019, 2497278.11009999923408 ], [ 5039887.902499999850988, 2491768.028899999335408 ], [ 5035006.550699999555945, 2490311.089299999177456 ], [ 5037039.593900000676513, 2481907.257799999788404 ], [ 5037279.593000000342727, 2473996.430500000715256 ], [ 5041794.806500000879169, 2471421.902799999341369 ], [ 5036718.4989, 2465865.764599999412894 ], [ 5031393.178400000557303, 2464716.839999999850988 ], [ 5033462.494000000879169, 2459084.444299999624491 ], [ 5032130.962899999693036, 2458789.02280000038445 ], [ 5018603.418600000441074, 2458336.682 ], [ 5013315.136199999600649, 2462372.292899999767542 ], [ 5013519.923000000417233, 2469093.756100000813603 ], [ 5002845.529400000348687, 2480736.474300000816584 ], [ 4991962.053099999204278, 2480218.4671 ], [ 4992096.800699999555945, 2477232.657199999317527 ], [ 4989376.159700000658631, 2476255.975299999117851 ], [ 4987506.185000000521541, 2477312.576199999079108 ], [ 4983005.714400000870228, 2481114.025399999693036 ], [ 4969914.503599999472499, 2482556.528899999335408 ], [ 4966056.750399999320507, 2476248.737299999222159 ], [ 4950105.395400000736117, 2480584.340299999341369 ], [ 4938806.4342, 2470080.032400000840425 ], [ 4924357.632400000467896, 2476757.559900000691414 ], [ 4911481.692700000479817, 2474339.893999999389052 ], [ 4894293.532500000670552, 2479446.928999999538064 ], [ 4882408.332599999383092, 2477037.9013 ], [ 4864374.583799999207258, 2486721.666799999773502 ], [ 4856917.534900000318885, 2477562.527200000360608 ], [ 4834928.3202, 2479705.704800000414252 ], [ 4824956.432700000703335, 2465926.290500000119209 ], [ 4823963.421, 2459703.712500000372529 ], [ 4821332.039000000804663, 2454074.367799999192357 ], [ 4817078.673800000920892, 2452460.106499999761581 ], [ 4807663.330299999564886, 2458328.438500000163913 ], [ 4792403.85329999960959, 2475047.573100000619888 ], [ 4779875.184000000357628, 2474914.59180000051856 ], [ 4775273.954199999570847, 2469038.323999999091029 ], [ 4776231.726800000295043, 2461653.856300000101328 ], [ 4774160.611099999397993, 2455645.221000000834465 ], [ 4777052.856200000271201, 2448483.408800000324845 ], [ 4774121.2820999994874, 2442304.331499999389052 ], [ 4778212.969699999317527, 2432995.902599999681115 ], [ 4775394.660199999809265, 2429730.582800000905991 ], [ 4776303.3608, 2426951.629799999296665 ], [ 4781944.683399999514222, 2419867.809299999848008 ], [ 4786862.752100000157952, 2420261.327199999243021 ], [ 4789260.994899999350309, 2420925.430500000715256 ], [ 4800243.4167, 2411796.784499999135733 ], [ 4800423.919600000604987, 2402746.027899999171495 ], [ 4808125.633300000801682, 2397208.837200000882149 ], [ 4809424.461500000208616, 2391569.789200000464916 ], [ 4811934.63120000064373, 2386982.376499999314547 ], [ 4811141.2215, 2383571.316400000825524 ], [ 4816369.595599999651313, 2379944.60329999960959 ], [ 4817126.017200000584126, 2367050.533399999141693 ], [ 4814780.090700000524521, 2364825.37529999949038 ], [ 4820405.189300000667572, 2363651.316199999302626 ], [ 4846574.3278, 2341238.208399999886751 ], [ 4888607.599300000816584, 2300352.982599999755621 ], [ 4909728.021500000730157, 2290643.209899999201298 ], [ 4912039.432700000703335, 2277348.505100000649691 ], [ 4922969.86089999973774, 2264968.728900000452995 ], [ 4927361.324799999594688, 2260012.123999999836087 ], [ 4942660.548000000417233, 2252114.9506 ], [ 4946689.888900000602007, 2246408.794600000604987 ], [ 4949500.968299999833107, 2239537.343800000846386 ], [ 4940446.445499999448657, 2234753.408700000494719 ], [ 4935260.682700000703335, 2236051.2668999992311 ], [ 4926672.7668999992311, 2244390.310799999162555 ], [ 4920627.901799999177456, 2249010.588500000536442 ], [ 4898083.102900000289083, 2262557.7642 ], [ 4880054.220000000670552, 2278968.062699999660254 ], [ 4842889.375199999660254, 2288765.824500000104308 ], [ 4839662.74070000089705, 2292918.36629999987781 ], [ 4832438.728800000622869, 2291554.055299999192357 ], [ 4832171.424200000241399, 2285665.7949 ], [ 4824477.792099999263883, 2287966.515900000929832 ], [ 4810421.285900000482798, 2282922.861500000581145 ], [ 4808250.00760000012815, 2285465.871099999174476 ], [ 4802090.683700000867248, 2289693.720100000500679 ], [ 4798519.105499999597669, 2303454.976299999281764 ], [ 4794272.698899999260902, 2306595.668199999257922 ], [ 4792352.920800000429153, 2303630.143500000238419 ], [ 4790121.337500000372529, 2309171.363500000908971 ], [ 4775056.322300000116229, 2313737.0241 ], [ 4775355.8871, 2319683.385600000619888 ], [ 4769943.834000000730157, 2319953.904999999329448 ], [ 4768405.114499999210238, 2323527.017799999564886 ], [ 4759337.057600000873208, 2329295.80629999935627 ], [ 4754961.752100000157952, 2326043.0197 ], [ 4746845.854900000616908, 2333237.562000000849366 ], [ 4745861.19679999910295, 2335610.597400000318885 ], [ 4749240.303600000217557, 2338150.424499999731779 ], [ 4734807.212200000882149, 2354978.651599999517202 ], [ 4731425.770700000226498, 2363393.8487 ], [ 4736610.148, 2364783.805700000375509 ], [ 4737067.089500000700355, 2367854.89049999974668 ], [ 4729723.635900000110269, 2372109.8191 ], [ 4710699.449100000783801, 2392442.356899999082088 ], [ 4707473.373400000855327, 2400190.957399999722838 ], [ 4712078.608899999409914, 2400042.5515 ], [ 4715954.96030000038445, 2395375.184000000357628 ], [ 4712122.93610000051558, 2393692.560900000855327 ], [ 4736740.4189, 2376217.514399999752641 ], [ 4741029.088400000706315, 2366356.207100000232458 ], [ 4746156.893500000238419, 2369881.587099999189377 ], [ 4760081.112500000745058, 2364749.060699999332428 ], [ 4762730.82179999910295, 2358971.1031 ], [ 4766064.416200000792742, 2360165.5929000005126 ], [ 4761687.610500000417233, 2366432.7785 ], [ 4743128.656899999827147, 2376332.068800000473857 ], [ 4726633.038799999281764, 2390670.823999999091029 ], [ 4721748.187599999830127, 2391680.51659999974072 ], [ 4710679.655500000342727, 2411926.0439 ], [ 4708015.81279999949038, 2424535.2917 ], [ 4708900.031999999657273, 2438848.2544 ], [ 4706013.170399999246001, 2448078.614099999889731 ], [ 4700195.610300000756979, 2456911.371200000867248 ], [ 4687508.500700000673532, 2463637.8487 ], [ 4688094.8695, 2457100.435100000351667 ], [ 4696343.645899999886751, 2447095.466199999675155 ], [ 4697756.666400000452995, 2440903.589700000360608 ], [ 4692879.888699999079108, 2439051.717399999499321 ], [ 4674730.306600000709295, 2447120.118100000545382 ], [ 4672712.656999999657273, 2452048.518500000238419 ], [ 4677273.151900000870228, 2460308.216099999845028 ], [ 4677745.568099999800324, 2471076.842199999839067 ], [ 4672278.859300000593066, 2476599.027599999681115 ], [ 4665375.49239999987185, 2478670.73589999973774 ], [ 4659422.646600000560284, 2476968.243000000715256 ], [ 4653693.829900000244379, 2458516.565199999138713 ], [ 4648840.456000000238419, 2447314.863500000908971 ], [ 4649163.57909999974072, 2438261.714400000870228 ], [ 4642273.102600000798702, 2437095.394300000742078 ], [ 4635942.224899999797344, 2419962.7043999992311 ], [ 4630842.569700000807643, 2417971.69679999910295 ], [ 4624379.112199999392033, 2422239.338500000536442 ], [ 4619628.275800000876188, 2434939.78690000064671 ], [ 4610697.558299999684095, 2445312.402300000190735 ], [ 4607632.090800000354648, 2446842.135800000280142 ], [ 4603597.805600000545382, 2456779.644300000742078 ], [ 4602286.785299999639392, 2472158.891200000420213 ], [ 4594902.568, 2492215.459799999371171 ], [ 4601602.854499999433756, 2491898.667400000616908 ], [ 4601650.1897, 2491879.831199999898672 ], [ 4603067.131100000813603, 2490667.990900000557303 ], [ 4606305.751700000837445, 2489918.0153 ], [ 4608439.3476, 2488541.873500000685453 ], [ 4616268.708599999547005, 2490743.928300000727177 ], [ 4625096.2949, 2487760.644300000742078 ], [ 4632239.684900000691414, 2491031.583799999207258 ], [ 4633963.9112, 2498141.8278 ], [ 4642725.096200000494719, 2494425.270500000566244 ], [ 4643271.76380000077188, 2494333.596899999305606 ], [ 4661003.715800000354648, 2495082.467800000682473 ], [ 4670500.143300000578165, 2501582.863299999386072 ], [ 4672677.004200000315905, 2506982.918700000271201 ], [ 4677322.004799999296665, 2517580.977800000458956 ], [ 4687210.7489, 2508048.993899999186397 ], [ 4688143.866699999198318, 2503137.210999999195337 ], [ 4695417.110400000587106, 2499640.321000000461936 ], [ 4699759.443, 2496032.413100000470877 ], [ 4709029.627499999478459, 2501672.48200000077486 ], [ 4716567.794700000435114, 2500082.71169999986887 ], [ 4724435.894600000232458, 2493844.44510000012815 ], [ 4730255.14130000025034, 2493771.172499999403954 ], [ 4739765.583499999716878, 2500942.027300000190735 ], [ 4734608.212799999862909, 2511730.142899999395013 ], [ 4734740.52309999987483, 2516233.15819999948144 ], [ 4741624.512900000438094, 2520355.405899999663234 ], [ 4738339.2347999997437, 2524997.125499999150634 ], [ 4733497.927400000393391, 2524256.911399999633431 ], [ 4730611.982999999076128, 2527073.664200000464916 ], [ 4733441.292300000786781, 2530298.157500000670552 ], [ 4734806.839099999517202, 2531116.747899999842048 ], [ 4735901.151399999856949, 2531543.503399999812245 ], [ 4741355.791999999433756, 2535267.372700000181794 ], [ 4745926.307299999520183, 2536367.066400000825524 ], [ 4746859.9211, 2539537.371899999678135 ], [ 4751299.710899999365211, 2541504.5351 ], [ 4763131.550499999895692, 2542480.387900000438094 ], [ 4763299.5793999992311, 2557234.899800000712276 ], [ 4763692.604000000283122, 2566129.0482 ], [ 4756287.572599999606609, 2569024.976700000464916 ], [ 4754136.037399999797344, 2575016.882400000467896 ], [ 4756153.613900000229478, 2580135.13910000026226 ], [ 4758812.758400000631809, 2584942.247400000691414 ], [ 4766055.625099999830127, 2583998.031199999153614 ], [ 4767522.001499999314547, 2589203.247700000181794 ], [ 4773159.765000000596046, 2591453.277000000700355 ], [ 4773660.136600000783801, 2591919.5329 ], [ 4776601.660800000652671, 2593299.675499999895692 ], [ 4780988.285599999129772, 2595598.384500000625849 ], [ 4785593.882500000298023, 2599203.4543999992311 ], [ 4788221.822300000116229, 2600880.761399999260902 ], [ 4786722.397399999201298, 2605302.0461 ], [ 4786861.54109999909997, 2605708.395400000736117 ], [ 4798519.9079, 2605607.239700000733137 ], [ 4805669.139699999243021, 2605574.074899999424815 ], [ 4802817.219399999827147, 2611369.866900000721216 ], [ 4800109.804199999198318, 2617566.999600000679493 ], [ 4800788.5044, 2618784.492599999532104 ], [ 4805224.338400000706315, 2621833.80599999986589 ], [ 4807445.639499999582767, 2623880.098099999129772 ], [ 4827385.887199999764562, 2618351.319499999284744 ] ] ], [ [ [ 4893823.932800000533462, 2241893.36119999922812 ], [ 4898411.403100000694394, 2239987.523600000888109 ], [ 4905981.747199999168515, 2240909.822599999606609 ], [ 4915086.873400000855327, 2240000.731499999761581 ], [ 4927757.830800000578165, 2235455.185200000181794 ], [ 4930638.949500000104308, 2232669.979299999773502 ], [ 4932752.307, 2233163.331199999898672 ], [ 4944882.8619, 2228982.388000000268221 ], [ 4946488.085799999535084, 2229853.174799999222159 ], [ 4949995.67339999973774, 2233483.994699999690056 ], [ 4960680.328500000759959, 2233417.593599999323487 ], [ 4967126.682499999180436, 2224131.344200000166893 ], [ 4997631.082100000232458, 2204530.9452 ], [ 5004605.531099999323487, 2205758.20920000039041 ], [ 5014573.749299999326468, 2200024.639699999243021 ], [ 5016686.092499999329448, 2192067.499800000339746 ], [ 5023284.755300000309944, 2185938.9858 ], [ 5002450.642000000923872, 2195595.25789999961853 ], [ 4994540.11570000089705, 2204440.912200000137091 ], [ 4984832.348999999463558, 2206627.112400000914931 ], [ 4975888.637599999085069, 2212139.943299999460578 ], [ 4975206.939099999144673, 2211950.8213 ], [ 4975041.2939, 2211087.840199999511242 ], [ 4976324.777899999171495, 2209277.146500000730157 ], [ 4972513.574300000444055, 2207674.4342 ], [ 4969675.909099999815226, 2209985.305299999192357 ], [ 4972626.72690000012517, 2212504.31110000051558 ], [ 4972735.38150000013411, 2214101.657999999821186 ], [ 4971065.065199999138713, 2215100.974999999627471 ], [ 4965542.824899999424815, 2213504.709300000220537 ], [ 4964237.814200000837445, 2215492.359899999573827 ], [ 4966842.693800000473857, 2217216.953500000759959 ], [ 4962710.0757, 2221449.974700000137091 ], [ 4955675.870799999684095, 2219642.832599999383092 ], [ 4937306.723300000652671, 2224031.00870000012219 ], [ 4915882.325899999588728, 2233459.68019999936223 ], [ 4907034.529899999499321, 2235681.828400000929832 ], [ 4904922.722200000658631, 2234136.916200000792742 ], [ 4906815.994799999520183, 2231062.525499999523163 ], [ 4905526.24100000038743, 2228658.853399999439716 ], [ 4891809.417400000616908, 2228385.70380000025034 ], [ 4877569.067900000140071, 2224215.492200000211596 ], [ 4865190.516000000759959, 2226717.113099999725819 ], [ 4868103.050699999555945, 2233091.740399999544024 ], [ 4880419.879599999636412, 2231492.640100000426173 ], [ 4894640.561300000175834, 2234992.366699999198318 ], [ 4893075.808499999344349, 2241608.434399999678135 ], [ 4893823.932800000533462, 2241893.36119999922812 ] ] ], [ [ [ 4930963.648399999365211, 2216732.411299999803305 ], [ 4928969.887800000607967, 2215755.49970000050962 ], [ 4917327.272700000554323, 2220113.702500000596046 ], [ 4919842.494699999690056, 2221340.769300000742078 ], [ 4930963.648399999365211, 2216732.411299999803305 ] ] ], [ [ [ 4889344.482799999415874, 2208248.050300000235438 ], [ 4885185.635500000789762, 2205445.33530000038445 ], [ 4878927.42960000038147, 2209382.393699999898672 ], [ 4885198.0362, 2211807.398499999195337 ], [ 4889344.482799999415874, 2208248.050300000235438 ] ] ], [ [ [ 4880214.897900000214577, 2269341.988600000739098 ], [ 4872515.985200000926852, 2263846.365499999374151 ], [ 4852842.10219999961555, 2262873.693600000813603 ], [ 4843404.010099999606609, 2267446.5998 ], [ 4840729.466499999165535, 2276325.790300000458956 ], [ 4870623.631999999284744, 2275085.280600000172853 ], [ 4880214.897900000214577, 2269341.988600000739098 ] ] ], [ [ [ 4869243.927699999883771, 2250917.416600000113249 ], [ 4860215.366499999538064, 2247040.434599999338388 ], [ 4843058.199500000104308, 2254560.627499999478459 ], [ 4853864.674000000581145, 2261314.926999999210238 ], [ 4869243.927699999883771, 2250917.416600000113249 ] ] ], [ [ [ 4836742.862099999561906, 2274172.528999999165535 ], [ 4832151.011299999430776, 2272249.036599999293685 ], [ 4825343.429300000891089, 2276402.51799999922514 ], [ 4832733.704500000923872, 2278694.614 ], [ 4836742.862099999561906, 2274172.528999999165535 ] ] ], [ [ [ 4830561.636900000274181, 2236296.267400000244379 ], [ 4823687.224700000137091, 2231202.767400000244379 ], [ 4815302.393300000578165, 2235901.119200000539422 ], [ 4824047.344100000336766, 2240383.829700000584126 ], [ 4830561.636900000274181, 2236296.267400000244379 ] ] ], [ [ [ 4822323.511700000613928, 2281742.347899999469519 ], [ 4820096.309900000691414, 2277778.090399999171495 ], [ 4815353.062599999830127, 2278923.309000000357628 ], [ 4818801.947100000455976, 2282460.404899999499321 ], [ 4822323.511700000613928, 2281742.347899999469519 ] ] ], [ [ [ 4813850.49210000038147, 2225211.013900000602007 ], [ 4809663.009700000286102, 2223436.668700000271201 ], [ 4810477.054999999701977, 2229594.803300000727177 ], [ 4812414.507799999788404, 2230701.090500000864267 ], [ 4813850.49210000038147, 2225211.013900000602007 ] ] ], [ [ [ 4793844.02140000090003, 2233104.307499999180436 ], [ 4791278.579700000584126, 2228742.479800000786781 ], [ 4787096.253799999132752, 2230182.994799999520183 ], [ 4790685.682800000533462, 2233899.895300000905991 ], [ 4793844.02140000090003, 2233104.307499999180436 ] ] ], [ [ [ 4782360.022399999201298, 2297191.164799999445677 ], [ 4779266.36629999987781, 2296755.673900000751019 ], [ 4775267.752100000157952, 2300562.102800000458956 ], [ 4778925.941500000655651, 2302017.362099999561906 ], [ 4782360.022399999201298, 2297191.164799999445677 ] ] ], [ [ [ 4766796.625600000843406, 2320113.478000000119209 ], [ 4764125.36710000038147, 2317692.971899999305606 ], [ 4760760.566099999472499, 2320946.264799999073148 ], [ 4764188.327099999412894, 2323656.498800000175834 ], [ 4766796.625600000843406, 2320113.478000000119209 ] ] ], [ [ [ 4751022.935100000351667, 2316573.19480000063777 ], [ 4754239.528599999845028, 2310257.001700000837445 ], [ 4749890.976099999621511, 2310185.85950000025332 ], [ 4745763.383899999782443, 2314641.69620000012219 ], [ 4751022.935100000351667, 2316573.19480000063777 ] ] ], [ [ [ 4752981.68720000050962, 2321472.250399999320507 ], [ 4750164.124199999496341, 2318874.081499999389052 ], [ 4746071.709899999201298, 2321159.431700000539422 ], [ 4750215.9485, 2324091.991100000217557 ], [ 4752981.68720000050962, 2321472.250399999320507 ] ] ], [ [ [ 4741723.925899999216199, 2341083.404200000688434 ], [ 4737854.9222999997437, 2339463.094100000336766 ], [ 4732590.330700000748038, 2343672.489 ], [ 4738511.993100000545382, 2345107.300599999725819 ], [ 4741723.925899999216199, 2341083.404200000688434 ] ] ], [ [ [ 4734811.910599999129772, 2325883.532400000840425 ], [ 4735116.330800000578165, 2323641.8936 ], [ 4733441.847699999809265, 2324296.864800000563264 ], [ 4719679.1776, 2342208.424499999731779 ], [ 4721233.477700000628829, 2343067.012599999085069 ], [ 4725472.994599999859929, 2342184.537900000810623 ], [ 4734811.910599999129772, 2325883.532400000840425 ] ] ], [ [ [ 4728463.127000000327826, 2367966.083699999377131 ], [ 4725477.175499999895692, 2365869.090500000864267 ], [ 4721543.113099999725819, 2368887.792700000107288 ], [ 4725473.524900000542402, 2371039.505100000649691 ], [ 4728463.127000000327826, 2367966.083699999377131 ] ] ], [ [ [ 4724759.704900000244379, 2349876.648 ], [ 4721975.921399999409914, 2348234.6974 ], [ 4718338.444199999794364, 2351768.737800000235438 ], [ 4721946.312400000169873, 2353829.459899999201298 ], [ 4724759.704900000244379, 2349876.648 ] ] ], [ [ [ 4715247.493699999526143, 2357508.743899999186397 ], [ 4713150.23369999974966, 2354671.285599999129772 ], [ 4709389.643699999898672, 2356932.936799999326468 ], [ 4711554.144799999892712, 2360631.36739999987185 ], [ 4715247.493699999526143, 2357508.743899999186397 ] ] ], [ [ [ 4708129.356499999761581, 2357632.404400000348687 ], [ 4703254.956599999219179, 2356174.736300000920892 ], [ 4696475.1402000002563, 2360861.429300000891089 ], [ 4703314.086500000208616, 2363494.209899999201298 ], [ 4708129.356499999761581, 2357632.404400000348687 ] ] ], [ [ [ 4706293.120100000873208, 2412159.72719999961555 ], [ 4703797.102099999785423, 2411179.861099999397993 ], [ 4689904.468800000846386, 2420057.385500000789762 ], [ 4693750.456000000238419, 2426244.0131 ], [ 4697513.968399999663234, 2428002.164899999275804 ], [ 4697674.840500000864267, 2423080.599500000476837 ], [ 4706293.120100000873208, 2412159.72719999961555 ] ] ], [ [ [ 4704327.519999999552965, 2378371.379300000146031 ], [ 4704394.793500000610948, 2371866.4945 ], [ 4699970.041200000792742, 2373381.679700000211596 ], [ 4700926.870100000873208, 2378701.793099999427795 ], [ 4704327.519999999552965, 2378371.379300000146031 ] ] ], [ [ [ 4703389.913799999281764, 2434128.965099999681115 ], [ 4700590.713600000366569, 2431719.328400000929832 ], [ 4696654.4846, 2434108.804300000891089 ], [ 4700739.2347999997437, 2436977.111700000241399 ], [ 4703389.913799999281764, 2434128.965099999681115 ] ] ], [ [ [ 4701575.38910000026226, 2406014.873500000685453 ], [ 4699191.6316, 2404369.528699999675155 ], [ 4696080.646199999377131, 2408441.203600000590086 ], [ 4699088.291799999773502, 2410886.004200000315905 ], [ 4701575.38910000026226, 2406014.873500000685453 ] ] ], [ [ [ 4697591.610200000926852, 2375523.047900000587106 ], [ 4695023.0197, 2374245.901799999177456 ], [ 4691227.109099999070168, 2377541.520099999383092 ], [ 4694956.913699999451637, 2379879.336500000208616 ], [ 4697591.610200000926852, 2375523.047900000587106 ] ] ], [ [ [ 4684902.66190000064671, 2382462.4254 ], [ 4681347.05350000038743, 2381840.852 ], [ 4676179.085400000214577, 2387907.98589999973774 ], [ 4681929.453500000759959, 2388411.160000000149012 ], [ 4684902.66190000064671, 2382462.4254 ] ] ], [ [ [ 4681428.011199999600649, 2438061.398199999704957 ], [ 4678586.0208, 2437086.013699999079108 ], [ 4674865.187100000679493, 2440733.453400000929832 ], [ 4678490.3443, 2442514.85869999974966 ], [ 4681428.011199999600649, 2438061.398199999704957 ] ] ], [ [ [ 4673269.7676, 2437929.00789999961853 ], [ 4677875.996500000357628, 2402130.178899999707937 ], [ 4672659.198100000619888, 2402792.0153 ], [ 4670369.703600000590086, 2399579.190400000661612 ], [ 4667928.6897, 2403233.6381 ], [ 4668088.030500000342727, 2415477.57660000026226 ], [ 4663376.803300000727177, 2430706.11879999935627 ], [ 4666925.332900000736117, 2436850.08809999935329 ], [ 4658497.081599999219179, 2452980.017699999734759 ], [ 4660954.0417, 2457257.690199999138713 ], [ 4663461.600600000470877, 2457044.803400000557303 ], [ 4673269.7676, 2437929.00789999961853 ] ] ], [ [ [ 4660750.726800000295043, 2405822.558900000527501 ], [ 4659806.971100000664592, 2399131.769899999722838 ], [ 4656458.7478, 2401386.46169999986887 ], [ 4657970.002299999818206, 2405519.40059999935329 ], [ 4660750.726800000295043, 2405822.558900000527501 ] ] ] ] } },
{ "type": "Feature", "properties": { "CNTR_ID": "HU", "CNTR_NAME": "Magyarország", "NAME_ENGL": "Hungary", "NAME_FREN": "Hongrie", "ISO3_CODE": "HUN", "SVRG_UN": "UN Member State", "CAPT": "Budapest", "EU_STAT": "T", "EFTA_STAT": "F", "CC_STAT": "F", "NAME_GERM": "Ungarn" }, "geometry": { "type": "Polygon", "coordinates": [ [ [ 5174886.756400000303984, 2888488.296599999070168 ], [ 5181654.367799999192357, 2877357.671800000593066 ], [ 5184093.749500000849366, 2875540.088700000196695 ], [ 5187857.534499999135733, 2872739.830700000748038 ], [ 5214660.05519999936223, 2880853.822699999436736 ], [ 5216710.214400000870228, 2884027.482699999585748 ], [ 5223334.664200000464916, 2886101.122400000691414 ], [ 5228320.877000000327826, 2879148.528000000864267 ], [ 5234851.018100000917912, 2870068.047700000926852 ], [ 5244648.552400000393391, 2870346.524000000208616 ], [ 5250548.122099999338388, 2865613.569499999284744 ], [ 5255245.502000000327826, 2857060.2182 ], [ 5270648.168299999088049, 2860097.408900000154972 ], [ 5275520.179199999198318, 2854275.299200000241399 ], [ 5275309.665500000119209, 2846586.242000000551343 ], [ 5279162.072699999436736, 2843993.092700000852346 ], [ 5266077.544399999082088, 2823506.787699999287724 ], [ 5258706.588500000536442, 2820024.957699999213219 ], [ 5250803.189200000837445, 2821873.5362 ], [ 5246875.674499999731779, 2816426.2467 ], [ 5239556.193800000473857, 2813649.072599999606609 ], [ 5232859.479299999773502, 2796039.156500000506639 ], [ 5228997.354699999094009, 2795170.508099999278784 ], [ 5222547.36009999923408, 2783654.223500000312924 ], [ 5224569.661299999803305, 2771322.483200000599027 ], [ 5218752.732799999415874, 2766738.431199999526143 ], [ 5212360.485500000417233, 2738261.124099999666214 ], [ 5207478.286800000816584, 2734326.0713 ], [ 5206363.200500000268221, 2731748.790899999439716 ], [ 5203937.852299999445677, 2726154.847100000828505 ], [ 5205625.540300000458956, 2721752.317600000649691 ], [ 5196029.646999999880791, 2696980.767899999395013 ], [ 5198455.003100000321865, 2690807.595899999141693 ], [ 5193451.10050000064075, 2687033.557700000703335 ], [ 5193727.933399999514222, 2682800.770400000736117 ], [ 5185298.326500000432134, 2677847.6919 ], [ 5182856.374500000849366, 2665075.488800000399351 ], [ 5186667.3147, 2656565.296800000593066 ], [ 5180757.584499999880791, 2652874.435799999162555 ], [ 5178829.660299999639392, 2642202.316199999302626 ], [ 5172967.433800000697374, 2635013.716900000348687 ], [ 5149175.464800000190735, 2633827.465399999171495 ], [ 5145578.142300000414252, 2620383.843800000846386 ], [ 5139988.249099999666214, 2616706.715299999341369 ], [ 5130399.95299999974668, 2620792.272399999201298 ], [ 5126774.659099999815226, 2616512.717599999159575 ], [ 5118284.4506, 2616977.192399999126792 ], [ 5112369.800899999216199, 2611777.795499999076128 ], [ 5090375.030999999493361, 2614331.992499999701977 ], [ 5081487.054199999198318, 2610251.441800000146031 ], [ 5076621.379499999806285, 2607952.845599999651313 ], [ 5068153.690899999812245, 2612699.3581000007689 ], [ 5056817.836200000718236, 2608738.726500000804663 ], [ 5048929.388000000268221, 2595104.6941 ], [ 5039836.893400000408292, 2590293.0779 ], [ 5040491.768200000748038, 2587133.380799999460578 ], [ 5029808.83390000090003, 2586565.107799999415874 ], [ 5025061.58420000039041, 2590028.625399999320507 ], [ 5022575.491599999368191, 2582057.6119 ], [ 5009623.063799999654293, 2575455.729599999263883 ], [ 5004436.558000000193715, 2574073.984300000593066 ], [ 5001803.505100000649691, 2570664.883600000292063 ], [ 4992965.734300000593066, 2572438.6327 ], [ 4986235.29869999922812, 2559373.022099999710917 ], [ 4976514.124900000169873, 2551472.737999999895692 ], [ 4935711.276900000870228, 2552486.597200000658631 ], [ 4932278.591199999675155, 2550637.501900000497699 ], [ 4914925.32799999974668, 2556676.2138 ], [ 4908372.031700000166893, 2565035.678999999538064 ], [ 4893112.290300000458956, 2564407.832900000736117 ], [ 4885838.478399999439716, 2569452.539200000464916 ], [ 4874238.801899999380112, 2586627.742000000551343 ], [ 4856997.720799999311566, 2594626.391699999570847 ], [ 4850286.3542, 2603109.453600000590086 ], [ 4848359.343900000676513, 2606260.093299999833107 ], [ 4827385.887199999764562, 2618351.319499999284744 ], [ 4810092.53999999910593, 2634938.5395 ], [ 4810106.784299999475479, 2637569.637900000438094 ], [ 4811924.674200000241399, 2638010.378000000491738 ], [ 4812050.648399999365211, 2640867.384600000455976 ], [ 4807820.879100000485778, 2642104.217399999499321 ], [ 4807826.134600000455976, 2644113.741900000721216 ], [ 4802850.442199999466538, 2649905.775299999862909 ], [ 4802742.017799999564886, 2652079.694399999454618 ], [ 4804482.596000000834465, 2653385.032800000160933 ], [ 4804706.5164, 2656473.045800000429153 ], [ 4800935.865000000223517, 2659598.056399999186397 ], [ 4791723.61629999987781, 2657786.7237 ], [ 4788640.346300000324845, 2657416.9879 ], [ 4786947.849600000306964, 2658724.939799999818206 ], [ 4799406.698699999600649, 2673994.5044 ], [ 4813562.885600000619888, 2676242.440300000831485 ], [ 4814222.040200000628829, 2682817.889799999073148 ], [ 4812246.78830000013113, 2686018.949999999254942 ], [ 4815257.954700000584126, 2690695.426400000229478 ], [ 4807855.550100000575185, 2696964.919600000604987 ], [ 4810971.502000000327826, 2707101.7796 ], [ 4806751.443399999290705, 2714374.621899999678135 ], [ 4808200.015799999237061, 2720050.078099999576807 ], [ 4816353.187400000169873, 2721428.815300000831485 ], [ 4821838.777799999341369, 2726165.965099999681115 ], [ 4825187.030099999159575, 2736755.026699999347329 ], [ 4820900.063300000503659, 2744414.619999999180436 ], [ 4802912.689200000837445, 2748897.516799999400973 ], [ 4815754.558299999684095, 2760165.706199999898672 ], [ 4823867.05350000038743, 2758357.3454 ], [ 4828822.750800000503659, 2753177.503399999812245 ], [ 4835316.455299999564886, 2756805.6798 ], [ 4839000.692399999126792, 2754803.350999999791384 ], [ 4849028.332100000232458, 2757401.139399999752641 ], [ 4850697.823000000789762, 2760172.219200000166893 ], [ 4848746.325099999085069, 2767424.762800000607967 ], [ 4846885.337300000712276, 2774804.914599999785423 ], [ 4850784.224999999627471, 2779763.2522 ], [ 4851097.489700000733137, 2787953.334599999710917 ], [ 4854633.284299999475479, 2791782.465199999511242 ], [ 4861008.69400000013411, 2793004.771600000560284 ], [ 4868724.517100000753999, 2790454.009099999442697 ], [ 4877697.636199999600649, 2781139.943099999800324 ], [ 4893429.051000000908971, 2771886.7873 ], [ 4897845.192700000479817, 2768465.3465 ], [ 4912119.791200000792742, 2767793.6554000005126 ], [ 4966205.810000000521541, 2776172.087099999189377 ], [ 4976165.006999999284744, 2783554.062599999830127 ], [ 4982292.119899999350309, 2784489.221699999645352 ], [ 4975244.3783, 2791104.9408 ], [ 4974149.400499999523163, 2800923.596200000494719 ], [ 4978440.951199999079108, 2809617.436300000175834 ], [ 4985039.75650000013411, 2811661.4112 ], [ 4991117.54700000025332, 2814757.434000000357628 ], [ 5007266.114499999210238, 2814562.726099999621511 ], [ 5024635.511900000274181, 2821800.565300000831485 ], [ 5027354.082000000402331, 2832691.810200000181794 ], [ 5034424.13150000013411, 2838962.274800000712276 ], [ 5057570.10219999961555, 2829911.38990000076592 ], [ 5066406.083499999716878, 2834643.919199999421835 ], [ 5072512.981300000101328, 2844302.960200000554323 ], [ 5084278.251000000163913, 2849148.746899999678135 ], [ 5092186.100600000470877, 2871555.909199999645352 ], [ 5095241.698400000110269, 2879548.74100000038743 ], [ 5109388.116900000721216, 2885972.059000000357628 ], [ 5117489.356599999591708, 2887880.159900000318885 ], [ 5139960.532199999317527, 2882771.92 ], [ 5162176.114499999210238, 2894752.5526 ], [ 5174886.756400000303984, 2888488.296599999070168 ] ] ] } },
{ "type": "Feature", "properties": { "CNTR_ID": "IE", "CNTR_NAME": "Ireland-Éire", "NAME_ENGL": "Ireland", "NAME_FREN": "Irlande", "ISO3_CODE": "IRL", "SVRG_UN": "UN Member State", "CAPT": "Dublin", "EU_STAT": "T", "EFTA_STAT": "F", "CC_STAT": "F", "NAME_GERM": "Irland" }, "geometry": { "type": "MultiPolygon", "coordinates": [ [ [ [ 3230329.813999999314547, 3682748.464600000530481 ], [ 3220774.679199999198318, 3679132.401399999856949 ], [ 3212333.933800000697374, 3663240.046700000762939 ], [ 3207465.686799999326468, 3657640.075400000438094 ], [ 3203259.94510000012815, 3652812.884800000116229 ], [ 3190108.463400000706315, 3651683.928999999538064 ], [ 3185445.515799999237061, 3654940.270700000226498 ], [ 3179899.167899999767542, 3651536.434800000861287 ], [ 3181793.898299999535084, 3645656.2884 ], [ 3190028.450899999588728, 3639927.6601 ], [ 3178518.36570000089705, 3634959.017899999395013 ], [ 3168712.792600000277162, 3636497.82909999974072 ], [ 3158430.294800000265241, 3629719.852099999785423 ], [ 3161553.969799999147654, 3620027.622899999842048 ], [ 3164332.748099999502301, 3616133.995799999684095 ], [ 3169981.266200000420213, 3608249.579600000753999 ], [ 3171910.9543999992311, 3598620.938500000163913 ], [ 3179714.408299999311566, 3595601.810399999842048 ], [ 3186109.965399999171495, 3586294.677699999883771 ], [ 3204786.457000000402331, 3583752.570599999278784 ], [ 3213873.196900000795722, 3591529.926000000908971 ], [ 3214939.145400000736117, 3602580.729100000113249 ], [ 3216220.307099999859929, 3603162.020300000905991 ], [ 3227774.497899999842048, 3608426.24970000050962 ], [ 3233835.760900000110269, 3598904.057 ], [ 3235160.656999999657273, 3596830.44480000063777 ], [ 3236888.061300000175834, 3582907.341700000688434 ], [ 3245165.724899999797344, 3577208.32010000012815 ], [ 3241508.129899999126792, 3565215.308900000527501 ], [ 3244766.92879999987781, 3561754.35359999909997 ], [ 3257450.43019999936223, 3560599.207800000905991 ], [ 3261337.30489999987185, 3564371.676899999380112 ], [ 3267014.159499999135733, 3563205.955800000578165 ], [ 3266978.0165, 3563150.629799999296665 ], [ 3274314.679400000721216, 3550446.677999999374151 ], [ 3269560.753399999812245, 3548640.727900000289083 ], [ 3261109.38260000012815, 3553617.153300000354648 ], [ 3256692.6272, 3548860.311499999836087 ], [ 3256515.351500000804663, 3541309.987999999895692 ], [ 3261939.6108, 3536283.664300000295043 ], [ 3258795.586300000548363, 3521515.346899999305606 ], [ 3258729.96030000038445, 3511382.4353 ], [ 3264925.798000000417233, 3500092.9474 ], [ 3258848.736099999397993, 3491377.260199999436736 ], [ 3258066.758199999108911, 3485800.091199999675155 ], [ 3251754.33530000038445, 3480319.96680000051856 ], [ 3256133.370699999853969, 3471120.122199999168515 ], [ 3255284.311799999326468, 3463699.253499999642372 ], [ 3256494.860300000756979, 3452842.374199999496341 ], [ 3254592.42339999973774, 3434880.1327 ], [ 3243400.134800000116229, 3419552.351299999281764 ], [ 3240880.342199999839067, 3412798.431800000369549 ], [ 3233380.539300000295043, 3403542.356599999591708 ], [ 3231469.181500000879169, 3392065.5965 ], [ 3220220.3783, 3381135.776900000870228 ], [ 3216830.506799999624491, 3374567.754699999466538 ], [ 3211296.960799999535084, 3374235.200300000607967 ], [ 3210968.283399999141693, 3370709.703700000420213 ], [ 3216362.772299999371171, 3361167.45130000077188 ], [ 3213253.36009999923408, 3356010.655200000852346 ], [ 3198062.5197, 3358204.291899999603629 ], [ 3191989.505100000649691, 3363703.921299999579787 ], [ 3186234.902200000360608, 3364548.433800000697374 ], [ 3184879.159299999475479, 3366460.429999999701977 ], [ 3177853.271800000220537, 3361416.388000000268221 ], [ 3174342.214199999347329, 3370083.344100000336766 ], [ 3171583.896500000730157, 3363352.732599999755621 ], [ 3168161.526100000366569, 3361385.260900000110269 ], [ 3145360.518999999389052, 3366501.1338 ], [ 3128256.209300000220537, 3365590.388299999758601 ], [ 3125749.600600000470877, 3363697.196100000292063 ], [ 3128330.145099999383092, 3359281.317099999636412 ], [ 3125854.895500000566244, 3354736.952299999073148 ], [ 3116100.921499999240041, 3351963.593900000676513 ], [ 3108541.127599999308586, 3354476.724300000816584 ], [ 3093217.102099999785423, 3346035.275299999862909 ], [ 3076346.941400000825524, 3344748.578700000420213 ], [ 3052258.819599999114871, 3333675.933000000193715 ], [ 2996262.316199999302626, 3331168.466700000688434 ], [ 2975499.72829999960959, 3340227.918199999257922 ], [ 2975746.825300000607967, 3345166.096599999815226 ], [ 2980277.604699999094009, 3355235.603399999439716 ], [ 2958195.244200000539422, 3358692.125700000673532 ], [ 2959566.558800000697374, 3371832.871999999508262 ], [ 2943135.481799999251962, 3388403.449100000783801 ], [ 2946525.747199999168515, 3395423.626599999144673 ], [ 2961406.113299999386072, 3406224.268100000917912 ], [ 2947428.4616, 3417499.883099999278784 ], [ 2946645.850600000470877, 3421256.645899999886751 ], [ 2948742.7357, 3424231.3871 ], [ 2962870.192900000140071, 3428703.746200000867248 ], [ 2981239.409800000488758, 3425686.080299999564886 ], [ 2999736.274000000208616, 3445335.643899999558926 ], [ 3010826.368100000545382, 3449383.777200000360608 ], [ 3025971.5965, 3447675.9824 ], [ 3023666.539100000634789, 3452608.621200000867248 ], [ 3009995.29869999922812, 3463424.866800000891089 ], [ 3026654.205, 3476145.72859999909997 ], [ 3036826.823400000110269, 3493997.055600000545382 ], [ 3044952.114299999549985, 3502311.722799999639392 ], [ 3065671.086799999698997, 3502790.168500000610948 ], [ 3069729.158399999141693, 3507629.599899999797344 ], [ 3068079.473799999803305, 3514371.253599999472499 ], [ 3026871.984200000762939, 3525849.372199999168515 ], [ 3027162.3114, 3535593.508899999782443 ], [ 3018144.924900000914931, 3536334.596200000494719 ], [ 3003617.495699999853969, 3553858.1447 ], [ 3007229.478399999439716, 3558232.708399999886751 ], [ 3007853.072300000116229, 3567831.803300000727177 ], [ 3015174.6897, 3565643.704900000244379 ], [ 3017161.727399999275804, 3569483.239199999719858 ], [ 3022905.411599999293685, 3571969.441099999472499 ], [ 3028883.109300000593066, 3583434.7379 ], [ 3043333.307099999859929, 3585314.341499999165535 ], [ 3046747.4518, 3590192.285900000482798 ], [ 3041534.211300000548363, 3596558.311699999496341 ], [ 3028933.769899999722838, 3599104.072799999266863 ], [ 3017813.8476, 3613089.939600000157952 ], [ 3020096.82289999909699, 3615948.258899999782443 ], [ 3027043.74239999987185, 3614990.364900000393391 ], [ 3032572.783299999311566, 3607168.840399999171495 ], [ 3035980.613299999386072, 3608692.3366 ], [ 3037520.823000000789762, 3615848.986500000581145 ], [ 3035040.734899999573827, 3622517.471200000494719 ], [ 3035761.754899999126792, 3632808.176400000229478 ], [ 3029562.230000000447035, 3632950.586400000378489 ], [ 3034335.013499999418855, 3642131.607899999246001 ], [ 3037738.155899999663234, 3642666.221300000324845 ], [ 3043649.42879999987781, 3637342.5943 ], [ 3054331.660700000822544, 3644079.25620000064373 ], [ 3079180.145400000736117, 3635295.1349 ], [ 3084800.731699999421835, 3628839.2434 ], [ 3087910.505200000479817, 3615179.607799999415874 ], [ 3090646.1733, 3620693.607300000265241 ], [ 3097977.527100000530481, 3626763.449799999594688 ], [ 3123199.005599999800324, 3615048.05210000090301 ], [ 3130079.505599999800324, 3619936.435900000855327 ], [ 3127533.888699999079108, 3625725.766000000759959 ], [ 3125920.6754, 3629406.83500000089407 ], [ 3138927.89640000090003, 3635616.630599999800324 ], [ 3150424.267200000584126, 3636535.088500000536442 ], [ 3159211.412200000137091, 3645191.164799999445677 ], [ 3160592.660800000652671, 3650026.85249999910593 ], [ 3135745.646099999547005, 3655090.23340000025928 ], [ 3125378.239199999719858, 3665805.678600000217557 ], [ 3134153.6721, 3671980.003599999472499 ], [ 3143533.944900000467896, 3671211.544399999082088 ], [ 3145076.826999999582767, 3673663.532299999147654 ], [ 3147217.455800000578165, 3677068.144099999219179 ], [ 3154952.755699999630451, 3679854.869200000539422 ], [ 3153746.366100000217557, 3685060.713600000366569 ], [ 3156260.763299999758601, 3693409.4847 ], [ 3169498.453400000929832, 3706616.9496 ], [ 3178151.739099999889731, 3704596.95130000077188 ], [ 3189261.3903, 3709196.155099999159575 ], [ 3195728.983999999240041, 3702263.833399999886751 ], [ 3199375.75029999949038, 3709208.323100000619888 ], [ 3211318.38260000012815, 3710001.5877 ], [ 3214621.312000000849366, 3694321.67989999987185 ], [ 3210425.455700000748038, 3687646.492799999192357 ], [ 3211151.52280000038445, 3684313.963400000706315 ], [ 3217444.002299999818206, 3690315.621899999678135 ], [ 3216792.22580000013113, 3701455.65059999935329 ], [ 3219436.451400000602007, 3707610.861400000751019 ], [ 3229310.693, 3710621.284499999135733 ], [ 3233354.167300000786781, 3716384.126599999144673 ], [ 3240016.57010000012815, 3712792.053999999538064 ], [ 3252520.99269999936223, 3696825.350299999117851 ], [ 3230329.813999999314547, 3682748.464600000530481 ] ] ], [ [ [ 3263556.50899999961257, 3480854.24239999987185 ], [ 3261205.581800000742078, 3478934.60050000064075 ], [ 3258754.779799999669194, 3482797.6513 ], [ 3262669.903200000524521, 3484565.043299999088049 ], [ 3263556.50899999961257, 3480854.24239999987185 ] ] ], [ [ [ 3152061.004200000315905, 3693255.431900000199676 ], [ 3150279.4408, 3691788.729100000113249 ], [ 3146320.518899999558926, 3693741.694900000467896 ], [ 3150189.980699999257922, 3697873.601199999451637 ], [ 3152061.004200000315905, 3693255.431900000199676 ] ] ], [ [ [ 3031298.557199999690056, 3502161.180600000545382 ], [ 3027665.949699999764562, 3501697.756300000473857 ], [ 3024775.788799999281764, 3506800.697499999776483 ], [ 3029536.017100000753999, 3507362.106599999591708 ], [ 3031298.557199999690056, 3502161.180600000545382 ] ] ], [ [ [ 3026135.363900000229478, 3590830.527899999171495 ], [ 3022505.881100000813603, 3589559.8026 ], [ 3020427.4616, 3591849.623999999836087 ], [ 3024659.386700000613928, 3594359.179400000721216 ], [ 3026135.363900000229478, 3590830.527899999171495 ] ] ], [ [ [ 3024302.566199999302626, 3511921.752800000831485 ], [ 3022030.831900000572205, 3509469.527000000700355 ], [ 3018453.751599999144673, 3514675.611300000920892 ], [ 3020935.157600000500679, 3515741.509500000625849 ], [ 3024302.566199999302626, 3511921.752800000831485 ] ] ], [ [ [ 3023275.449500000104308, 3528257.972100000828505 ], [ 3022310.425499999895692, 3524153.057199999690056 ], [ 3019864.472699999809265, 3525022.8542 ], [ 3020869.467499999329448, 3531573.814999999478459 ], [ 3023275.449500000104308, 3528257.972100000828505 ] ] ], [ [ [ 3018512.848500000312924, 3514715.914100000634789 ], [ 3016154.01630000025034, 3514035.638900000602007 ], [ 3014720.113800000399351, 3517129.840900000184774 ], [ 3017372.093000000342727, 3517931.436799999326468 ], [ 3018512.848500000312924, 3514715.914100000634789 ] ] ], [ [ [ 3006850.662799999117851, 3575545.507400000467896 ], [ 3003274.614299999549985, 3573188.0168999992311 ], [ 3001541.240900000557303, 3576340.86009999923408 ], [ 3005068.2533, 3578515.7993 ], [ 3006850.662799999117851, 3575545.507400000467896 ] ] ], [ [ [ 2949309.098999999463558, 3357349.633400000631809 ], [ 2944527.803400000557303, 3355063.665100000798702 ], [ 2944521.504100000485778, 3359568.907800000160933 ], [ 2947610.350600000470877, 3360129.762700000777841 ], [ 2949309.098999999463558, 3357349.633400000631809 ] ] ] ] } },
{ "type": "Feature", "properties": { "CNTR_ID": "IS", "CNTR_NAME": "Ísland", "NAME_ENGL": "Iceland", "NAME_FREN": "Islande", "ISO3_CODE": "ISL", "SVRG_UN": "UN Member State", "CAPT": "Reykjavík", "EU_STAT": "F", "EFTA_STAT": "T", "CC_STAT": "F", "NAME_GERM": "Island" }, "geometry": { "type": "MultiPolygon", "coordinates": [ [ [ [ 3189586.035000000149012, 5005445.212200000882149 ], [ 3194813.503000000491738, 4996823.312300000339746 ], [ 3225588.1974, 5002739.677500000223517 ], [ 3224104.690899999812245, 4998986.368699999526143 ], [ 3208358.593100000172853, 4981464.843699999153614 ], [ 3209273.001499999314547, 4974021.607599999755621 ], [ 3217611.764699999243021, 4968913.491800000891089 ], [ 3219446.595300000160933, 4963944.480900000780821 ], [ 3217114.802999999374151, 4956555.836100000888109 ], [ 3210181.300100000575185, 4948098.011900000274181 ], [ 3207676.941099999472499, 4942330.231799999251962 ], [ 3221089.5472, 4934959.304999999701977 ], [ 3225023.25929999910295, 4923113.161100000143051 ], [ 3241424.031199999153614, 4899803.41499999910593 ], [ 3240864.484099999070168, 4892560.1513 ], [ 3239375.362400000914931, 4889646.518200000748038 ], [ 3233779.383099999278784, 4878705.379100000485778 ], [ 3230827.437100000679493, 4860910.308700000867248 ], [ 3231160.009400000795722, 4854252.039599999785423 ], [ 3229392.578600000590086, 4849722.799599999561906 ], [ 3221919.565999999642372, 4845223.299599999561906 ], [ 3213978.3827, 4846449.275900000706315 ], [ 3211690.812699999660254, 4837747.559900000691414 ], [ 3207306.458399999886751, 4830337.143699999898672 ], [ 3194535.2632, 4822676.067099999636412 ], [ 3181706.312899999320507, 4825007.06389999948442 ], [ 3178931.1809, 4822409.088199999183416 ], [ 3177169.322000000625849, 4819646.528400000184774 ], [ 3168359.11879999935627, 4813052.893699999898672 ], [ 3165997.711400000378489, 4808748.98619999922812 ], [ 3161565.731899999082088, 4800677.583200000226498 ], [ 3150605.830399999395013, 4798202.081800000742078 ], [ 3135620.138499999418855, 4789148.993699999526143 ], [ 3118543.06279999949038, 4795879.211899999529123 ], [ 3084191.716199999675155, 4791470.176799999549985 ], [ 3037171.057, 4771612.040999999269843 ], [ 3006002.449799999594688, 4779881.833699999377131 ], [ 2990331.3476, 4780209.744999999180436 ], [ 2967739.19649999961257, 4768232.291200000792742 ], [ 2952768.536299999803305, 4765372.8311 ], [ 2925204.781300000846386, 4769562.389799999073148 ], [ 2908633.900900000706315, 4777493.933900000527501 ], [ 2885296.243100000545382, 4802172.292099999263883 ], [ 2868411.573699999600649, 4813133.1404 ], [ 2854137.374199999496341, 4844429.99269999936223 ], [ 2839301.876599999144673, 4867478.892899999395013 ], [ 2819509.861500000581145, 4872735.682 ], [ 2812163.416799999773502, 4879776.579 ], [ 2801938.567199999466538, 4882218.073699999600649 ], [ 2798806.0943, 4883029.773800000548363 ], [ 2797723.670800000429153, 4884314.718499999493361 ], [ 2796614.310799999162555, 4884991.42369999922812 ], [ 2788359.721599999815226, 4891115.178099999204278 ], [ 2770275.898499999195337, 4894791.23450000025332 ], [ 2773161.6086, 4902361.95299999974668 ], [ 2777493.620100000873208, 4907543.292700000107288 ], [ 2777752.165400000289083, 4912076.825899999588728 ], [ 2786177.706599999219179, 4920870.199999999254942 ], [ 2788222.155600000172853, 4914846.320699999108911 ], [ 2787053.760600000619888, 4908468.085200000554323 ], [ 2790936.154500000178814, 4905243.573999999091029 ], [ 2807712.983899999409914, 4905169.607100000604987 ], [ 2812563.068099999800324, 4903946.67960000038147 ], [ 2819456.493899999186397, 4907029.880899999290705 ], [ 2821289.210899999365211, 4912403.026699999347329 ], [ 2830046.26410000026226, 4909970.022299999371171 ], [ 2831384.981499999761581, 4912923.424799999222159 ], [ 2829479.086200000718236, 4920042.6425 ], [ 2837131.566199999302626, 4924888.769300000742078 ], [ 2848556.168700000271201, 4926362.757200000807643 ], [ 2853015.625600000843406, 4922276.960400000214577 ], [ 2858074.189899999648333, 4922790.013399999588728 ], [ 2846857.143999999389052, 4929330.17710000090301 ], [ 2830273.906099999323487, 4930526.932199999690056 ], [ 2833788.844399999827147, 4939311.2631 ], [ 2839460.592800000682473, 4947790.127000000327826 ], [ 2828923.388599999248981, 4953641.392100000753999 ], [ 2828860.263699999079108, 4965573.419199999421835 ], [ 2834470.561599999666214, 4979578.482599999755621 ], [ 2832581.42090000025928, 4987048.318199999630451 ], [ 2800964.311200000345707, 5007590.165899999439716 ], [ 2775700.618899999186397, 5011448.898 ], [ 2772917.645400000736117, 5017296.3388 ], [ 2774304.78940000012517, 5026110.806399999186397 ], [ 2782547.60050000064075, 5029148.9441 ], [ 2791921.432099999859929, 5023635.093800000846386 ], [ 2814074.064200000837445, 5020755.564300000667572 ], [ 2818256.392200000584126, 5017029.584799999371171 ], [ 2832712.474999999627471, 5018823.815400000661612 ], [ 2840119.206399999558926, 5013917.665699999779463 ], [ 2849713.139699999243021, 5014688.396199999377131 ], [ 2859459.641799999400973, 5004934.81900000013411 ], [ 2870871.559299999848008, 4999768.351299999281764 ], [ 2878121.891799999400973, 5005119.670499999076128 ], [ 2880113.5318, 5009593.3575 ], [ 2866853.997899999842048, 5013053.217000000178814 ], [ 2857011.339199999347329, 5025686.72690000012517 ], [ 2865144.595100000500679, 5032306.435799999162555 ], [ 2888777.776699999347329, 5040636.408299999311566 ], [ 2887405.200799999758601, 5046815.336799999698997 ], [ 2878197.717399999499321, 5049795.740399999544024 ], [ 2872960.960400000214577, 5064203.182 ], [ 2858758.35249999910593, 5074307.361600000411272 ], [ 2814313.057399999350309, 5079766.77280000038445 ], [ 2812228.250900000333786, 5080901.344699999317527 ], [ 2802196.668999999761581, 5103119.06870000064373 ], [ 2806482.227399999275804, 5105701.698400000110269 ], [ 2815538.78940000012517, 5100662.835799999535084 ], [ 2822169.0526, 5113089.0153 ], [ 2824771.448400000110269, 5114917.014599999412894 ], [ 2837377.574999999254942, 5094704.325099999085069 ], [ 2840983.666200000792742, 5094220.415500000119209 ], [ 2847610.374199999496341, 5101859.6316 ], [ 2840836.04619999974966, 5111029.365199999883771 ], [ 2840564.023600000888109, 5120119.4222999997437 ], [ 2846812.6645, 5126355.928099999204278 ], [ 2852364.643999999389052, 5135467.719799999147654 ], [ 2869127.931099999696016, 5143432.505699999630451 ], [ 2876681.634700000286102, 5137410.347200000658631 ], [ 2878912.687300000339746, 5129484.523199999704957 ], [ 2882716.697599999606609, 5114018.573799999430776 ], [ 2890652.647399999201298, 5112004.266699999570847 ], [ 2892782.4748, 5102870.710100000724196 ], [ 2896844.256300000473857, 5099038.187899999320507 ], [ 2899351.699699999764562, 5104012.7072 ], [ 2900572.163499999791384, 5112582.714600000530481 ], [ 2894833.805099999532104, 5126757.157600000500679 ], [ 2894598.031099999323487, 5133452.663200000301003 ], [ 2900143.712300000712276, 5136708.512599999085069 ], [ 2907339.427899999544024, 5135190.943800000473857 ], [ 2910057.464700000360608, 5138678.6831 ], [ 2896151.116499999538064, 5152042.2347 ], [ 2900220.728199999779463, 5158697.954900000244379 ], [ 2905878.294099999591708, 5159864.011700000613928 ], [ 2924013.637199999764562, 5148030.922399999573827 ], [ 2926542.396500000730157, 5129527.128499999642372 ], [ 2933449.620899999514222, 5117960.945800000801682 ], [ 2935183.913899999111891, 5098198.466600000858307 ], [ 2939281.213999999687076, 5087703.637800000607967 ], [ 2938794.70409999974072, 5074991.27559999935329 ], [ 2935803.056399999186397, 5067589.048599999397993 ], [ 2928483.124399999156594, 5060283.816299999132752 ], [ 2918681.773700000718236, 5054895.516699999570847 ], [ 2920824.989800000563264, 5041704.862500000745058 ], [ 2917752.224199999123812, 5028811.712500000372529 ], [ 2917501.260099999606609, 5026249.410700000822544 ], [ 2915874.815199999138713, 5008370.639399999752641 ], [ 2923188.608200000599027, 5016453.39750000089407 ], [ 2928889.119799999520183, 5018406.823100000619888 ], [ 2930222.068600000813603, 5020000.218599999323487 ], [ 2935612.8015, 5027520.504799999296665 ], [ 2942938.103399999439716, 5033737.254200000315905 ], [ 2950507.992200000211596, 5036389.432099999859929 ], [ 2957165.570699999108911, 5028434.183800000697374 ], [ 2967453.199400000274181, 5030570.0515 ], [ 2973773.408700000494719, 5039563.89750000089407 ], [ 2983137.207000000402331, 5063715.786599999293685 ], [ 2990305.934699999168515, 5070468.589500000700355 ], [ 2998654.732699999585748, 5065826.236600000411272 ], [ 3002326.167600000277162, 5031051.610999999567866 ], [ 3007067.255599999800324, 5024688.220499999821186 ], [ 3012781.666799999773502, 5027817.5099 ], [ 3019014.214099999517202, 5041201.0055 ], [ 3026074.847400000318885, 5048926.278000000864267 ], [ 3047954.537900000810623, 5054074.271999999880791 ], [ 3055184.280999999493361, 5051894.227800000458956 ], [ 3060239.86710000038147, 5039821.2083 ], [ 3060436.1064, 5026740.600400000810623 ], [ 3063784.137299999594688, 5014982.827199999243021 ], [ 3064955.393400000408292, 5000401.886099999770522 ], [ 3069721.668400000780821, 5009659.509500000625849 ], [ 3072935.505999999120831, 5031445.856300000101328 ], [ 3077624.856000000610948, 5038019.021800000220537 ], [ 3088093.898499999195337, 5033429.430099999532104 ], [ 3095871.965500000864267, 5015959.362999999895692 ], [ 3102326.926000000908971, 5012062.192099999636412 ], [ 3124042.837200000882149, 5023403.306399999186397 ], [ 3135871.708399999886751, 5014875.33669999986887 ], [ 3150206.448200000450015, 5016162.545 ], [ 3157569.47440000064671, 5023528.728900000452995 ], [ 3166369.605000000447035, 5042188.064999999478459 ], [ 3184042.76380000077188, 5038698.022299999371171 ], [ 3190855.54869999922812, 5021215.123199999332428 ], [ 3189586.035000000149012, 5005445.212200000882149 ] ] ], [ [ [ 3240257.765799999237061, 5001280.837099999189377 ], [ 3237150.669600000604987, 4998343.273600000888109 ], [ 3236007.48450000025332, 5001155.144300000742078 ], [ 3238926.0022, 5003132.807600000873208 ], [ 3240257.765799999237061, 5001280.837099999189377 ] ] ], [ [ [ 3108107.5099, 5074644.477 ], [ 3105621.572799999266863, 5073180.965700000524521 ], [ 3104678.192500000819564, 5076320.398900000378489 ], [ 3108028.1765, 5077835.414200000464916 ], [ 3108107.5099, 5074644.477 ] ] ], [ [ [ 3065952.34569999948144, 5024597.591399999335408 ], [ 3063609.1458, 5023856.9803 ], [ 3063216.052400000393391, 5027747.13990000076592 ], [ 3066301.590900000184774, 5028226.005899999290705 ], [ 3065952.34569999948144, 5024597.591399999335408 ] ] ], [ [ [ 2860022.502299999818206, 4804208.372099999338388 ], [ 2856074.778599999845028, 4801879.536599999293685 ], [ 2855943.20890000090003, 4806476.835799999535084 ], [ 2859395.386700000613928, 4806761.494300000369549 ], [ 2860022.502299999818206, 4804208.372099999338388 ] ] ], [ [ [ 2848527.516799999400973, 5023979.137299999594688 ], [ 2845519.067600000649691, 5020185.341099999845028 ], [ 2843927.897399999201298, 5022156.675899999216199 ], [ 2847721.879100000485778, 5025650.890599999576807 ], [ 2848527.516799999400973, 5023979.137299999594688 ] ] ], [ [ [ 2826147.834499999880791, 4957766.271299999207258 ], [ 2823533.693299999460578, 4955841.474500000476837 ], [ 2822398.680400000885129, 4958887.6733 ], [ 2825811.240299999713898, 4960920.321000000461936 ], [ 2826147.834499999880791, 4957766.271299999207258 ] ] ] ] } },
{ "type": "Feature", "properties": { "CNTR_ID": "IT", "CNTR_NAME": "Italia", "NAME_ENGL": "Italy", "NAME_FREN": "Italie", "ISO3_CODE": "ITA", "SVRG_UN": "UN Member State", "CAPT": "Rome", "EU_STAT": "T", "EFTA_STAT": "F", "CC_STAT": "F", "NAME_GERM": "Italien" }, "geometry": { "type": "MultiPolygon", "coordinates": [ [ [ [ 4483164.261299999430776, 2657150.694199999794364 ], [ 4485313.155200000852346, 2647298.717199999839067 ], [ 4494698.88880000077188, 2642571.3158 ], [ 4496354.4068, 2633180.360999999567866 ], [ 4510728.83669999986887, 2621660.521600000560284 ], [ 4527096.512800000607967, 2619689.623999999836087 ], [ 4530306.199799999594688, 2617285.814600000157952 ], [ 4554520.11879999935627, 2614086.084499999880791 ], [ 4571427.458799999207258, 2609915.244400000199676 ], [ 4589828.590299999341369, 2612229.340199999511242 ], [ 4606152.076999999582767, 2608175.0592 ], [ 4604291.071699999272823, 2598604.526399999856949 ], [ 4597749.895700000226498, 2597683.871200000867248 ], [ 4586862.618699999526143, 2588742.399000000208616 ], [ 4583360.9112, 2582336.683599999174476 ], [ 4585384.019099999219179, 2573464.142100000753999 ], [ 4601699.716600000858307, 2571160.374900000169873 ], [ 4604161.036699999123812, 2568907.60950000025332 ], [ 4594350.666500000283122, 2556976.0844 ], [ 4591854.311499999836087, 2555074.177400000393391 ], [ 4591434.848899999633431, 2549797.07660000026226 ], [ 4593590.0767, 2547180.513900000602007 ], [ 4601790.625099999830127, 2548131.274800000712276 ], [ 4603296.02140000090003, 2543027.988700000569224 ], [ 4601475.179700000211596, 2539131.293800000101328 ], [ 4599483.381999999284744, 2534322.443199999630451 ], [ 4600800.859999999403954, 2529728.9013 ], [ 4600790.572599999606609, 2528446.503599999472499 ], [ 4609673.976500000804663, 2525223.785299999639392 ], [ 4616522.236300000920892, 2521698.94789999909699 ], [ 4625212.065099999308586, 2511390.375800000503659 ], [ 4623094.326999999582767, 2507477.177200000733137 ], [ 4619905.574999999254942, 2504653.759800000116229 ], [ 4612736.130899999290705, 2505497.157299999147654 ], [ 4611786.985400000587106, 2505299.100700000301003 ], [ 4615494.155799999833107, 2508226.656400000676513 ], [ 4613512.397900000214577, 2514304.484400000423193 ], [ 4599618.377699999138713, 2526057.510299999266863 ], [ 4596412.61600000038743, 2524336.386099999770522 ], [ 4593983.556399999186397, 2517643.95409999974072 ], [ 4586456.537900000810623, 2518581.8344 ], [ 4564364.805299999192357, 2521562.651100000366569 ], [ 4561494.044600000604987, 2515911.091099999845028 ], [ 4562837.814400000497699, 2508581.970599999651313 ], [ 4558734.314799999818206, 2506942.304500000551343 ], [ 4548682.825400000438094, 2504491.989 ], [ 4524632.6699, 2489604.51630000025034 ], [ 4523006.346300000324845, 2490631.960400000214577 ], [ 4525789.204700000584126, 2494905.622400000691414 ], [ 4519940.357100000604987, 2497905.525100000202656 ], [ 4508599.434800000861287, 2494329.8235 ], [ 4491118.150100000202656, 2478211.033299999311566 ], [ 4488503.807600000873208, 2467753.419399999082088 ], [ 4489224.019500000402331, 2464194.917600000277162 ], [ 4493972.2105, 2463134.944599999114871 ], [ 4496484.604399999603629, 2456416.281500000506639 ], [ 4501961.374099999666214, 2456835.997300000861287 ], [ 4504513.299499999731779, 2452710.488700000569224 ], [ 4500014.3904, 2445550.697300000116229 ], [ 4504178.274599999189377, 2439501.70409999974072 ], [ 4503710.961100000888109, 2435325.217399999499321 ], [ 4506644.473799999803305, 2433847.2324 ], [ 4511831.75650000013411, 2437333.3871 ], [ 4517536.325899999588728, 2430786.994200000539422 ], [ 4515573.073000000789762, 2418968.279500000178814 ], [ 4512924.978800000622869, 2422900.205700000748038 ], [ 4511001.565600000321865, 2421184.97580000013113 ], [ 4511151.930700000375509, 2412079.644300000742078 ], [ 4501824.057, 2415510.781199999153614 ], [ 4499075.944700000807643, 2403835.179999999701977 ], [ 4501439.00730000063777, 2393728.893799999728799 ], [ 4503680.658800000324845, 2374938.947499999776483 ], [ 4511885.2741, 2349087.263000000268221 ], [ 4517387.1272, 2342327.0515 ], [ 4535380.822799999266863, 2325150.468499999493361 ], [ 4542182.280500000342727, 2321936.763000000268221 ], [ 4554238.895700000226498, 2317324.04619999974966 ], [ 4566446.670499999076128, 2307830.066600000485778 ], [ 4568368.732699999585748, 2306345.304500000551343 ], [ 4573794.646600000560284, 2301326.0614 ], [ 4577064.4178, 2298875.710899999365211 ], [ 4580533.536299999803305, 2296238.006899999454618 ], [ 4597380.197000000625849, 2285717.080700000748038 ], [ 4606370.612999999895692, 2285416.966 ], [ 4613982.840099999681115, 2277865.060699999332428 ], [ 4616324.1415, 2270013.765799999237061 ], [ 4625430.487999999895692, 2250490.203400000929832 ], [ 4628408.4342, 2243005.976700000464916 ], [ 4635295.677799999713898, 2225758.856699999421835 ], [ 4641631.288799999281764, 2206978.158700000494719 ], [ 4650279.1097, 2185370.3904 ], [ 4662562.441299999132752, 2167725.89809999987483 ], [ 4671923.425300000235438, 2158742.115199999883771 ], [ 4683849.839600000530481, 2151206.801400000229478 ], [ 4686682.0822, 2147988.408700000494719 ], [ 4695481.224099999293685, 2138016.42200000025332 ], [ 4710786.752800000831485, 2130714.520500000566244 ], [ 4713093.092299999669194, 2123649.422800000756979 ], [ 4717669.405300000682473, 2119919.435900000855327 ], [ 4748383.601099999621511, 2106070.686699999496341 ], [ 4774014.572799999266863, 2105414.248400000855327 ], [ 4820759.934900000691414, 2113507.442199999466538 ], [ 4833052.071100000292063, 2108751.260199999436736 ], [ 4834338.480200000107288, 2101633.341399999335408 ], [ 4835448.3256, 2095497.85080000013113 ], [ 4814374.694700000807643, 2073620.168800000101328 ], [ 4817800.337200000882149, 2062551.845100000500679 ], [ 4826062.357799999415874, 2056175.318199999630451 ], [ 4871066.928600000217557, 2038145.444199999794364 ], [ 4899709.759700000286102, 2029615.732300000265241 ], [ 4917728.088300000876188, 2024327.156500000506639 ], [ 4945371.750800000503659, 2007500.81110000051558 ], [ 4956619.977, 2000244.895999999716878 ], [ 4994091.615199999883771, 1988480.372899999842048 ], [ 5001523.796, 1983926.08 ], [ 5009077.190099999308586, 1972169.154799999669194 ], [ 5022010.228900000452995, 1965352.875600000843406 ], [ 5040280.75789999961853, 1948459.913200000301003 ], [ 5042948.252699999138713, 1944274.374399999156594 ], [ 5043760.575200000777841, 1940426.986700000241399 ], [ 5048385.192199999466538, 1934393.79619999974966 ], [ 5049071.092299999669194, 1931391.934900000691414 ], [ 5046811.437699999660254, 1927584.148299999535084 ], [ 5046105.443199999630451, 1923941.020600000396371 ], [ 5043159.206499999389052, 1920245.762299999594688 ], [ 5040172.710899999365211, 1896992.286800000816584 ], [ 5023511.005000000819564, 1899565.2994 ], [ 5007655.757500000298023, 1911953.371200000867248 ], [ 5005489.975700000301003, 1926255.443 ], [ 4995288.7072, 1941484.495899999514222 ], [ 4983092.962999999523163, 1945001.643799999728799 ], [ 4962673.721999999135733, 1943117.228700000792742 ], [ 4951316.114, 1946324.207000000402331 ], [ 4937705.705199999734759, 1952246.030500000342727 ], [ 4935798.659499999135733, 1959873.649900000542402 ], [ 4924583.186499999836087, 1963789.927699999883771 ], [ 4914355.986500000581145, 1959024.462400000542402 ], [ 4905972.874099999666214, 1948907.281300000846386 ], [ 4902677.858200000599027, 1942408.674200000241399 ], [ 4900011.545, 1937858.026200000196695 ], [ 4899178.3706, 1935642.409900000318885 ], [ 4897376.13230000063777, 1931278.114199999719858 ], [ 4896605.675799999386072, 1927289.422700000926852 ], [ 4895195.819599999114871, 1924630.997500000521541 ], [ 4892878.010800000280142, 1919810.717399999499321 ], [ 4891075.068399999290705, 1918010.212600000202656 ], [ 4889482.561799999326468, 1916504.5274 ], [ 4886582.955600000917912, 1909542.890100000426173 ], [ 4888830.63990000076592, 1898144.310200000181794 ], [ 4879326.975199999287724, 1879574.602099999785423 ], [ 4886541.940099999308586, 1863724.951999999582767 ], [ 4905012.505200000479817, 1862032.590900000184774 ], [ 4914860.051599999889731, 1853829.05320000089705 ], [ 4927897.364299999549985, 1849464.542400000616908 ], [ 4939166.919399999082088, 1840398.857999999076128 ], [ 4937075.071699999272823, 1829111.506999999284744 ], [ 4940403.026900000870228, 1819877.807700000703335 ], [ 4939149.010099999606609, 1809432.7226 ], [ 4945310.105200000107288, 1799141.6414 ], [ 4944234.512700000777841, 1791817.725999999791384 ], [ 4939902.857100000604987, 1786337.202299999073148 ], [ 4921369.325899999588728, 1787169.901399999856949 ], [ 4900922.337799999862909, 1774855.478900000452995 ], [ 4894931.4397, 1767124.3564 ], [ 4893077.822300000116229, 1760715.316800000146031 ], [ 4898485.797399999573827, 1734482.465700000524521 ], [ 4891941.709499999880791, 1721859.720599999651313 ], [ 4877604.810900000855327, 1713067.760500000789762 ], [ 4866439.041999999433756, 1696793.071399999782443 ], [ 4857959.494599999859929, 1671838.981499999761581 ], [ 4830127.8553, 1668361.568900000303984 ], [ 4819961.104800000786781, 1676669.591399999335408 ], [ 4817700.851399999111891, 1699934.253799999132752 ], [ 4831425.080800000578165, 1709128.530799999833107 ], [ 4840158.902899999171495, 1733790.229699999094009 ], [ 4839580.519400000572205, 1739055.71059999987483 ], [ 4832358.342499999329448, 1745856.069599999114871 ], [ 4833494.499600000679493, 1749632.0055 ], [ 4845284.179099999368191, 1758001.35219999961555 ], [ 4857439.462200000882149, 1758998.087600000202656 ], [ 4863490.232899999246001, 1769258.97550000064075 ], [ 4862587.986999999731779, 1780766.3509 ], [ 4851084.481100000441074, 1794642.000600000843406 ], [ 4842921.832299999892712, 1829203.695900000631809 ], [ 4824428.981599999591708, 1858650.2324 ], [ 4815169.471400000154972, 1888725.904699999839067 ], [ 4804764.965500000864267, 1901175.566700000315905 ], [ 4796520.5932, 1904114.380300000309944 ], [ 4785914.664899999275804, 1894937.156899999827147 ], [ 4781121.7555, 1894781.603800000622869 ], [ 4759785.765900000929832, 1911525.3445999994874 ], [ 4752643.002399999648333, 1911940.273199999704957 ], [ 4741982.792400000616908, 1918353.625800000503659 ], [ 4743460.040699999779463, 1928565.912100000306964 ], [ 4746619.271999999880791, 1932963.953099999576807 ], [ 4745679.275000000372529, 1938445.04450000077486 ], [ 4736012.859200000762939, 1955722.493200000375509 ], [ 4727151.830800000578165, 1964692.259999999776483 ], [ 4707690.622600000351667, 1957629.425599999725819 ], [ 4700654.948300000280142, 1958179.782299999147654 ], [ 4689566.730000000447035, 1952896.235600000247359 ], [ 4690343.1557, 1957782.480799999088049 ], [ 4700175.99379999935627, 1966532.941099999472499 ], [ 4698502.184100000187755, 1971482.7895 ], [ 4682524.398299999535084, 1981299.005699999630451 ], [ 4675644.884700000286102, 1976936.409199999645352 ], [ 4667977.678600000217557, 1979198.022600000724196 ], [ 4664852.773399999365211, 1975606.496600000187755 ], [ 4662108.221000000834465, 1986877.538799999281764 ], [ 4644635.688200000673532, 2011529.364099999889731 ], [ 4637644.429400000721216, 2021453.105100000277162 ], [ 4625679.323999999091029, 2024513.42 ], [ 4619149.48369999974966, 2019612.311599999666214 ], [ 4596907.761399999260902, 2027537.298599999397993 ], [ 4578994.920399999246001, 2019473.641000000759959 ], [ 4568265.939099999144673, 2034208.778000000864267 ], [ 4553745.9616, 2039279.281199999153614 ], [ 4540099.835100000724196, 2043568.283399999141693 ], [ 4528897.019899999722838, 2057764.367799999192357 ], [ 4524926.61600000038743, 2062814.279899999499321 ], [ 4513527.30519999936223, 2070246.362299999222159 ], [ 4507607.608999999240041, 2074120.486300000920892 ], [ 4503042.654100000858307, 2083299.031999999657273 ], [ 4501761.342700000852346, 2085880.169099999591708 ], [ 4498064.582599999383092, 2093339.124199999496341 ], [ 4480534.048900000751019, 2105233.040100000798702 ], [ 4473626.515100000426173, 2105637.682099999859929 ], [ 4464776.2039, 2118732.208499999716878 ], [ 4456363.193299999460578, 2133215.993699999526143 ], [ 4447720.547800000756979, 2138539.274399999529123 ], [ 4442423.1776, 2141812.292700000107288 ], [ 4440807.3805, 2142554.3739 ], [ 4425743.440400000661612, 2146084.568499999120831 ], [ 4415567.220599999651313, 2142055.181600000709295 ], [ 4412357.190300000831485, 2146728.828500000759959 ], [ 4417618.383500000461936, 2151957.464099999517202 ], [ 4416707.453600000590086, 2160383.60050000064075 ], [ 4400332.128000000491738, 2179423.098899999633431 ], [ 4385917.648399999365211, 2187130.474099999293685 ], [ 4383697.754100000485778, 2198545.28999999910593 ], [ 4378764.876599999144673, 2204150.21309999935329 ], [ 4362399.566999999806285, 2205247.281700000166893 ], [ 4363858.005400000140071, 2235432.720100000500679 ], [ 4355181.994899999350309, 2254425.0449 ], [ 4347706.373199999332428, 2264710.949200000613928 ], [ 4345272.823799999430776, 2274846.816500000655651 ], [ 4341816.620899999514222, 2300678.151799999177456 ], [ 4332538.921700000762939, 2318419.603800000622869 ], [ 4322507.720799999311566, 2326070.83420000039041 ], [ 4317373.041300000622869, 2326100.097899999469519 ], [ 4308786.137000000104308, 2332356.381999999284744 ], [ 4305271.8366, 2328619.777899999171495 ], [ 4281865.537200000137091, 2345283.35219999961555 ], [ 4262350.395199999213219, 2358568.65430000051856 ], [ 4256107.098200000822544, 2355814.9605 ], [ 4246239.356200000271201, 2363535.276000000536442 ], [ 4223012.579, 2369045.029500000178814 ], [ 4211842.256699999794364, 2364240.67259999923408 ], [ 4198403.339299999177456, 2355097.577199999243021 ], [ 4192510.718499999493361, 2342779.695299999788404 ], [ 4182324.942600000649691, 2337803.792099999263883 ], [ 4170959.792899999767542, 2316230.644899999722838 ], [ 4156453.8794, 2306926.481699999421835 ], [ 4133039.642000000923872, 2299862.9276 ], [ 4121722.219000000506639, 2300473.066400000825524 ], [ 4120524.455700000748038, 2310343.037900000810623 ], [ 4137476.949300000444055, 2330752.183199999853969 ], [ 4134304.212799999862909, 2343118.704500000923872 ], [ 4109987.7972, 2338418.606300000101328 ], [ 4082484.313300000503659, 2352360.261700000613928 ], [ 4072437.781700000166893, 2366359.467700000852346 ], [ 4075600.814200000837445, 2374526.37360000051558 ], [ 4071120.972200000658631, 2384918.059800000861287 ], [ 4077176.709300000220537, 2391066.940600000321865 ], [ 4078566.3114, 2398682.6075 ], [ 4087888.931500000879169, 2401767.322000000625849 ], [ 4088123.497700000181794, 2404818.895899999886751 ], [ 4085469.973300000652671, 2407914.71199999935925 ], [ 4083462.310399999842048, 2418973.8048 ], [ 4073198.3925, 2420772.476199999451637 ], [ 4065097.50029999949038, 2426760.210999999195337 ], [ 4064253.782500000670552, 2437325.788799999281764 ], [ 4058820.635099999606609, 2441012.0515 ], [ 4055455.991499999538064, 2450215.535499999299645 ], [ 4066726.069399999454618, 2454476.132099999114871 ], [ 4074501.5219, 2452121.082299999892712 ], [ 4083275.027200000360608, 2459894.526799999177456 ], [ 4093721.301899999380112, 2462843.624099999666214 ], [ 4094779.642899999395013, 2472329.874800000339746 ], [ 4099604.3081, 2479848.03830000013113 ], [ 4094309.3278, 2488413.186200000345707 ], [ 4086812.834300000220537, 2493358.855000000447035 ], [ 4085986.284, 2507484.807099999859929 ], [ 4074345.3947, 2515120.154200000688434 ], [ 4072064.480000000447035, 2523773.429700000211596 ], [ 4073902.203400000929832, 2529047.837300000712276 ], [ 4085487.715600000694394, 2532527.611500000581145 ], [ 4091539.959899999201298, 2538951.42119999974966 ], [ 4096391.2741, 2532945.296800000593066 ], [ 4102281.144899999722838, 2532387.933900000527501 ], [ 4110908.2686, 2537407.782700000330806 ], [ 4118759.325099999085069, 2535934.17090000025928 ], [ 4131789.321000000461936, 2543604.257200000807643 ], [ 4155107.782800000160933, 2536147.706900000572205 ], [ 4156152.849099999293685, 2537251.120799999684095 ], [ 4157856.307399999350309, 2543687.284099999815226 ], [ 4165579.539899999275804, 2545781.150399999693036 ], [ 4169049.819900000467896, 2555384.0932 ], [ 4178078.209899999201298, 2561566.70549999922514 ], [ 4178460.387800000607967, 2566195.7668999992311 ], [ 4174721.714700000360608, 2575488.850999999791384 ], [ 4183413.396999999880791, 2579882.80320000089705 ], [ 4189917.362199999392033, 2586277.920099999755621 ], [ 4190657.112199999392033, 2590694.053600000217557 ], [ 4196776.679199999198318, 2594561.095599999651313 ], [ 4202686.2116, 2592634.190199999138713 ], [ 4200401.198899999260902, 2576665.520099999383092 ], [ 4202376.499500000849366, 2571228.045800000429153 ], [ 4214019.744599999859929, 2557933.446599999442697 ], [ 4221436.717599999159575, 2554668.3277000002563 ], [ 4224333.308499999344349, 2556334.433900000527501 ], [ 4231011.863800000399351, 2551714.849500000476837 ], [ 4227559.97069999948144, 2543454.55519999936223 ], [ 4234670.5945999994874, 2538411.602 ], [ 4238117.122300000861287, 2529796.269799999892712 ], [ 4236364.997500000521541, 2524805.743599999696016 ], [ 4246365.481799999251962, 2525794.566299999132752 ], [ 4249172.323000000789762, 2531925.875099999830127 ], [ 4244078.292500000447035, 2538334.704900000244379 ], [ 4244770.884700000286102, 2547488.718499999493361 ], [ 4256006.501800000667572, 2562205.056500000879169 ], [ 4262968.419800000265241, 2569255.162100000306964 ], [ 4266407.056700000539422, 2579423.275000000372529 ], [ 4263977.119100000709295, 2592494.386099999770522 ], [ 4267455.236400000751019, 2598442.593399999663234 ], [ 4275837.064300000667572, 2596093.368100000545382 ], [ 4279216.189500000327826, 2598098.552699999883771 ], [ 4279732.578500000759959, 2586163.493100000545382 ], [ 4286771.8092, 2577152.968599999323487 ], [ 4298053.236099999397993, 2576251.354100000113249 ], [ 4300527.288699999451637, 2580455.57039999961853 ], [ 4316191.312000000849366, 2585005.8224 ], [ 4325311.760600000619888, 2569152.515799999237061 ], [ 4329934.193099999800324, 2568652.058199999853969 ], [ 4333785.239099999889731, 2571347.908700000494719 ], [ 4329704.477700000628829, 2580604.062699999660254 ], [ 4333079.085999999195337, 2588190.113199999555945 ], [ 4325829.60869999974966, 2591107.630400000140071 ], [ 4324384.819399999454618, 2595036.398700000718236 ], [ 4324897.19400000013411, 2602720.986300000920892 ], [ 4329211.350600000470877, 2609890.601600000634789 ], [ 4338839.143699999898672, 2612736.260199999436736 ], [ 4344243.914000000804663, 2604464.758300000801682 ], [ 4355774.378200000151992, 2602036.52280000038445 ], [ 4358062.86119999922812, 2611200.925899999216199 ], [ 4352141.7566, 2614673.287900000810623 ], [ 4350900.419600000604987, 2618708.686899999156594 ], [ 4356848.731899999082088, 2638051.491499999538064 ], [ 4371888.195599999278784, 2639897.029699999839067 ], [ 4379189.933599999174476, 2631970.727800000458956 ], [ 4398088.2478, 2628936.081199999898672 ], [ 4409680.1173, 2650942.13289999961853 ], [ 4422236.78800000064075, 2653880.114700000733137 ], [ 4428581.774000000208616, 2651810.250399999320507 ], [ 4433495.012700000777841, 2655425.509999999776483 ], [ 4444821.71199999935925, 2656889.123800000175834 ], [ 4453635.981300000101328, 2653372.756899999454618 ], [ 4483320.695499999448657, 2665352.216700000688434 ], [ 4491314.122400000691414, 2664310.273600000888109 ], [ 4483164.261299999430776, 2657150.694199999794364 ] ], [ [ 4522814.8114, 2092379.183599999174476 ], [ 4527165.047499999403954, 2089996.730200000107288 ], [ 4530093.060699999332428, 2092488.0208 ], [ 4526684.048499999567866, 2095098.619899999350309 ], [ 4522814.8114, 2092379.183599999174476 ] ], [ [ 4515422.8377, 2314169.753100000321865 ], [ 4519277.132400000467896, 2312611.707900000736117 ], [ 4521280.774399999529123, 2312977.1546 ], [ 4523138.884600000455976, 2318280.60219999961555 ], [ 4522451.4583, 2322844.477800000458956 ], [ 4515010.3443, 2318626.543099999427795 ], [ 4515422.8377, 2314169.753100000321865 ] ] ], [ [ [ 4813856.4134, 1706440.928300000727177 ], [ 4805992.8169, 1683967.136399999260902 ], [ 4787076.2533, 1652578.610400000587106 ], [ 4783611.722300000488758, 1645472.736500000581145 ], [ 4780855.948899999260902, 1627214.0603 ], [ 4774569.438200000673532, 1616461.39049999974668 ], [ 4775275.418400000780821, 1602135.119300000369549 ], [ 4777545.46030000038445, 1597362.45240000076592 ], [ 4787847.170800000429153, 1592603.7686 ], [ 4785396.411399999633431, 1584346.825400000438094 ], [ 4788871.410199999809265, 1577869.056500000879169 ], [ 4794701.886600000783801, 1574826.293199999257922 ], [ 4794196.9846, 1569350.190700000151992 ], [ 4797695.837999999523163, 1566478.8147 ], [ 4785146.229000000283122, 1555485.965700000524521 ], [ 4780249.219100000336766, 1544052.286800000816584 ], [ 4782678.356599999591708, 1527687.970000000670552 ], [ 4778662.758500000461936, 1525089.871999999508262 ], [ 4771337.813200000673532, 1529624.500099999830127 ], [ 4744132.363700000569224, 1530169.418400000780821 ], [ 4725911.987299999222159, 1536417.159 ], [ 4721846.102, 1540413.436599999666214 ], [ 4710073.768400000408292, 1558881.840399999171495 ], [ 4697127.898399999365211, 1566895.018999999389052 ], [ 4682530.8918999992311, 1568851.5669 ], [ 4670387.788599999621511, 1567602.627499999478459 ], [ 4655412.134800000116229, 1573241.32120000012219 ], [ 4638576.769500000402331, 1585896.131699999794364 ], [ 4629274.073100000619888, 1587391.433000000193715 ], [ 4614508.442800000309944, 1596207.488700000569224 ], [ 4603897.7281, 1606821.951199999079108 ], [ 4590550.908500000834465, 1608316.805700000375509 ], [ 4583009.608899999409914, 1615582.60219999961555 ], [ 4578759.57630000077188, 1616090.859099999070168 ], [ 4559024.465099999681115, 1614376.614 ], [ 4551782.084699999541044, 1622434.319900000467896 ], [ 4542334.162799999117851, 1626941.925100000575185 ], [ 4537114.067500000819564, 1639030.065300000831485 ], [ 4543458.657199999317527, 1662927.265100000426173 ], [ 4560548.895999999716878, 1675022.198699999600649 ], [ 4562402.977, 1680879.380799999460578 ], [ 4575129.225999999791384, 1667042.388299999758601 ], [ 4581263.351600000634789, 1666187.93720000050962 ], [ 4584163.278799999505281, 1667359.91950000077486 ], [ 4591640.5844, 1672876.480799999088049 ], [ 4591394.858799999579787, 1678978.138499999418855 ], [ 4594695.595799999311566, 1683469.071000000461936 ], [ 4604013.900800000876188, 1683344.813500000163913 ], [ 4613014.406500000506639, 1687890.755799999460578 ], [ 4620778.520899999886751, 1676527.879000000655651 ], [ 4632639.617200000211596, 1676417.5746 ], [ 4636105.82010000012815, 1670164.300699999555945 ], [ 4651911.104800000786781, 1663197.97440000064671 ], [ 4674370.31980000063777, 1671154.728499999269843 ], [ 4690793.2653, 1670054.677300000563264 ], [ 4717545.693900000303984, 1673698.109099999070168 ], [ 4730552.208000000566244, 1678646.729900000616908 ], [ 4739576.135800000280142, 1688103.957000000402331 ], [ 4754187.916300000622869, 1691890.545800000429153 ], [ 4771364.400499999523163, 1686931.898299999535084 ], [ 4782315.495400000363588, 1696905.836400000378489 ], [ 4793367.154699999839067, 1698729.03800000064075 ], [ 4807561.167199999094009, 1707985.53800000064075 ], [ 4813856.4134, 1706440.928300000727177 ] ] ], [ [ [ 4779594.300799999386072, 1762294.769300000742078 ], [ 4777226.02309999987483, 1757868.893999999389052 ], [ 4772851.64049999974668, 1760191.101299999281764 ], [ 4776640.577500000596046, 1763457.301899999380112 ], [ 4779594.300799999386072, 1762294.769300000742078 ] ] ], [ [ [ 4761350.39780000038445, 1713346.820599999278784 ], [ 4757930.8586, 1712654.141699999570847 ], [ 4754120.358999999240041, 1716568.596200000494719 ], [ 4758113.085699999704957, 1717984.957299999892712 ], [ 4761350.39780000038445, 1713346.820599999278784 ] ] ], [ [ [ 4756433.293600000441074, 1729035.324500000104308 ], [ 4756247.598799999803305, 1720680.2697 ], [ 4750185.074500000104308, 1724090.844100000336766 ], [ 4751994.3257, 1728797.088700000196695 ], [ 4756433.293600000441074, 1729035.324500000104308 ] ] ], [ [ [ 4750126.662100000306964, 1733389.779200000688434 ], [ 4747485.5691, 1730456.557600000873208 ], [ 4742625.948200000450015, 1732783.606200000271201 ], [ 4746743.822799999266863, 1735601.24269999936223 ], [ 4750126.662100000306964, 1733389.779200000688434 ] ] ], [ [ [ 4725533.9912, 1732885.024000000208616 ], [ 4722060.986400000751019, 1730005.385099999606609 ], [ 4717721.224600000306964, 1732150.088700000196695 ], [ 4722277.841299999505281, 1735022.031999999657273 ], [ 4725533.9912, 1732885.024000000208616 ] ] ], [ [ [ 4705466.107200000435114, 1729769.392300000414252 ], [ 4703262.181099999696016, 1725282.44649999961257 ], [ 4699229.875, 1728352.786100000143051 ], [ 4702285.188300000503659, 1731321.539300000295043 ], [ 4705466.107200000435114, 1729769.392300000414252 ] ] ], [ [ [ 4682774.174499999731779, 1949794.728499999269843 ], [ 4679055.63539999909699, 1946298.1327 ], [ 4675984.8509, 1948612.851099999621511 ], [ 4678584.606300000101328, 1951806.040699999779463 ], [ 4682774.174499999731779, 1949794.728499999269843 ] ] ], [ [ [ 4657654.4912, 1967132.519799999892712 ], [ 4654312.08809999935329, 1963786.0472 ], [ 4646592.206900000572205, 1964832.014599999412894 ], [ 4649321.485999999567866, 1971030.666400000452995 ], [ 4657654.4912, 1967132.519799999892712 ] ] ], [ [ [ 4603933.495799999684095, 1742026.842399999499321 ], [ 4600942.506999999284744, 1739510.466099999845028 ], [ 4596063.861500000581145, 1741834.920299999415874 ], [ 4600155.687599999830127, 1744441.711899999529123 ], [ 4603933.495799999684095, 1742026.842399999499321 ] ] ], [ [ [ 4585651.343599999323487, 1426931.595599999651313 ], [ 4581560.394300000742078, 1425354.5011 ], [ 4578036.697100000455976, 1428399.7653 ], [ 4583105.214999999850988, 1430366.790699999779463 ], [ 4585651.343599999323487, 1426931.595599999651313 ] ] ], [ [ [ 4565107.494799999520183, 1387947.738399999216199 ], [ 4561512.558000000193715, 1385081.880100000649691 ], [ 4556934.978000000119209, 1387013.503499999642372 ], [ 4561672.506100000813603, 1390069.746600000187755 ], [ 4565107.494799999520183, 1387947.738399999216199 ] ] ], [ [ [ 4530177.638000000268221, 1659120.9265 ], [ 4527086.73200000077486, 1658153.932800000533462 ], [ 4524512.19370000064373, 1661119.930099999532104 ], [ 4527342.441199999302626, 1665007.674499999731779 ], [ 4530177.638000000268221, 1659120.9265 ] ] ], [ [ [ 4529384.410599999129772, 1652662.645999999716878 ], [ 4526107.803600000217557, 1650384.664300000295043 ], [ 4521767.745100000873208, 1652789.6469 ], [ 4526533.9206000007689, 1655547.228399999439716 ], [ 4529384.410599999129772, 1652662.645999999716878 ] ] ], [ [ [ 4521693.20920000039041, 2489491.094399999827147 ], [ 4518462.752699999138713, 2485751.248700000345707 ], [ 4512211.843000000342727, 2487749.497300000861287 ], [ 4517477.08500000089407, 2491644.520199999213219 ], [ 4521693.20920000039041, 2489491.094399999827147 ] ] ], [ [ [ 4506899.4956, 1524715.689799999818206 ], [ 4501147.98340000025928, 1520411.774900000542402 ], [ 4493252.677699999883771, 1528359.054199999198318 ], [ 4499766.879000000655651, 1532470.47440000064671 ], [ 4506899.4956, 1524715.689799999818206 ] ] ], [ [ [ 4506849.187999999150634, 1656127.712200000882149 ], [ 4503353.672800000756979, 1654284.218299999833107 ], [ 4499237.735999999567866, 1657211.6689 ], [ 4504267.891699999570847, 1659324.337500000372529 ], [ 4506849.187999999150634, 1656127.712200000882149 ] ] ], [ [ [ 4505452.508300000801682, 2483341.309000000357628 ], [ 4504662.103499999269843, 2478849.93610000051558 ], [ 4500044.569299999624491, 2478932.39049999974668 ], [ 4502712.707800000905991, 2483751.405600000172853 ], [ 4505452.508300000801682, 2483341.309000000357628 ] ] ], [ [ [ 4397113.062999999150634, 2137715.850400000810623 ], [ 4397316.7138, 2136263.183399999514222 ], [ 4394114.466, 2137638.60329999960959 ], [ 4394100.481799999251962, 2137679.79450000077486 ], [ 4392527.894799999892712, 2142315.32120000012219 ], [ 4396458.88880000077188, 2142386.118599999696016 ], [ 4397113.062999999150634, 2137715.850400000810623 ] ] ], [ [ [ 4357175.539599999785423, 2193675.731599999591708 ], [ 4355231.738199999555945, 2178511.75029999949038 ], [ 4349219.9156, 2183187.030500000342727 ], [ 4336458.06110000051558, 2180125.751000000163913 ], [ 4328716.334000000730157, 2184405.749600000679493 ], [ 4332242.613700000569224, 2189004.60249999910593 ], [ 4349707.712799999862909, 2189030.871300000697374 ], [ 4355166.948100000619888, 2195441.434599999338388 ], [ 4357175.539599999785423, 2193675.731599999591708 ] ] ], [ [ [ 4349573.380599999800324, 2136245.415200000628829 ], [ 4345743.807900000363588, 2133624.590399999171495 ], [ 4343210.74070000089705, 2136626.00650000013411 ], [ 4343992.470499999821186, 2137293.597999999299645 ], [ 4346443.560000000521541, 2139388.337400000542402 ], [ 4348510.829, 2137311.899700000882149 ], [ 4349573.380599999800324, 2136245.415200000628829 ] ] ], [ [ [ 4330296.220000000670552, 2164784.454500000923872 ], [ 4328714.653000000864267, 2161409.222500000149012 ], [ 4324266.353900000452995, 2163471.458799999207258 ], [ 4327574.8597, 2167262.9551 ], [ 4330296.220000000670552, 2164784.454500000923872 ] ] ], [ [ [ 4308096.527599999681115, 2217732.49970000050962 ], [ 4306717.775800000876188, 2211354.241900000721216 ], [ 4303178.445299999788404, 2212278.020300000905991 ], [ 4305520.272299999371171, 2217806.294399999082088 ], [ 4308096.527599999681115, 2217732.49970000050962 ] ] ], [ [ [ 4286355.301799999549985, 1981508.230399999767542 ], [ 4293782.749199999496341, 1970083.018999999389052 ], [ 4299705.05210000090301, 1951216.758500000461936 ], [ 4305681.578500000759959, 1934614.478800000622869 ], [ 4300837.169399999082088, 1922576.6031 ], [ 4289410.691800000146031, 1906814.625700000673532 ], [ 4290647.661000000312924, 1896750.410700000822544 ], [ 4297420.469100000336766, 1886389.076400000602007 ], [ 4291076.151499999687076, 1836605.032199999317527 ], [ 4290842.213400000706315, 1828771.517100000753999 ], [ 4283217.370699999853969, 1785239.9934 ], [ 4279779.79839999973774, 1782109.111500000581145 ], [ 4272480.218900000676513, 1782265.364299999549985 ], [ 4255494.697200000286102, 1792931.102399999275804 ], [ 4241159.677300000563264, 1790671.42879999987781 ], [ 4235874.342599999159575, 1784101.3191 ], [ 4237254.619400000199676, 1774190.76630000025034 ], [ 4235470.180099999532104, 1768350.654799999669194 ], [ 4225933.67339999973774, 1759436.1612 ], [ 4220691.752299999818206, 1756545.158600000664592 ], [ 4210557.08390000090003, 1760703.855499999597669 ], [ 4201384.107899999246001, 1758736.32120000012219 ], [ 4195295.060699999332428, 1773134.511600000783801 ], [ 4188568.3575, 1776911.647099999710917 ], [ 4184383.610500000417233, 1766159.153899999335408 ], [ 4179873.1261, 1769302.144799999892712 ], [ 4177662.814200000837445, 1778868.548599999397993 ], [ 4186242.900100000202656, 1780808.598300000652671 ], [ 4180838.334799999371171, 1793744.804099999368191 ], [ 4183973.62360000051558, 1802533.837899999693036 ], [ 4181957.244100000709295, 1819751.492900000885129 ], [ 4187336.227099999785423, 1832236.71059999987483 ], [ 4188100.622500000521541, 1849564.7566 ], [ 4191866.024800000712276, 1848044.983899999409914 ], [ 4196013.80460000038147, 1859158.164000000804663 ], [ 4195652.414899999275804, 1865998.686699999496341 ], [ 4192324.157400000840425, 1869089.5581 ], [ 4186282.525699999183416, 1866919.516200000420213 ], [ 4183768.176799999549985, 1870582.592199999839067 ], [ 4184540.888599999248981, 1882687.1744 ], [ 4191042.069299999624491, 1890025.284499999135733 ], [ 4189295.964099999517202, 1898501.77170000039041 ], [ 4190638.003399999812245, 1911800.190700000151992 ], [ 4183739.280999999493361, 1918201.475299999117851 ], [ 4184513.213600000366569, 1924933.201099999248981 ], [ 4176142.264000000432134, 1942102.064200000837445 ], [ 4165737.101199999451637, 1949523.281199999153614 ], [ 4165385.761099999770522, 1963836.433900000527501 ], [ 4169794.901900000870228, 1980960.019200000911951 ], [ 4181446.109899999573827, 1974109.909399999305606 ], [ 4201584.604599999263883, 1973609.014000000432134 ], [ 4219852.085200000554323, 1983498.818 ], [ 4241873.924200000241399, 2003811.652300000190735 ], [ 4252883.98619999922812, 2014041.564500000327826 ], [ 4262066.207000000402331, 2014686.246200000867248 ], [ 4265697.126700000837445, 2018910.280200000852346 ], [ 4268831.229800000786781, 2013592.4704 ], [ 4275649.276599999517202, 2012908.0614 ], [ 4275644.30379999987781, 2005638.630999999120831 ], [ 4278123.675200000405312, 2003465.351600000634789 ], [ 4281810.469499999657273, 2000238.106699999421835 ], [ 4286355.301799999549985, 1981508.230399999767542 ] ] ], [ [ [ 4181656.238500000908971, 1998721.185000000521541 ], [ 4178293.716299999505281, 1996120.196699999272823 ], [ 4174505.078099999576807, 2001678.114900000393391 ], [ 4179303.443399999290705, 2003441.814500000327826 ], [ 4181656.238500000908971, 1998721.185000000521541 ] ] ], [ [ [ 4174515.201500000432134, 1990179.365000000223517 ], [ 4171678.52280000038445, 1988376.899299999698997 ], [ 4169203.885199999436736, 1991022.617499999701977 ], [ 4171046.286399999633431, 1995575.656400000676513 ], [ 4174515.201500000432134, 1990179.365000000223517 ] ] ], [ [ [ 4174023.494000000879169, 1781762.534099999815226 ], [ 4169741.767799999564886, 1781015.494000000879169 ], [ 4165114.674900000914931, 1786161.8158 ], [ 4173828.796, 1790353.1787 ], [ 4174023.494000000879169, 1781762.534099999815226 ] ] ] ] } },
{ "type": "Feature", "properties": { "CNTR_ID": "MT", "CNTR_NAME": "Malta-Malta", "NAME_ENGL": "Malta", "NAME_FREN": "Malte", "ISO3_CODE": "MLT", "SVRG_UN": "UN Member State", "CAPT": "Valletta", "EU_STAT": "T", "EFTA_STAT": "F", "CC_STAT": "F", "NAME_GERM": "Malta" }, "geometry": { "type": "MultiPolygon", "coordinates": [ [ [ [ 4731027.870699999853969, 1437163.52930000051856 ], [ 4731348.186000000685453, 1436395.660599999129772 ], [ 4732294.002399999648333, 1436876.517799999564886 ], [ 4732252.682299999520183, 1437556.83809999935329 ], [ 4732369.481699999421835, 1437655.8432 ], [ 4732515.261299999430776, 1437584.591199999675155 ], [ 4732767.644999999552965, 1437259.221799999475479 ], [ 4732798.156700000166893, 1437039.558199999853969 ], [ 4732911.1744, 1437147.905799999833107 ], [ 4733313.488700000569224, 1437477.705 ], [ 4735079.357999999076128, 1437879.476099999621511 ], [ 4736212.226199999451637, 1436967.700400000438094 ], [ 4736876.8366, 1436531.95549999922514 ], [ 4737330.353499999269843, 1433036.859200000762939 ], [ 4735087.705, 1431190.66609999909997 ], [ 4731430.308700000867248, 1428970.678600000217557 ], [ 4729005.4803, 1429152.370300000533462 ], [ 4727419.598200000822544, 1429893.795199999585748 ], [ 4724965.1908, 1430201.22829999960959 ], [ 4721141.9858, 1432160.89809999987483 ], [ 4718376.751700000837445, 1433916.837999999523163 ], [ 4716141.409600000828505, 1436330.791200000792742 ], [ 4716393.991699999198318, 1438500.084599999710917 ], [ 4716443.926599999889731, 1441234.555800000205636 ], [ 4716271.316400000825524, 1447431.122999999672174 ], [ 4718610.104000000283122, 1447627.746300000697374 ], [ 4720554.142899999395013, 1444428.971300000324845 ], [ 4723873.0461, 1443585.997899999842048 ], [ 4727401.7007, 1442535.730100000277162 ], [ 4729792.312999999150634, 1441941.665699999779463 ], [ 4730404.9583, 1440312.990499999374151 ], [ 4730531.624500000849366, 1440195.302799999713898 ], [ 4730668.448799999430776, 1439972.669299999251962 ], [ 4730749.376900000497699, 1439713.916400000452995 ], [ 4730767.188300000503659, 1439452.407299999147654 ], [ 4730767.213400000706315, 1439452.22550000064075 ], [ 4730761.26380000077188, 1439451.060699999332428 ], [ 4730604.9704, 1438753.556199999526143 ], [ 4730904.973400000482798, 1438637.336500000208616 ], [ 4730913.783500000834465, 1438439.829900000244379 ], [ 4730318.868100000545382, 1438315.992200000211596 ], [ 4730109.458200000226498, 1438070.67 ], [ 4730721.936599999666214, 1437643.120899999514222 ], [ 4730947.166999999433756, 1437507.486500000581145 ], [ 4730979.075799999758601, 1437440.3277000002563 ], [ 4731027.870699999853969, 1437163.52930000051856 ] ] ], [ [ [ 4732562.496799999848008, 1438497.106100000441074 ], [ 4731953.142699999734759, 1437963.727900000289083 ], [ 4731431.669800000265241, 1438587.161100000143051 ], [ 4732681.9496, 1439056.567800000309944 ], [ 4732562.496799999848008, 1438497.106100000441074 ] ] ], [ [ [ 4712788.866800000891089, 1451536.428300000727177 ], [ 4709462.376900000497699, 1450702.996600000187755 ], [ 4705750.31900000013411, 1450579.728199999779463 ], [ 4704075.634999999776483, 1451588.323300000280142 ], [ 4702309.745899999514222, 1451717.964199999347329 ], [ 4701747.329299999400973, 1452054.162799999117851 ], [ 4702127.661000000312924, 1453177.330399999395013 ], [ 4701793.512199999764562, 1453802.187599999830127 ], [ 4701967.7028, 1454868.728800000622869 ], [ 4703818.330900000408292, 1456930.746200000867248 ], [ 4705327.619400000199676, 1457063.079299999400973 ], [ 4708611.5493, 1456419.228700000792742 ], [ 4710580.870400000363588, 1455329.682299999520183 ], [ 4713281.072599999606609, 1454104.368300000205636 ], [ 4714498.907999999821186, 1452569.8465 ], [ 4712788.866800000891089, 1451536.428300000727177 ] ] ] ] } },
{ "type": "Feature", "properties": { "CNTR_ID": "LI", "CNTR_NAME": "Liechtenstein", "NAME_ENGL": "Liechtenstein", "NAME_FREN": "Liechtenstein", "ISO3_CODE": "LIE", "SVRG_UN": "UN Member State", "CAPT": "Vaduz", "EU_STAT": "F", "EFTA_STAT": "T", "CC_STAT": "F", "NAME_GERM": "Liechtenstein" }, "geometry": { "type": "Polygon", "coordinates": [ [ [ 4291473.080399999395013, 2662951.768100000917912 ], [ 4291125.043400000780821, 2660883.310100000351667 ], [ 4290801.77419999986887, 2661009.370300000533462 ], [ 4286009.001900000497699, 2661398.176899999380112 ], [ 4281155.768799999728799, 2659947.763599999248981 ], [ 4281746.3213, 2661755.363800000399351 ], [ 4283932.244000000879169, 2663656.994100000709295 ], [ 4284183.901100000366569, 2667719.525399999693036 ], [ 4282706.845300000160933, 2671617.1974 ], [ 4282137.764599999412894, 2675325.947799999266863 ], [ 4282795.341, 2677144.763699999079108 ], [ 4283894.9543999992311, 2679922.812699999660254 ], [ 4285464.429500000551343, 2684223.105399999767542 ], [ 4287339.250399999320507, 2682229.401100000366569 ], [ 4287468.92879999987781, 2679858.260900000110269 ], [ 4289094.407400000840425, 2675816.021299999207258 ], [ 4288625.170800000429153, 2675012.010500000789762 ], [ 4289958.75620000064373, 2672432.429700000211596 ], [ 4292201.63399999961257, 2670971.976199999451637 ], [ 4292498.943099999800324, 2667232.459899999201298 ], [ 4292198.295099999755621, 2666406.412699999287724 ], [ 4292938.367200000211596, 2664338.691400000825524 ], [ 4291473.080399999395013, 2662951.768100000917912 ] ] ] } },
{ "type": "Feature", "properties": { "CNTR_ID": "LT", "CNTR_NAME": "Lietuva", "NAME_ENGL": "Lithuania", "NAME_FREN": "Lituanie", "ISO3_CODE": "LTU", "SVRG_UN": "UN Member State", "CAPT": "Vilnius", "EU_STAT": "T", "EFTA_STAT": "F", "CC_STAT": "F", "NAME_GERM": "Litauen" }, "geometry": { "type": "MultiPolygon", "coordinates": [ [ [ [ 5232643.625499999150634, 3799475.912100000306964 ], [ 5249884.162000000476837, 3775305.600999999791384 ], [ 5255849.3289, 3773757.768500000238419 ], [ 5286984.4134, 3776664.862600000575185 ], [ 5290547.691700000315905, 3770983.574799999594688 ], [ 5298223.146800000220537, 3769132.568600000813603 ], [ 5302296.548000000417233, 3764599.1118 ], [ 5314580.037900000810623, 3760461.80379999987781 ], [ 5340926.519300000742078, 3740062.926300000399351 ], [ 5356926.4485, 3740080.692900000140071 ], [ 5358949.137700000777841, 3732246.66579999960959 ], [ 5356505.307499999180436, 3720741.16609999909997 ], [ 5358297.017000000923872, 3703766.047900000587106 ], [ 5375835.977800000458956, 3700490.7555 ], [ 5375048.754599999636412, 3695397.933700000867248 ], [ 5371848.3531, 3683184.592399999499321 ], [ 5353226.32179999910295, 3677834.826999999582767 ], [ 5348594.937100000679493, 3672508.497999999672174 ], [ 5348589.024399999529123, 3659750.258400000631809 ], [ 5329565.224899999797344, 3647283.511399999260902 ], [ 5324484.092800000682473, 3634284.033900000154972 ], [ 5326724.93779999949038, 3619576.1119 ], [ 5330598.500600000843406, 3608277.393699999898672 ], [ 5325813.045499999076128, 3595000.365499999374151 ], [ 5324298.115199999883771, 3577600.924900000914931 ], [ 5332329.150000000372529, 3577979.581000000238419 ], [ 5338416.281899999827147, 3573044.8805 ], [ 5341149.282999999821186, 3562893.104399999603629 ], [ 5334520.845300000160933, 3558002.821599999442697 ], [ 5327516.671499999240041, 3559000.951899999752641 ], [ 5326033.028300000354648, 3570473.553600000217557 ], [ 5320828.558299999684095, 3573964.407600000500679 ], [ 5305143.667700000107288, 3564786.518400000408292 ], [ 5297734.741900000721216, 3550307.114700000733137 ], [ 5289698.783800000324845, 3551711.322699999436736 ], [ 5282724.118899999186397, 3548285.229800000786781 ], [ 5280431.238900000229478, 3543348.640100000426173 ], [ 5284916.825500000268221, 3533760.682800000533462 ], [ 5279729.111700000241399, 3526975.63260000012815 ], [ 5274588.8958, 3530767.98509999923408 ], [ 5263299.387499999254942, 3517070.823599999770522 ], [ 5258274.165500000119209, 3514834.288100000470877 ], [ 5246189.380400000140071, 3520413.2971 ], [ 5239576.516100000590086, 3515553.16579999960959 ], [ 5222946.824799999594688, 3513909.830299999564886 ], [ 5221165.830600000917912, 3508293.413899999111891 ], [ 5202339.414799999445677, 3510354.467000000178814 ], [ 5200025.160199999809265, 3514560.754799999296665 ], [ 5200741.121999999508262, 3521924.9825 ], [ 5196189.581199999898672, 3531124.5461 ], [ 5192498.585799999535084, 3533917.16609999909997 ], [ 5183759.576099999248981, 3540551.729399999603629 ], [ 5166337.452600000426173, 3543663.29590000025928 ], [ 5160691.155200000852346, 3551079.0559 ], [ 5150529.4835, 3551283.634700000286102 ], [ 5147698.658800000324845, 3546425.222100000828505 ], [ 5140046.480900000780821, 3556793.37639999948442 ], [ 5137149.280799999833107, 3569924.448699999600649 ], [ 5138925.689999999478459, 3575132.364 ], [ 5137672.215399999171495, 3585842.126599999144673 ], [ 5143173.940500000491738, 3591885.910800000652671 ], [ 5143825.34569999948144, 3597164.368699999526143 ], [ 5139985.74070000089705, 3605277.7972999997437 ], [ 5129882.55379999987781, 3612381.776000000536442 ], [ 5125709.902100000530481, 3612479.287499999627471 ], [ 5120797.048599999397993, 3621729.008899999782443 ], [ 5114012.817099999636412, 3617954.1151 ], [ 5101340.608200000599027, 3617649.636399999260902 ], [ 5088827.556399999186397, 3612012.308299999684095 ], [ 5085079.956700000911951, 3616434.186699999496341 ], [ 5074996.364499999210238, 3616586.883899999782443 ], [ 5063377.780300000682473, 3622078.163499999791384 ], [ 5059830.311899999156594, 3623763.222899999469519 ], [ 5049918.200799999758601, 3623721.117900000885129 ], [ 5040927.56870000064373, 3632680.803300000727177 ], [ 5034867.464299999177456, 3627136.46059999987483 ], [ 5034794.859099999070168, 3633998.206499999389052 ], [ 5031061.939200000837445, 3638595.415200000628829 ], [ 5029048.152300000190735, 3638983.569599999114871 ], [ 5030115.840800000354648, 3645733.85329999960959 ], [ 5029618.999099999666214, 3651238.989900000393391 ], [ 5020868.56900000013411, 3668771.315700000151992 ], [ 5018698.917700000107288, 3672532.178400000557303 ], [ 5021140.892699999734759, 3644148.034299999475479 ], [ 5016272.429099999368191, 3627982.342499999329448 ], [ 5016254.271800000220537, 3627856.231599999591708 ], [ 5014311.528000000864267, 3627929.264799999073148 ], [ 5018633.33530000038445, 3648344.745899999514222 ], [ 5018716.798800000920892, 3658441.35219999961555 ], [ 5016934.142000000923872, 3671948.951400000602007 ], [ 5013273.229499999433756, 3683420.58049999922514 ], [ 5012013.675899999216199, 3687019.707599999383092 ], [ 5010798.8586, 3692177.450300000607967 ], [ 5007430.776699999347329, 3715795.938699999824166 ], [ 5010856.776399999856949, 3717234.04700000025332 ], [ 5015562.968299999833107, 3718924.964800000190735 ], [ 5016037.027599999681115, 3725829.913499999791384 ], [ 5030787.978700000792742, 3744967.098099999129772 ], [ 5041680.060399999842048, 3750906.286800000816584 ], [ 5057503.606300000101328, 3759611.245400000363588 ], [ 5059619.294199999421835, 3763766.362700000405312 ], [ 5066141.630300000309944, 3766122.926599999889731 ], [ 5097787.394600000232458, 3764687.1996 ], [ 5111461.543299999088049, 3767278.645400000736117 ], [ 5114449.148, 3771206.502100000157952 ], [ 5118590.58559999987483, 3772484.873199999332428 ], [ 5122217.105699999257922, 3765777.334699999541044 ], [ 5126889.36600000038743, 3762782.044399999082088 ], [ 5131702.812999999150634, 3770611.902100000530481 ], [ 5139139.372400000691414, 3773693.433399999514222 ], [ 5146493.9934, 3772338.082000000402331 ], [ 5152653.925699999555945, 3771213.14809999987483 ], [ 5164644.906300000846386, 3777330.566500000655651 ], [ 5167975.763599999248981, 3773557.377699999138713 ], [ 5179004.409900000318885, 3775681.9518 ], [ 5182417.553300000727177, 3776243.5559 ], [ 5183186.388599999248981, 3774268.474500000476837 ], [ 5184953.50789999961853, 3773287.100999999791384 ], [ 5185311.598400000482798, 3771190.713199999183416 ], [ 5187829.596599999815226, 3771422.731599999591708 ], [ 5192242.193800000473857, 3769546.066600000485778 ], [ 5200357.122400000691414, 3776028.472400000318885 ], [ 5209920.515699999406934, 3774278.105699999257922 ], [ 5213050.106499999761581, 3776371.041999999433756 ], [ 5216571.802400000393391, 3778830.074300000444055 ], [ 5219196.120500000193715, 3788596.644099999219179 ], [ 5232643.625499999150634, 3799475.912100000306964 ] ] ], [ [ [ 5031029.143799999728799, 3638015.619699999690056 ], [ 5030443.394300000742078, 3637788.515900000929832 ], [ 5030955.075999999418855, 3638363.671399999409914 ], [ 5031176.263399999588728, 3638192.222500000149012 ], [ 5031029.143799999728799, 3638015.619699999690056 ] ] ] ] } },
{ "type": "Feature", "properties": { "CNTR_ID": "LU", "CNTR_NAME": "Luxemburg-Luxembourg-Lëtzebuerg", "NAME_ENGL": "Luxembourg", "NAME_FREN": "Luxembourg", "ISO3_CODE": "LUX", "SVRG_UN": "UN Member State", "CAPT": "Luxembourg", "EU_STAT": "T", "EFTA_STAT": "F", "CC_STAT": "F", "NAME_GERM": "Luxemburg" }, "geometry": { "type": "Polygon", "coordinates": [ [ [ 4037218.285499999299645, 3015531.614700000733137 ], [ 4044953.850099999457598, 3009232.574899999424815 ], [ 4043602.433499999344349, 2998072.880699999630451 ], [ 4051261.1097999997437, 2983028.5461 ], [ 4056902.7138, 2976872.348899999633431 ], [ 4067410.854599999263883, 2973721.591299999505281 ], [ 4069793.892000000923872, 2969285.305500000715256 ], [ 4068738.447100000455976, 2962192.169199999421835 ], [ 4063507.519799999892712, 2956133.198699999600649 ], [ 4059130.779100000858307, 2944039.392799999564886 ], [ 4057753.949899999424815, 2935021.078500000759959 ], [ 4046078.444499999284744, 2939699.189200000837445 ], [ 4041628.416600000113249, 2938970.61879999935627 ], [ 4038040.8783, 2934803.10359999909997 ], [ 4031895.530999999493361, 2934153.482999999076128 ], [ 4028150.2105, 2939347.209799999371171 ], [ 4023633.565400000661612, 2939874.957800000905991 ], [ 4018497.217599999159575, 2945664.4123 ], [ 4021735.4441, 2948506.220599999651313 ], [ 4025020.331800000742078, 2957675.870999999344349 ], [ 4023416.499299999326468, 2964308.176400000229478 ], [ 4015783.543400000780821, 2974382.5099 ], [ 4015263.049599999561906, 2980089.19510000012815 ], [ 4017798.119999999180436, 2990106.518899999558926 ], [ 4021696.348999999463558, 2993731.51659999974072 ], [ 4027564.055299999192357, 3007231.775800000876188 ], [ 4037218.285499999299645, 3015531.614700000733137 ] ] ] } },
{ "type": "Feature", "properties": { "CNTR_ID": "LV", "CNTR_NAME": "Latvija", "NAME_ENGL": "Latvia", "NAME_FREN": "Lettonie", "ISO3_CODE": "LVA", "SVRG_UN": "UN Member State", "CAPT": "Riga", "EU_STAT": "T", "EFTA_STAT": "F", "CC_STAT": "F", "NAME_GERM": "Lettland" }, "geometry": { "type": "Polygon", "coordinates": [ [ [ 5210924.106899999082088, 3981403.747199999168515 ], [ 5217889.64049999974668, 3973776.693 ], [ 5217005.003900000825524, 3982171.446000000461936 ], [ 5239474.876000000163913, 3970851.0143 ], [ 5248229.782700000330806, 3970531.244000000879169 ], [ 5253917.231799999251962, 3966053.641699999570847 ], [ 5264573.935499999672174, 3967289.993300000205636 ], [ 5266492.606000000610948, 3965368.19370000064373 ], [ 5267265.499800000339746, 3959267.595000000670552 ], [ 5277382.625, 3955007.055099999532104 ], [ 5285690.626499999314547, 3943819.418199999257922 ], [ 5297152.63880000077188, 3942949.442099999636412 ], [ 5302240.568800000473857, 3938406.366699999198318 ], [ 5307104.704299999400973, 3939738.661800000816584 ], [ 5321601.076199999079108, 3955434.936200000345707 ], [ 5350177.023900000378489, 3949794.790100000798702 ], [ 5360970.384700000286102, 3954328.149599999189377 ], [ 5362665.555500000715256, 3951407.871200000867248 ], [ 5363303.642699999734759, 3942375.6206 ], [ 5374000.415200000628829, 3938766.476099999621511 ], [ 5384486.89299999922514, 3934526.729900000616908 ], [ 5387194.95240000076592, 3930078.466399999335408 ], [ 5387488.554700000211596, 3917114.6195 ], [ 5385369.672399999573827, 3912991.590800000354648 ], [ 5385922.028999999165535, 3901287.606300000101328 ], [ 5389138.613199999555945, 3896083.13230000063777 ], [ 5386956.287900000810623, 3888263.339600000530481 ], [ 5387453.002000000327826, 3881595.137199999764562 ], [ 5397130.818299999460578, 3887176.417500000447035 ], [ 5405607.175499999895692, 3883757.986400000751019 ], [ 5404793.112600000575185, 3874616.653100000694394 ], [ 5417038.821100000292063, 3860586.363500000908971 ], [ 5422298.245200000703335, 3858888.673499999567866 ], [ 5422894.125199999660254, 3852509.526200000196695 ], [ 5429910.5263, 3845467.452600000426173 ], [ 5431030.025699999183416, 3838485.249800000339746 ], [ 5436998.744200000539422, 3829157.948899999260902 ], [ 5435586.060699999332428, 3815982.973099999129772 ], [ 5426191.148, 3806976.70409999974072 ], [ 5418608.466499999165535, 3789801.129000000655651 ], [ 5412784.119200000539422, 3782687.877100000157952 ], [ 5412935.901699999347329, 3766287.630999999120831 ], [ 5398166.527899999171495, 3764856.648700000718236 ], [ 5393135.7116, 3761523.4517 ], [ 5383181.565600000321865, 3765636.491699999198318 ], [ 5373120.190600000321865, 3757549.262199999764562 ], [ 5370373.869300000369549, 3747502.550100000575185 ], [ 5366085.72749999910593, 3742688.912000000476837 ], [ 5358858.856000000610948, 3743322.851500000804663 ], [ 5356926.4485, 3740080.692900000140071 ], [ 5340926.519300000742078, 3740062.926300000399351 ], [ 5314580.037900000810623, 3760461.80379999987781 ], [ 5302296.548000000417233, 3764599.1118 ], [ 5298223.146800000220537, 3769132.568600000813603 ], [ 5290547.691700000315905, 3770983.574799999594688 ], [ 5286984.4134, 3776664.862600000575185 ], [ 5255849.3289, 3773757.768500000238419 ], [ 5249884.162000000476837, 3775305.600999999791384 ], [ 5232643.625499999150634, 3799475.912100000306964 ], [ 5219196.120500000193715, 3788596.644099999219179 ], [ 5216571.802400000393391, 3778830.074300000444055 ], [ 5213050.106499999761581, 3776371.041999999433756 ], [ 5209920.515699999406934, 3774278.105699999257922 ], [ 5200357.122400000691414, 3776028.472400000318885 ], [ 5192242.193800000473857, 3769546.066600000485778 ], [ 5187829.596599999815226, 3771422.731599999591708 ], [ 5185311.598400000482798, 3771190.713199999183416 ], [ 5184953.50789999961853, 3773287.100999999791384 ], [ 5183186.388599999248981, 3774268.474500000476837 ], [ 5182417.553300000727177, 3776243.5559 ], [ 5179004.409900000318885, 3775681.9518 ], [ 5167975.763599999248981, 3773557.377699999138713 ], [ 5164644.906300000846386, 3777330.566500000655651 ], [ 5152653.925699999555945, 3771213.14809999987483 ], [ 5146493.9934, 3772338.082000000402331 ], [ 5139139.372400000691414, 3773693.433399999514222 ], [ 5131702.812999999150634, 3770611.902100000530481 ], [ 5126889.36600000038743, 3762782.044399999082088 ], [ 5122217.105699999257922, 3765777.334699999541044 ], [ 5118590.58559999987483, 3772484.873199999332428 ], [ 5114449.148, 3771206.502100000157952 ], [ 5111461.543299999088049, 3767278.645400000736117 ], [ 5097787.394600000232458, 3764687.1996 ], [ 5066141.630300000309944, 3766122.926599999889731 ], [ 5059619.294199999421835, 3763766.362700000405312 ], [ 5057503.606300000101328, 3759611.245400000363588 ], [ 5041680.060399999842048, 3750906.286800000816584 ], [ 5030787.978700000792742, 3744967.098099999129772 ], [ 5016037.027599999681115, 3725829.913499999791384 ], [ 5015562.968299999833107, 3718924.964800000190735 ], [ 5010856.776399999856949, 3717234.04700000025332 ], [ 5007430.776699999347329, 3715795.938699999824166 ], [ 5000373.380699999630451, 3730746.599700000137091 ], [ 4996942.682600000873208, 3746143.139499999582767 ], [ 4994935.650499999523163, 3767591.126700000837445 ], [ 4995830.183399999514222, 3783898.834499999880791 ], [ 4993754.671299999579787, 3798811.300200000405312 ], [ 5009464.884700000286102, 3822457.8092 ], [ 5010552.4178, 3829955.948899999260902 ], [ 5007269.902799999341369, 3853884.64750000089407 ], [ 5018801.45130000077188, 3885128.521299999207258 ], [ 5019740.509099999442697, 3887704.661299999803305 ], [ 5036492.5767, 3894543.137499999254942 ], [ 5067037.585100000724196, 3916097.383600000292063 ], [ 5068524.962099999189377, 3905975.677999999374151 ], [ 5072234.020199999213219, 3899648.0756 ], [ 5095524.643799999728799, 3882571.731499999761581 ], [ 5106563.38990000076592, 3878374.0121 ], [ 5120306.29450000077486, 3851058.4222 ], [ 5131739.209799999371171, 3847709.165999999269843 ], [ 5135075.013599999248981, 3846738.709699999541044 ], [ 5140202.184100000187755, 3841951.543299999088049 ], [ 5154480.947499999776483, 3844339.84180000051856 ], [ 5169871.911599999293685, 3858819.705199999734759 ], [ 5171516.06870000064373, 3860201.537499999627471 ], [ 5173361.773499999195337, 3862160.972999999299645 ], [ 5174402.912599999457598, 3863267.522299999371171 ], [ 5177019.917700000107288, 3867108.0494 ], [ 5178299.513000000268221, 3869850.462799999862909 ], [ 5180120.025000000372529, 3871917.0932 ], [ 5182059.767799999564886, 3874802.4054000005126 ], [ 5184071.931600000709295, 3885195.860300000756979 ], [ 5174546.733200000599027, 3921770.556500000879169 ], [ 5170460.42090000025928, 3931530.159099999815226 ], [ 5167185.82630000077188, 3949252.542099999263883 ], [ 5172016.324899999424815, 3949985.0121 ], [ 5172987.637599999085069, 3955522.439400000497699 ], [ 5177906.799100000411272, 3960292.782299999147654 ], [ 5193531.29079999960959, 3966504.570900000631809 ], [ 5203368.308299999684095, 3975554.098799999803305 ], [ 5210924.106899999082088, 3981403.747199999168515 ] ] ] } },
{ "type": "Feature", "properties": { "CNTR_ID": "MC", "CNTR_NAME": "Monaco", "NAME_ENGL": "Monaco", "NAME_FREN": "Monaco", "ISO3_CODE": "MCO", "SVRG_UN": "UN Member State", "CAPT": "Monaco", "EU_STAT": "F", "EFTA_STAT": "F", "CC_STAT": "F", "NAME_GERM": "Monaco" }, "geometry": { "type": "Polygon", "coordinates": [ [ [ 4112306.976500000804663, 2294346.332299999892712 ], [ 4112813.4627, 2295602.545499999076128 ], [ 4114291.799499999731779, 2296842.440600000321865 ], [ 4112633.0943, 2294271.026399999856949 ], [ 4112306.976500000804663, 2294346.332299999892712 ] ] ] } },
{ "type": "Feature", "properties": { "CNTR_ID": "MD", "CNTR_NAME": "Moldova", "NAME_ENGL": "Moldova", "NAME_FREN": "Moldavie", "ISO3_CODE": "MDA", "SVRG_UN": "UN Member State", "CAPT": "Chisinau", "EU_STAT": "F", "EFTA_STAT": "F", "CC_STAT": "T", "NAME_GERM": "Moldau" }, "geometry": { "type": "Polygon", "coordinates": [ [ [ 5607858.943900000303984, 2973048.955299999564886 ], [ 5613405.299900000914931, 2970116.345899999141693 ], [ 5620669.785199999809265, 2972873.474999999627471 ], [ 5630860.168199999257922, 2967916.9868 ], [ 5633609.069499999284744, 2964956.318800000473857 ], [ 5645487.9507, 2963374.998800000175834 ], [ 5650883.603399999439716, 2956954.4594 ], [ 5660082.08699999935925, 2955795.598899999633431 ], [ 5668204.5055, 2959614.356100000441074 ], [ 5670450.190999999642372, 2951563.21199999935925 ], [ 5675628.200099999085069, 2952944.82799999974668 ], [ 5681537.782999999821186, 2946429.768400000408292 ], [ 5682597.501800000667572, 2949907.66609999909997 ], [ 5686627.420099999755621, 2957613.352099999785423 ], [ 5706104.752499999478459, 2956894.534800000488758 ], [ 5708627.3169, 2952655.75760000012815 ], [ 5710169.63880000077188, 2947874.156300000846386 ], [ 5716652.86119999922812, 2942313.898700000718236 ], [ 5726821.4232, 2942187.721799999475479 ], [ 5734014.783299999311566, 2948393.659399999305606 ], [ 5739110.702299999073148, 2939900.020500000566244 ], [ 5742316.731100000441074, 2938710.86739999987185 ], [ 5742243.999299999326468, 2935857.5614 ], [ 5742150.6908, 2931077.956299999728799 ], [ 5746593.430500000715256, 2928852.9781 ], [ 5745076.757099999114871, 2920912.0789 ], [ 5747669.802200000733137, 2910911.486400000751019 ], [ 5743943.858999999240041, 2899655.773399999365211 ], [ 5748560.405200000852346, 2896738.657299999147654 ], [ 5751474.747099999338388, 2890049.681500000879169 ], [ 5760110.802200000733137, 2892017.249800000339746 ], [ 5763339.893100000917912, 2887023.742000000551343 ], [ 5766921.16190000064671, 2886061.010500000789762 ], [ 5767931.4836, 2884119.686000000685453 ], [ 5770480.61119999922812, 2879224.034600000828505 ], [ 5774884.165300000458956, 2880643.995200000703335 ], [ 5776623.305700000375509, 2887504.666999999433756 ], [ 5781341.0987, 2888185.805400000885129 ], [ 5784830.276399999856949, 2880095.623500000685453 ], [ 5783365.860999999567866, 2875510.138699999079108 ], [ 5786951.963899999856949, 2865820.864499999210238 ], [ 5782820.840500000864267, 2861809.157400000840425 ], [ 5785443.067600000649691, 2858532.811899999156594 ], [ 5792316.433199999853969, 2859018.80629999935627 ], [ 5792459.78319999948144, 2844396.212200000882149 ], [ 5804351.456399999558926, 2843619.349500000476837 ], [ 5808810.215500000864267, 2839396.839600000530481 ], [ 5816249.761, 2842942.659800000488758 ], [ 5819892.366499999538064, 2838490.306900000199676 ], [ 5823834.99210000038147, 2839312.926999999210238 ], [ 5829727.701899999752641, 2818072.549100000411272 ], [ 5830627.183199999853969, 2814826.988299999386072 ], [ 5830090.365499999374151, 2809728.575200000777841 ], [ 5826141.65059999935329, 2807091.9101 ], [ 5841281.5777000002563, 2795542.4419 ], [ 5831065.005100000649691, 2789042.9858 ], [ 5819147.151100000366569, 2792767.398399999365211 ], [ 5811426.140000000596046, 2783586.478199999779463 ], [ 5795667.773, 2792595.535499999299645 ], [ 5793860.596599999815226, 2788550.259099999442697 ], [ 5788418.499600000679493, 2789874.4452 ], [ 5787929.892699999734759, 2781801.793199999257922 ], [ 5782834.537100000306964, 2776619.3902000002563 ], [ 5778632.045499999076128, 2794069.739700000733137 ], [ 5767131.023900000378489, 2787152.880599999800324 ], [ 5761752.334799999371171, 2783015.526499999687076 ], [ 5760093.576899999752641, 2777339.089700000360608 ], [ 5766680.128200000151992, 2765849.212500000372529 ], [ 5765763.043800000101328, 2757623.308700000867248 ], [ 5770215.069199999794364, 2755622.441600000485778 ], [ 5775223.821100000292063, 2752234.158500000834465 ], [ 5770949.186300000175834, 2740678.2083 ], [ 5774982.91469999961555, 2734033.464299999177456 ], [ 5769207.081499999389052, 2727519.437400000169873 ], [ 5762323.466099999845028, 2723946.949899999424815 ], [ 5760078.927500000223517, 2720129.268999999389052 ], [ 5762145.457299999892712, 2713460.893500000238419 ], [ 5763883.707499999552965, 2708242.815700000151992 ], [ 5758588.57179999910295, 2704845.898800000548363 ], [ 5759235.48509999923408, 2700722.235400000587106 ], [ 5750084.8684, 2693303.6107 ], [ 5747300.036699999123812, 2690619.1184 ], [ 5747083.444900000467896, 2687969.919299999251962 ], [ 5745993.142899999395013, 2685757.772299999371171 ], [ 5746848.649299999698997, 2683677.3092 ], [ 5749000.302300000563264, 2684413.259600000455976 ], [ 5752538.838500000536442, 2677734.040400000289083 ], [ 5750739.466299999505281, 2665634.697000000625849 ], [ 5736169.63429999910295, 2667960.061799999326468 ], [ 5733343.2478, 2663824.291200000792742 ], [ 5731142.541899999603629, 2657534.991900000721216 ], [ 5719429.9551, 2670337.614299999549985 ], [ 5722975.453500000759959, 2677828.490900000557303 ], [ 5715093.55519999936223, 2693191.64949999935925 ], [ 5713456.560499999672174, 2703235.122199999168515 ], [ 5708357.706900000572205, 2713461.424799999222159 ], [ 5707991.324799999594688, 2725051.958399999886751 ], [ 5707440.478399999439716, 2725187.351299999281764 ], [ 5704259.232799999415874, 2738934.921700000762939 ], [ 5709008.261800000444055, 2758027.444299999624491 ], [ 5708933.453099999576807, 2764159.90059999935329 ], [ 5703842.704199999570847, 2774436.285399999469519 ], [ 5703279.221400000154972, 2784933.932600000873208 ], [ 5688044.493200000375509, 2804422.723999999463558 ], [ 5685898.05629999935627, 2813514.045499999076128 ], [ 5677737.036100000143051, 2823630.864900000393391 ], [ 5658142.355699999257922, 2831704.915100000798702 ], [ 5648850.428899999707937, 2845604.252900000661612 ], [ 5641066.728199999779463, 2846916.467599999159575 ], [ 5635597.365299999713898, 2853083.42369999922812 ], [ 5631015.4298, 2862676.52449999935925 ], [ 5625190.457699999213219, 2864029.626299999654293 ], [ 5616994.101399999111891, 2872493.989399999380112 ], [ 5616141.552699999883771, 2872864.260900000110269 ], [ 5604978.979299999773502, 2883119.533700000494719 ], [ 5604125.195800000801682, 2889324.669700000435114 ], [ 5596112.886700000613928, 2898794.317700000479817 ], [ 5591515.879000000655651, 2907565.583499999716878 ], [ 5577940.024599999189377, 2920843.750099999830127 ], [ 5576111.298900000751019, 2926147.732200000435114 ], [ 5571931.715199999511242, 2924727.555099999532104 ], [ 5568130.852399999275804, 2929969.271500000730157 ], [ 5558450.780899999663234, 2934389.31389999948442 ], [ 5544403.692500000819564, 2932763.284800000488758 ], [ 5547796.769600000232458, 2942275.137299999594688 ], [ 5556388.791799999773502, 2940901.678600000217557 ], [ 5555576.584699999541044, 2944622.932299999520183 ], [ 5549016.9123, 2948227.554400000721216 ], [ 5551516.728199999779463, 2952344.808199999853969 ], [ 5556955.902300000190735, 2953752.971200000494719 ], [ 5566959.403100000694394, 2950169.077299999073148 ], [ 5571875.851299999281764, 2958428.831800000742078 ], [ 5577033.166400000452995, 2954781.78940000012517 ], [ 5585160.982699999585748, 2955312.537499999627471 ], [ 5588450.456499999389052, 2957009.6392 ], [ 5590346.474300000816584, 2964159.5329 ], [ 5597873.3081, 2962909.609999999403954 ], [ 5604292.992000000551343, 2971196.581000000238419 ], [ 5607858.943900000303984, 2973048.955299999564886 ] ] ] } },
{ "type": "Feature", "properties": { "CNTR_ID": "ME", "CNTR_NAME": "Црна Гора", "NAME_ENGL": "Montenegro", "NAME_FREN": "Monténégro", "ISO3_CODE": "MNE", "SVRG_UN": "UN Member State", "CAPT": "Podgorica", "EU_STAT": "F", "EFTA_STAT": "F", "CC_STAT": "T", "NAME_GERM": "Montenegro" }, "geometry": { "type": "Polygon", "coordinates": [ [ [ 5023284.755300000309944, 2185938.9858 ], [ 5016686.092499999329448, 2192067.499800000339746 ], [ 5014573.749299999326468, 2200024.639699999243021 ], [ 5021921.849199999123812, 2204494.483300000429153 ], [ 5023380.897199999541044, 2211594.476399999111891 ], [ 5021979.418299999088049, 2218309.69370000064373 ], [ 5014239.976399999111891, 2226226.376900000497699 ], [ 5014427.938699999824166, 2246368.256999999284744 ], [ 5017768.746999999508262, 2252037.388399999588728 ], [ 5026146.042400000616908, 2256022.9079 ], [ 5026839.72550000064075, 2276146.77309999987483 ], [ 5028583.179300000891089, 2281093.626599999144673 ], [ 5039926.749900000169873, 2291840.570299999788404 ], [ 5045749.837200000882149, 2291288.175899999216199 ], [ 5051821.627499999478459, 2283088.975099999457598 ], [ 5056742.576899999752641, 2289644.38370000012219 ], [ 5044226.3202, 2310890.981899999082088 ], [ 5048681.39780000038445, 2314493.534199999645352 ], [ 5053657.741599999368191, 2311365.329199999570847 ], [ 5066462.324799999594688, 2314652.722899999469519 ], [ 5068352.63260000012815, 2309096.0735 ], [ 5085293.316500000655651, 2301402.89780000038445 ], [ 5096457.580900000408292, 2287592.748999999836087 ], [ 5100057.175499999895692, 2285112.732699999585748 ], [ 5131797.094100000336766, 2274551.968599999323487 ], [ 5141136.523199999704957, 2266081.070000000298023 ], [ 5163684.033099999651313, 2258132.854100000113249 ], [ 5166993.008500000461936, 2250206.411000000312924 ], [ 5160937.224700000137091, 2247919.274000000208616 ], [ 5157371.876000000163913, 2240042.882099999114871 ], [ 5141755.956800000742078, 2238186.573400000110269 ], [ 5142757.743200000375509, 2232875.215500000864267 ], [ 5148716.384199999272823, 2227875.51490000076592 ], [ 5149010.238500000908971, 2219208.55350000038743 ], [ 5148385.465600000694394, 2216598.8925 ], [ 5145576.778300000354648, 2214724.526499999687076 ], [ 5129574.741900000721216, 2204091.313699999824166 ], [ 5123029.97069999948144, 2209024.064999999478459 ], [ 5122786.788799999281764, 2211705.154799999669194 ], [ 5122102.281899999827147, 2219242.426599999889731 ], [ 5117549.70549999922514, 2223318.275699999183416 ], [ 5112468.005599999800324, 2217946.0 ], [ 5108978.198100000619888, 2209917.795499999076128 ], [ 5102045.264599999412894, 2194051.75789999961853 ], [ 5097659.995699999853969, 2189288.800200000405312 ], [ 5097727.03800000064075, 2185889.306399999186397 ], [ 5097749.8465, 2184727.15819999948144 ], [ 5089144.653000000864267, 2167162.0186 ], [ 5097871.555299999192357, 2160174.2763 ], [ 5098048.1382, 2156760.8904 ], [ 5100056.793500000610948, 2130793.9543999992311 ], [ 5098557.42989999987185, 2131548.89159999974072 ], [ 5082541.331900000572205, 2139645.7149 ], [ 5071980.646600000560284, 2157349.9233 ], [ 5055284.657199999317527, 2171692.559900000691414 ], [ 5044232.736099999397993, 2173660.0746 ], [ 5039848.463199999183416, 2178879.558599999174476 ], [ 5037310.6382, 2181905.400100000202656 ], [ 5029041.780500000342727, 2182455.759199999272823 ], [ 5024766.5603, 2188901.358200000599027 ], [ 5023284.755300000309944, 2185938.9858 ] ] ] } },
{ "type": "Feature", "properties": { "CNTR_ID": "MK", "CNTR_NAME": "Северна Македонија", "NAME_ENGL": "North Macedonia", "NAME_FREN": "Macédoine du Nord", "ISO3_CODE": "MKD", "SVRG_UN": "UN Member State", "CAPT": "Skopje", "EU_STAT": "F", "EFTA_STAT": "F", "CC_STAT": "T", "NAME_GERM": "Nordmazedonien" }, "geometry": { "type": "Polygon", "coordinates": [ [ [ 5338319.619999999180436, 2217739.410299999639392 ], [ 5353216.90430000051856, 2202689.022399999201298 ], [ 5366942.177200000733137, 2195773.559900000691414 ], [ 5384665.193299999460578, 2193093.293099999427795 ], [ 5390039.095300000160933, 2177757.042600000277162 ], [ 5392215.223099999129772, 2175315.278599999845028 ], [ 5394270.417199999094009, 2173011.118200000375509 ], [ 5400765.057900000363588, 2165741.858999999240041 ], [ 5402453.194599999114871, 2159007.06279999949038 ], [ 5398661.3915, 2151503.578400000929832 ], [ 5399777.291500000283122, 2147203.561599999666214 ], [ 5401767.499399999156594, 2139536.814600000157952 ], [ 5403759.50139999948442, 2122517.599700000137091 ], [ 5401576.038899999111891, 2119111.6272 ], [ 5397537.227299999445677, 2118650.909299999475479 ], [ 5390933.256899999454618, 2117542.429099999368191 ], [ 5389539.657500000670552, 2115747.691400000825524 ], [ 5388103.055700000375509, 2112796.421 ], [ 5389171.083000000566244, 2106577.858799999579787 ], [ 5389293.286100000143051, 2104419.880100000649691 ], [ 5389507.508600000292063, 2100623.664899999275804 ], [ 5389629.63910000026226, 2098453.737299999222159 ], [ 5386687.096699999645352, 2095441.46030000038445 ], [ 5382583.02140000090003, 2098746.649800000712276 ], [ 5378557.551100000739098, 2091350.34180000051856 ], [ 5376463.148800000548363, 2090931.863500000908971 ], [ 5355938.109899999573827, 2086869.918199999257922 ], [ 5353969.98509999923408, 2087606.124299999326468 ], [ 5345487.933199999853969, 2090787.739 ], [ 5339810.822699999436736, 2085614.375700000673532 ], [ 5332565.529699999839067, 2086483.518400000408292 ], [ 5328485.873400000855327, 2083463.889699999243021 ], [ 5322792.8673, 2079259.294099999591708 ], [ 5321483.2467, 2076986.756799999624491 ], [ 5313654.675799999386072, 2058838.068099999800324 ], [ 5306108.334000000730157, 2058128.402100000530481 ], [ 5297799.223999999463558, 2049536.955600000917912 ], [ 5290229.740199999883771, 2052898.211300000548363 ], [ 5269047.3114, 2045606.562899999320507 ], [ 5259033.4649, 2041930.871999999508262 ], [ 5255496.8918999992311, 2041440.970100000500679 ], [ 5247352.787799999117851, 2040320.509600000455976 ], [ 5246639.273800000548363, 2044019.53800000064075 ], [ 5234386.398399999365211, 2046491.739800000563264 ], [ 5225797.383300000801682, 2043463.847699999809265 ], [ 5224553.307800000533462, 2046461.273 ], [ 5222324.136199999600649, 2051836.398399999365211 ], [ 5218111.208799999207258, 2062016.529799999669194 ], [ 5214972.375499999150634, 2061477.0768 ], [ 5211962.697599999606609, 2061668.541600000113249 ], [ 5210607.042099999263883, 2065691.02280000038445 ], [ 5209671.816800000146031, 2068467.452099999412894 ], [ 5203624.1403, 2075657.4572 ], [ 5200757.002599999308586, 2085264.651200000196695 ], [ 5204336.224500000476837, 2095978.1996 ], [ 5195102.122099999338388, 2108244.496300000697374 ], [ 5201644.27140000090003, 2114995.648800000548363 ], [ 5197008.057099999859929, 2129844.264799999073148 ], [ 5199849.679199999198318, 2138950.348200000822544 ], [ 5198279.450899999588728, 2144087.081399999558926 ], [ 5200419.911599999293685, 2147880.017000000923872 ], [ 5211623.011900000274181, 2148016.018500000238419 ], [ 5214412.581499999389052, 2155411.512800000607967 ], [ 5213405.7149, 2159297.0614 ], [ 5211529.8728, 2164302.387800000607967 ], [ 5212585.969900000840425, 2170897.881899999454618 ], [ 5224180.299000000581145, 2179290.464400000870228 ], [ 5228562.068199999630451, 2181336.5888 ], [ 5233546.454600000753999, 2185029.505000000819564 ], [ 5235566.7347999997437, 2187389.315099999308586 ], [ 5237266.116599999368191, 2189376.315199999138713 ], [ 5241392.00899999961257, 2189644.3947 ], [ 5247774.630200000479817, 2180924.940500000491738 ], [ 5250961.898199999704957, 2179364.0362 ], [ 5256718.368100000545382, 2181973.414799999445677 ], [ 5255333.839099999517202, 2187531.1382 ], [ 5259277.190500000491738, 2196941.26380000077188 ], [ 5264814.35190000012517, 2197440.321000000461936 ], [ 5265843.851199999451637, 2201956.711899999529123 ], [ 5276030.9594, 2202300.516200000420213 ], [ 5283651.935599999502301, 2201005.767300000414252 ], [ 5291528.888900000602007, 2204973.493899999186397 ], [ 5296202.879599999636412, 2211378.424200000241399 ], [ 5301383.469499999657273, 2211280.752900000661612 ], [ 5304823.22580000013113, 2214920.5066 ], [ 5314519.336899999529123, 2212413.284499999135733 ], [ 5319844.903200000524521, 2214259.138499999418855 ], [ 5326411.060000000521541, 2219035.138499999418855 ], [ 5329864.277200000360608, 2221552.656199999153614 ], [ 5333026.642300000414252, 2220124.633199999108911 ], [ 5338319.619999999180436, 2217739.410299999639392 ] ] ] } },
{ "type": "Feature", "properties": { "CNTR_ID": "RS", "CNTR_NAME": "Србија", "NAME_ENGL": "Serbia", "NAME_FREN": "Serbie", "ISO3_CODE": "SRB", "SVRG_UN": "UN Member State", "CAPT": "Belgrade", "EU_STAT": "F", "EFTA_STAT": "F", "CC_STAT": "T", "NAME_GERM": "Serbien" }, "geometry": { "type": "Polygon", "coordinates": [ [ [ 5068153.690899999812245, 2612699.3581000007689 ], [ 5076621.379499999806285, 2607952.845599999651313 ], [ 5081487.054199999198318, 2610251.441800000146031 ], [ 5090375.030999999493361, 2614331.992499999701977 ], [ 5112369.800899999216199, 2611777.795499999076128 ], [ 5122136.335200000554323, 2597983.911100000143051 ], [ 5138952.919600000604987, 2589973.799100000411272 ], [ 5147918.001000000163913, 2579517.2401 ], [ 5152787.693600000813603, 2575711.680600000545382 ], [ 5159741.096400000154972, 2578749.296 ], [ 5159152.25029999949038, 2560041.573899999260902 ], [ 5164012.207699999213219, 2553381.130699999630451 ], [ 5161443.487800000235438, 2547227.23369999974966 ], [ 5167593.231300000101328, 2545462.928999999538064 ], [ 5182474.628599999472499, 2531852.403000000864267 ], [ 5195050.518999999389052, 2532509.690600000321865 ], [ 5201323.318600000813603, 2525471.00929999910295 ], [ 5220467.415699999779463, 2522847.3958 ], [ 5224256.433000000193715, 2518062.822799999266863 ], [ 5220245.310000000521541, 2507341.161800000816584 ], [ 5215284.396600000560284, 2501632.832399999722838 ], [ 5228870.138499999418855, 2494947.98960000090301 ], [ 5230869.608300000429153, 2491006.745200000703335 ], [ 5218492.556600000709295, 2485592.222500000149012 ], [ 5217048.228800000622869, 2480557.546399999409914 ], [ 5221367.969799999147654, 2476795.641200000420213 ], [ 5235431.104599999263883, 2476179.623299999162555 ], [ 5241839.916200000792742, 2466809.124800000339746 ], [ 5246524.530500000342727, 2467066.232300000265241 ], [ 5264984.7325, 2468115.862199999392033 ], [ 5271841.418299999088049, 2464554.962899999693036 ], [ 5272190.405600000172853, 2464260.944499999284744 ], [ 5276048.498400000855327, 2457465.457299999892712 ], [ 5284329.839800000190735, 2452614.266699999570847 ], [ 5287568.8498, 2455251.488399999216199 ], [ 5294370.279699999839067, 2474442.203700000420213 ], [ 5303433.77309999987483, 2481768.580600000917912 ], [ 5317559.107999999076128, 2474635.565899999812245 ], [ 5325904.41300000064075, 2473630.996200000867248 ], [ 5330434.027599999681115, 2469795.197000000625849 ], [ 5330358.691199999302626, 2466869.6996 ], [ 5318620.37360000051558, 2465758.7193 ], [ 5315151.648, 2458466.011399999260902 ], [ 5309904.325799999758601, 2454946.49379999935627 ], [ 5318020.395700000226498, 2441325.8136 ], [ 5329341.951999999582767, 2437299.637599999085069 ], [ 5330611.933599999174476, 2430822.467199999839067 ], [ 5327245.338899999856949, 2425335.448799999430776 ], [ 5328134.425599999725819, 2413776.277300000190735 ], [ 5322636.404799999669194, 2410288.737700000405312 ], [ 5313989.941099999472499, 2403506.716 ], [ 5313204.740299999713898, 2382207.386800000444055 ], [ 5319231.900000000372529, 2370180.749500000849366 ], [ 5324902.959699999541044, 2365620.466700000688434 ], [ 5331770.7566, 2348915.346300000324845 ], [ 5344289.384600000455976, 2341572.722999999299645 ], [ 5351004.256699999794364, 2340906.984200000762939 ], [ 5366882.448000000789762, 2325487.195000000298023 ], [ 5375157.835200000554323, 2323275.267799999564886 ], [ 5373988.773299999535084, 2313889.900399999693036 ], [ 5361950.184599999338388, 2297010.569700000807643 ], [ 5359818.063699999824166, 2286468.8684 ], [ 5341408.316099999472499, 2280944.876000000163913 ], [ 5336280.747099999338388, 2275236.194700000807643 ], [ 5341633.595300000160933, 2266641.774399999529123 ], [ 5340814.578299999237061, 2256088.795299999415874 ], [ 5340987.1294, 2247595.883600000292063 ], [ 5344300.350199999287724, 2244745.764799999073148 ], [ 5351030.92850000038743, 2238967.623999999836087 ], [ 5349905.248999999836087, 2231024.41609999909997 ], [ 5345952.35219999961555, 2225705.6195 ], [ 5342042.86600000038743, 2221621.404200000688434 ], [ 5338319.619999999180436, 2217739.410299999639392 ], [ 5333026.642300000414252, 2220124.633199999108911 ], [ 5329864.277200000360608, 2221552.656199999153614 ], [ 5326411.060000000521541, 2219035.138499999418855 ], [ 5319844.903200000524521, 2214259.138499999418855 ], [ 5314519.336899999529123, 2212413.284499999135733 ], [ 5304823.22580000013113, 2214920.5066 ], [ 5301383.469499999657273, 2211280.752900000661612 ], [ 5296202.879599999636412, 2211378.424200000241399 ], [ 5291528.888900000602007, 2204973.493899999186397 ], [ 5283651.935599999502301, 2201005.767300000414252 ], [ 5276030.9594, 2202300.516200000420213 ], [ 5265843.851199999451637, 2201956.711899999529123 ], [ 5264814.35190000012517, 2197440.321000000461936 ], [ 5259277.190500000491738, 2196941.26380000077188 ], [ 5255333.839099999517202, 2187531.1382 ], [ 5256718.368100000545382, 2181973.414799999445677 ], [ 5250961.898199999704957, 2179364.0362 ], [ 5247774.630200000479817, 2180924.940500000491738 ], [ 5241392.00899999961257, 2189644.3947 ], [ 5237266.116599999368191, 2189376.315199999138713 ], [ 5235566.7347999997437, 2187389.315099999308586 ], [ 5233546.454600000753999, 2185029.505000000819564 ], [ 5228562.068199999630451, 2181336.5888 ], [ 5224180.299000000581145, 2179290.464400000870228 ], [ 5212585.969900000840425, 2170897.881899999454618 ], [ 5211529.8728, 2164302.387800000607967 ], [ 5213405.7149, 2159297.0614 ], [ 5214412.581499999389052, 2155411.512800000607967 ], [ 5211623.011900000274181, 2148016.018500000238419 ], [ 5200419.911599999293685, 2147880.017000000923872 ], [ 5201114.557399999350309, 2158787.227099999785423 ], [ 5192131.569700000807643, 2178418.923900000751019 ], [ 5185675.751800000667572, 2187658.405099999159575 ], [ 5175406.693900000303984, 2192411.207699999213219 ], [ 5165881.593699999153614, 2194854.556099999696016 ], [ 5164672.74970000050962, 2198102.286599999293685 ], [ 5156464.968000000342727, 2211276.455299999564886 ], [ 5150268.391200000420213, 2215356.855399999767542 ], [ 5148385.465600000694394, 2216598.8925 ], [ 5149010.238500000908971, 2219208.55350000038743 ], [ 5148716.384199999272823, 2227875.51490000076592 ], [ 5142757.743200000375509, 2232875.215500000864267 ], [ 5141755.956800000742078, 2238186.573400000110269 ], [ 5157371.876000000163913, 2240042.882099999114871 ], [ 5160937.224700000137091, 2247919.274000000208616 ], [ 5166993.008500000461936, 2250206.411000000312924 ], [ 5163684.033099999651313, 2258132.854100000113249 ], [ 5141136.523199999704957, 2266081.070000000298023 ], [ 5131797.094100000336766, 2274551.968599999323487 ], [ 5100057.175499999895692, 2285112.732699999585748 ], [ 5096457.580900000408292, 2287592.748999999836087 ], [ 5085293.316500000655651, 2301402.89780000038445 ], [ 5068352.63260000012815, 2309096.0735 ], [ 5066462.324799999594688, 2314652.722899999469519 ], [ 5069388.623500000685453, 2322872.237299999222159 ], [ 5087680.339299999177456, 2324322.457800000905991 ], [ 5087614.364399999380112, 2337267.895300000905991 ], [ 5075463.335400000214577, 2347824.1667 ], [ 5062125.513699999079108, 2365666.793700000271201 ], [ 5063792.319199999794364, 2367868.221799999475479 ], [ 5074542.657800000160933, 2364318.085400000214577 ], [ 5083575.686300000175834, 2365062.653999999165535 ], [ 5091041.016200000420213, 2372932.442900000140071 ], [ 5090026.256799999624491, 2377121.722300000488758 ], [ 5080833.13289999961853, 2380379.469900000840425 ], [ 5069328.07039999961853, 2388868.090800000354648 ], [ 5064767.70890000090003, 2396773.671900000423193 ], [ 5052465.218900000676513, 2398186.459699999541044 ], [ 5047063.97690000012517, 2405389.9989 ], [ 5046828.9748, 2422203.357100000604987 ], [ 5056459.022199999541044, 2441521.580800000578165 ], [ 5058853.70890000090003, 2465999.940700000151992 ], [ 5044226.537100000306964, 2466927.158299999311566 ], [ 5033462.494000000879169, 2459084.444299999624491 ], [ 5031393.178400000557303, 2464716.839999999850988 ], [ 5036718.4989, 2465865.764599999412894 ], [ 5041794.806500000879169, 2471421.902799999341369 ], [ 5037279.593000000342727, 2473996.430500000715256 ], [ 5037039.593900000676513, 2481907.257799999788404 ], [ 5035006.550699999555945, 2490311.089299999177456 ], [ 5039887.902499999850988, 2491768.028899999335408 ], [ 5043446.173900000751019, 2497278.11009999923408 ], [ 5048472.488299999386072, 2496978.290999999269843 ], [ 5051127.777499999850988, 2500142.389699999243021 ], [ 5060954.043999999761581, 2497461.703400000929832 ], [ 5059522.434299999848008, 2503906.31389999948442 ], [ 5039773.363800000399351, 2506617.996999999508262 ], [ 5024648.430700000375509, 2515161.456700000911951 ], [ 5024761.115399999544024, 2522836.098200000822544 ], [ 5023894.805700000375509, 2527513.8914 ], [ 5026320.332499999552965, 2528866.556500000879169 ], [ 5027027.691500000655651, 2533115.866499999538064 ], [ 5016415.308299999684095, 2537275.730599999427795 ], [ 5018234.173599999397993, 2553268.448799999430776 ], [ 5008837.221999999135733, 2565123.960799999535084 ], [ 5009623.063799999654293, 2575455.729599999263883 ], [ 5022575.491599999368191, 2582057.6119 ], [ 5025061.58420000039041, 2590028.625399999320507 ], [ 5029808.83390000090003, 2586565.107799999415874 ], [ 5040491.768200000748038, 2587133.380799999460578 ], [ 5039836.893400000408292, 2590293.0779 ], [ 5048929.388000000268221, 2595104.6941 ], [ 5056817.836200000718236, 2608738.726500000804663 ], [ 5068153.690899999812245, 2612699.3581000007689 ] ], [ [ 5078435.462099999189377, 2319164.317500000819564 ], [ 5082572.766699999570847, 2317232.188999999314547 ], [ 5085619.397099999710917, 2320764.688500000163913 ], [ 5081550.444399999454618, 2322046.442500000819564 ], [ 5078435.462099999189377, 2319164.317500000819564 ] ] ] } },
{ "type": "Feature", "properties": { "CNTR_ID": "SE", "CNTR_NAME": "Sverige", "NAME_ENGL": "Sweden", "NAME_FREN": "Suède", "ISO3_CODE": "SWE", "SVRG_UN": "UN Member State", "CAPT": "Stockholm", "EU_STAT": "T", "EFTA_STAT": "F", "CC_STAT": "F", "NAME_GERM": "Schweden" }, "geometry": { "type": "MultiPolygon", "coordinates": [ [ [ [ 4827913.521600000560284, 5084995.043800000101328 ], [ 4829738.668400000780821, 5082202.699300000444055 ], [ 4832405.721000000834465, 5083720.744599999859929 ], [ 4850138.854499999433756, 5078599.254300000146031 ], [ 4861815.673100000247359, 5070927.611700000241399 ], [ 4866742.124600000679493, 5064521.449699999764562 ], [ 4869592.429099999368191, 5054804.465500000864267 ], [ 4875012.768400000408292, 5056395.33390000090003 ], [ 4881401.784700000658631, 5046563.993899999186397 ], [ 4893991.716299999505281, 5038556.24860000051558 ], [ 4894556.704, 5034258.849500000476837 ], [ 4890111.689600000157952, 5025403.603000000119209 ], [ 4893681.211100000888109, 5008566.397700000554323 ], [ 4898336.2368, 4999674.67200000025332 ], [ 4895593.496899999678135, 4985230.703099999576807 ], [ 4899409.908900000154972, 4982433.719499999657273 ], [ 4911057.601199999451637, 4982340.514399999752641 ], [ 4913998.1469, 4970985.791600000113249 ], [ 4913033.825500000268221, 4966827.001900000497699 ], [ 4907841.120200000703335, 4962720.4507 ], [ 4909460.21059999987483, 4952402.863299999386072 ], [ 4921462.4693, 4938008.087400000542402 ], [ 4926788.310699999332428, 4931667.94789999909699 ], [ 4936147.167300000786781, 4917644.627499999478459 ], [ 4933337.880300000309944, 4910741.394200000911951 ], [ 4936461.28940000012517, 4889688.667700000107288 ], [ 4933785.933900000527501, 4882303.881999999284744 ], [ 4930398.233200000599027, 4873039.3882 ], [ 4932899.7006, 4868852.857100000604987 ], [ 4933479.7072, 4860367.173000000417233 ], [ 4936201.911499999463558, 4853855.003200000151992 ], [ 4940200.56220000050962, 4848444.417600000277162 ], [ 4941336.074500000104308, 4848041.847400000318885 ], [ 4949299.170099999755621, 4845233.458499999716878 ], [ 4952493.6908, 4837086.119100000709295 ], [ 4963291.349899999797344, 4822247.814899999648333 ], [ 4967895.600299999117851, 4811191.232300000265241 ], [ 4958109.391200000420213, 4805157.4551 ], [ 4947423.037100000306964, 4807296.264499999582767 ], [ 4937575.877900000661612, 4804320.077199999243021 ], [ 4934442.1996, 4800059.438699999824166 ], [ 4928167.474899999797344, 4801362.029400000348687 ], [ 4927664.629100000485778, 4794149.249500000849366 ], [ 4923804.5793999992311, 4791954.8575 ], [ 4903288.457599999383092, 4803343.123199999332428 ], [ 4900907.6393, 4794071.636600000783801 ], [ 4888245.45549999922514, 4798792.8377 ], [ 4886756.139699999243021, 4789092.379799999296665 ], [ 4891868.286800000816584, 4768503.27449999935925 ], [ 4888405.997600000351667, 4766726.829500000923872 ], [ 4887634.425300000235438, 4762266.315700000151992 ], [ 4883909.087400000542402, 4763646.3662 ], [ 4878666.308599999174476, 4758511.490800000727177 ], [ 4876772.616900000721216, 4749713.82740000076592 ], [ 4871257.295800000429153, 4743404.512299999594688 ], [ 4862378.834499999880791, 4742844.437300000339746 ], [ 4865695.6941, 4732870.591 ], [ 4863040.032800000160933, 4723250.355599999427795 ], [ 4865508.818600000813603, 4709798.469000000506639 ], [ 4863416.917400000616908, 4707895.598600000143051 ], [ 4863407.661499999463558, 4703816.89780000038445 ], [ 4860776.439099999144673, 4705663.557499999180436 ], [ 4860288.134800000116229, 4700696.930800000205636 ], [ 4854430.256100000813603, 4691572.664000000804663 ], [ 4853713.918400000780821, 4683920.474199999123812 ], [ 4849026.538599999621511, 4676597.082100000232458 ], [ 4850838.949100000783801, 4673156.192600000649691 ], [ 4856305.30320000089705, 4670762.651499999687076 ], [ 4857947.680800000205636, 4660228.881999999284744 ], [ 4859887.281300000846386, 4656686.145700000226498 ], [ 4870730.346000000834465, 4651771.056099999696016 ], [ 4872226.3322, 4649154.715800000354648 ], [ 4871727.35080000013113, 4645250.7566 ], [ 4878890.336300000548363, 4639761.924699999392033 ], [ 4877691.274299999698997, 4637113.835799999535084 ], [ 4873680.976600000634789, 4628303.712400000542402 ], [ 4858130.662000000476837, 4606575.746999999508262 ], [ 4856030.683900000527501, 4600155.393999999389052 ], [ 4853872.329900000244379, 4581943.323200000450015 ], [ 4848454.096000000834465, 4566283.173100000247359 ], [ 4847792.372099999338388, 4564386.326400000602007 ], [ 4843287.206900000572205, 4557549.370100000873208 ], [ 4838844.393699999898672, 4559774.135600000619888 ], [ 4835424.800499999895692, 4549274.868699999526143 ], [ 4832461.4649, 4550020.4232 ], [ 4828991.0976, 4543794.3268 ], [ 4817632.711400000378489, 4540104.853199999779463 ], [ 4808614.666600000113249, 4527615.8607 ], [ 4807483.522399999201298, 4522833.691800000146031 ], [ 4806839.661599999293685, 4520122.051100000739098 ], [ 4806095.7982, 4516998.5614 ], [ 4802573.07909999974072, 4519527.292700000107288 ], [ 4799519.043999999761581, 4521725.292199999094009 ], [ 4793806.564099999144673, 4525850.8772 ], [ 4793689.04869999922812, 4520925.82630000077188 ], [ 4793625.204600000753999, 4518297.421499999240041 ], [ 4793529.156099999323487, 4514402.604100000113249 ], [ 4784816.204500000923872, 4515839.619599999859929 ], [ 4782935.990199999883771, 4500824.743200000375509 ], [ 4777769.619000000879169, 4489075.570000000298023 ], [ 4773729.727, 4486563.593299999833107 ], [ 4766508.186899999156594, 4487839.725600000470877 ], [ 4760972.690099999308586, 4480252.291899999603629 ], [ 4759975.598500000312924, 4474418.698799999430776 ], [ 4754968.988500000908971, 4474457.030200000852346 ], [ 4752548.711500000208616, 4466416.808599999174476 ], [ 4747930.897299999371171, 4461466.255000000819564 ], [ 4750229.188799999654293, 4453180.391699999570847 ], [ 4750182.888599999248981, 4447271.6645 ], [ 4741344.144200000911951, 4440775.255400000140071 ], [ 4731238.950099999085069, 4409744.748199999332428 ], [ 4721267.24349999986589, 4397898.247600000351667 ], [ 4718832.85329999960959, 4391268.963500000536442 ], [ 4711280.456499999389052, 4391623.799200000241399 ], [ 4710074.583200000226498, 4386540.119799999520183 ], [ 4706454.329800000414252, 4383725.276399999856949 ], [ 4706897.259700000286102, 4379502.207499999552965 ], [ 4712564.574799999594688, 4371438.380699999630451 ], [ 4712400.889699999243021, 4358106.131999999284744 ], [ 4708302.081700000911951, 4329004.385900000110269 ], [ 4712444.418199999257922, 4315349.4474 ], [ 4717841.592299999669194, 4306272.750099999830127 ], [ 4713399.169199999421835, 4299842.972100000828505 ], [ 4709763.015900000929832, 4305488.937000000849366 ], [ 4704692.279400000348687, 4307195.870100000873208 ], [ 4702663.251800000667572, 4289384.685100000351667 ], [ 4703995.65430000051856, 4279504.816999999806285 ], [ 4702489.803400000557303, 4274797.319199999794364 ], [ 4707793.495699999853969, 4263832.907700000330806 ], [ 4707287.286000000312924, 4250114.489399999380112 ], [ 4711176.498800000175834, 4231585.493599999696016 ], [ 4708600.515599999576807, 4219471.234200000762939 ], [ 4712698.41300000064075, 4220319.905099999159575 ], [ 4716702.768200000748038, 4215052.069399999454618 ], [ 4719804.978900000452995, 4206139.065700000151992 ], [ 4718876.1031, 4197874.499199999496341 ], [ 4724462.391799999400973, 4193682.27449999935925 ], [ 4738985.843299999833107, 4193140.635099999606609 ], [ 4738312.968599999323487, 4186416.023299999535084 ], [ 4744844.068399999290705, 4180851.552200000733137 ], [ 4748151.94539999961853, 4186535.243000000715256 ], [ 4757678.0537, 4192599.981599999591708 ], [ 4760028.463700000196695, 4189097.737600000575185 ], [ 4761477.8092, 4181586.59940000064671 ], [ 4763991.329199999570847, 4179990.353800000622869 ], [ 4777982.034299999475479, 4165770.00760000012815 ], [ 4784501.2027000002563, 4165878.175499999895692 ], [ 4785547.5702, 4167531.084599999710917 ], [ 4781638.777599999681115, 4182075.753499999642372 ], [ 4782579.366800000891089, 4184180.217000000178814 ], [ 4789367.498999999836087, 4170625.703199999406934 ], [ 4794205.269799999892712, 4166716.9836 ], [ 4794035.472500000149012, 4160216.311499999836087 ], [ 4797919.589099999517202, 4152745.221100000664592 ], [ 4793848.375700000673532, 4144830.679300000891089 ], [ 4809113.653699999675155, 4143999.113500000908971 ], [ 4821799.016799999400973, 4122258.5724 ], [ 4821714.366900000721216, 4114977.365800000727177 ], [ 4826107.284, 4114100.560900000855327 ], [ 4825588.0921, 4101596.633300000801682 ], [ 4815058.518100000917912, 4090925.503799999132752 ], [ 4807659.9232, 4074028.083799999207258 ], [ 4794512.096999999135733, 4062608.5077 ], [ 4798166.151100000366569, 4059448.083499999716878 ], [ 4810868.847400000318885, 4062944.445499999448657 ], [ 4815034.557600000873208, 4056859.580800000578165 ], [ 4814503.17090000025928, 4050688.409900000318885 ], [ 4808869.240399999544024, 4045747.535599999129772 ], [ 4798846.280999999493361, 4045402.83049999922514 ], [ 4797802.779500000178814, 4032632.722999999299645 ], [ 4790326.535499999299645, 4022826.994699999690056 ], [ 4789770.669600000604987, 4015736.964999999850988 ], [ 4787064.362299999222159, 4014480.615199999883771 ], [ 4785066.4901, 4018518.571399999782443 ], [ 4776693.15819999948144, 4001732.17 ], [ 4771685.172900000587106, 4003193.481300000101328 ], [ 4764681.403400000184774, 4010481.440899999812245 ], [ 4756741.2018, 4006531.7719 ], [ 4758017.626199999824166, 4000962.983300000429153 ], [ 4753863.941999999806285, 3993203.443099999800324 ], [ 4753363.831499999389052, 3985184.127399999648333 ], [ 4749571.201099999248981, 3987196.676300000399351 ], [ 4739194.1074, 3979355.606699999421835 ], [ 4733050.604699999094009, 3980215.440199999138713 ], [ 4733370.496600000187755, 3972864.947499999776483 ], [ 4728070.6261, 3968459.752000000327826 ], [ 4713132.488399999216199, 3965901.191800000146031 ], [ 4719893.764699999243021, 3953138.701199999079108 ], [ 4715006.995899999514222, 3943117.193099999800324 ], [ 4719675.310499999672174, 3935427.484099999070168 ], [ 4722546.204700000584126, 3913150.975600000470877 ], [ 4719726.690400000661612, 3902694.246500000357628 ], [ 4715180.952500000596046, 3895571.3454 ], [ 4722067.157500000670552, 3894946.687100000679493 ], [ 4723678.836100000888109, 3891503.831700000911951 ], [ 4723555.775499999523163, 3883338.515000000596046 ], [ 4719481.494999999180436, 3878531.9134 ], [ 4718276.72829999960959, 3870193.528799999505281 ], [ 4720476.663899999111891, 3860190.612800000235438 ], [ 4715197.638299999758601, 3849272.356599999591708 ], [ 4720602.9145, 3841491.238199999555945 ], [ 4722433.502800000831485, 3834089.223799999803305 ], [ 4712765.365399999544024, 3814798.7906 ], [ 4712610.987199999392033, 3804679.868599999696016 ], [ 4717826.3991, 3791181.739800000563264 ], [ 4713369.674900000914931, 3780068.330900000408292 ], [ 4710745.605499999597669, 3748757.808299999684095 ], [ 4704165.704800000414252, 3739382.128499999642372 ], [ 4695098.811899999156594, 3706690.379499999806285 ], [ 4692218.185599999502301, 3693292.822300000116229 ], [ 4685270.5976, 3681011.607999999076128 ], [ 4682682.528899999335408, 3681229.289300000295043 ], [ 4680597.102099999785423, 3685613.919700000435114 ], [ 4679802.664300000295043, 3676974.783399999141693 ], [ 4673402.732200000435114, 3680007.359899999573827 ], [ 4674962.136700000613928, 3687426.9616 ], [ 4667706.207399999722838, 3689787.423499999567866 ], [ 4653197.668400000780821, 3682354.236500000581145 ], [ 4648173.3377, 3685378.870200000703335 ], [ 4614161.4206000007689, 3681951.071000000461936 ], [ 4612994.462200000882149, 3677910.752100000157952 ], [ 4617531.930800000205636, 3668825.91609999909997 ], [ 4614650.43019999936223, 3665074.013399999588728 ], [ 4610641.813200000673532, 3665221.454800000414252 ], [ 4604192.822100000455976, 3670893.62470000050962 ], [ 4592813.923599999397993, 3658351.233200000599027 ], [ 4585015.981200000271201, 3641453.777200000360608 ], [ 4585431.859400000423193, 3630498.542600000277162 ], [ 4595822.5943, 3612342.872999999672174 ], [ 4585966.3114, 3594150.003000000491738 ], [ 4578501.00789999961853, 3593667.8706 ], [ 4569009.422700000926852, 3598534.216399999335408 ], [ 4553213.846899999305606, 3596521.854000000283122 ], [ 4533810.238800000399351, 3586574.991499999538064 ], [ 4513167.89130000025034, 3590394.612400000914931 ], [ 4507722.632400000467896, 3593356.384999999776483 ], [ 4504280.382400000467896, 3609884.8421 ], [ 4511942.3429000005126, 3618774.123700000345707 ], [ 4513056.7664, 3619282.361700000241399 ], [ 4513666.465800000354648, 3622456.653200000524521 ], [ 4512962.357799999415874, 3625173.08390000090003 ], [ 4511601.376700000837445, 3626656.935900000855327 ], [ 4504252.783600000664592, 3631444.145199999213219 ], [ 4503683.976099999621511, 3639521.72690000012517 ], [ 4497611.207399999722838, 3642884.643300000578165 ], [ 4496507.691400000825524, 3647649.18019999936223 ], [ 4491221.573999999091029, 3656709.642799999564886 ], [ 4480998.7346, 3674348.4452 ], [ 4476247.3673, 3689039.547700000926852 ], [ 4490115.917600000277162, 3685012.357599999755621 ], [ 4493975.489, 3684625.347300000488758 ], [ 4495366.433299999684095, 3688671.217800000682473 ], [ 4489591.905300000682473, 3698401.215800000354648 ], [ 4484785.048000000417233, 3701742.286100000143051 ], [ 4483814.264699999243021, 3704882.987999999895692 ], [ 4489132.92259999923408, 3710115.4474 ], [ 4496504.00029999949038, 3707118.9485 ], [ 4499886.524000000208616, 3708681.501800000667572 ], [ 4501801.950500000268221, 3718995.116800000891089 ], [ 4499179.6458, 3727529.6009 ], [ 4495398.1031, 3731349.528000000864267 ], [ 4488311.380699999630451, 3731052.596999999135733 ], [ 4482054.885900000110269, 3740886.395099999383092 ], [ 4479001.587899999693036, 3750477.535299999639392 ], [ 4465407.759999999776483, 3760253.9353 ], [ 4463452.213400000706315, 3769572.268699999898672 ], [ 4454670.945599999278784, 3781976.612700000405312 ], [ 4455583.307600000873208, 3785649.100099999457598 ], [ 4448907.679500000551343, 3794881.558900000527501 ], [ 4451323.573699999600649, 3802116.24070000089705 ], [ 4446520.6206, 3806782.213400000706315 ], [ 4448058.458799999207258, 3811488.302999999374151 ], [ 4446915.105000000447035, 3816320.598999999463558 ], [ 4444432.811200000345707, 3817170.429500000551343 ], [ 4441612.818800000473857, 3807990.584599999710917 ], [ 4436779.363700000569224, 3812465.414000000804663 ], [ 4436222.66499999910593, 3830455.261299999430776 ], [ 4430856.753599999472499, 3843612.584599999710917 ], [ 4424660.750800000503659, 3846791.011900000274181 ], [ 4427322.904200000688434, 3854282.771800000220537 ], [ 4422846.880000000819564, 3864046.676599999889731 ], [ 4428153.4868, 3890480.305500000715256 ], [ 4423769.814099999144673, 3888678.082900000736117 ], [ 4424031.2325, 3881798.543800000101328 ], [ 4420470.482599999755621, 3875984.219900000840425 ], [ 4413222.458499999716878, 3873886.168099999427795 ], [ 4405370.545399999246001, 3894541.611700000241399 ], [ 4407604.990000000223517, 3903039.44510000012815 ], [ 4411519.697300000116229, 3902730.0581 ], [ 4412392.199400000274181, 3905418.547399999573827 ], [ 4403813.158600000664592, 3913194.331499999389052 ], [ 4404870.3429000005126, 3921001.487500000745058 ], [ 4401655.280999999493361, 3921439.705800000578165 ], [ 4398421.817600000649691, 3916555.962799999862909 ], [ 4394387.6382, 3920225.782600000500679 ], [ 4395866.52419999986887, 3929825.010700000450015 ], [ 4394715.612999999895692, 3947187.676100000739098 ], [ 4391021.400800000876188, 3951870.5472 ], [ 4389317.516200000420213, 3961792.74379999935627 ], [ 4392696.287399999797344, 3970736.987099999561906 ], [ 4388170.09180000051856, 3971530.42090000025928 ], [ 4385787.160800000652671, 3979666.913200000301003 ], [ 4386901.491800000891089, 3992477.554999999701977 ], [ 4391217.561300000175834, 3998226.018400000408292 ], [ 4392499.473899999633431, 3999628.135800000280142 ], [ 4395200.175699999555945, 4000482.658600000664592 ], [ 4397179.385800000280142, 4001902.633500000461936 ], [ 4399255.408700000494719, 3998371.9726 ], [ 4405148.086300000548363, 3988389.247899999842048 ], [ 4405558.035900000482798, 3978047.414799999445677 ], [ 4410238.626900000497699, 3976619.161399999633431 ], [ 4416594.373999999836087, 3980546.990900000557303 ], [ 4419312.39299999922514, 3993157.437100000679493 ], [ 4422178.621799999848008, 3998875.07289999909699 ], [ 4423336.968299999833107, 4012400.7412 ], [ 4425445.627399999648333, 4016571.033700000494719 ], [ 4424052.124600000679493, 4028915.7851 ], [ 4417239.345599999651313, 4055148.13990000076592 ], [ 4418425.1722, 4058904.136600000783801 ], [ 4429396.738800000399351, 4068549.02449999935925 ], [ 4428326.500900000333786, 4078800.3476 ], [ 4424398.682399999350309, 4083572.248800000175834 ], [ 4431798.383400000631809, 4089906.85329999960959 ], [ 4443300.439999999478459, 4090353.880400000140071 ], [ 4451836.452199999243021, 4098444.686899999156594 ], [ 4460064.510199999436736, 4112612.371999999508262 ], [ 4462007.5472, 4123439.858300000429153 ], [ 4459823.401900000870228, 4137533.0537 ], [ 4464641.92259999923408, 4147715.155099999159575 ], [ 4464364.145400000736117, 4159264.224600000306964 ], [ 4454233.654500000178814, 4179834.8355 ], [ 4451990.901499999687076, 4184420.944399999454618 ], [ 4447537.632999999448657, 4201561.323699999600649 ], [ 4442298.438999999314547, 4214099.35329999960959 ], [ 4465658.294199999421835, 4219983.290300000458956 ], [ 4467139.936899999156594, 4228144.317500000819564 ], [ 4468255.747999999672174, 4230596.930400000885129 ], [ 4472998.6053, 4241066.4679000005126 ], [ 4474295.4375, 4254515.615900000557303 ], [ 4466864.182399999350309, 4264468.161000000312924 ], [ 4458586.706399999558926, 4275633.066700000315905 ], [ 4449855.355900000780821, 4276435.398199999704957 ], [ 4434843.408399999141693, 4293876.178899999707937 ], [ 4440904.738099999725819, 4353715.458200000226498 ], [ 4438332.470200000330806, 4360687.10950000025332 ], [ 4427902.641200000420213, 4391301.3926 ], [ 4430083.315099999308586, 4406946.567299999296665 ], [ 4427785.2149, 4423157.7347999997437 ], [ 4432641.519899999722838, 4436478.165500000119209 ], [ 4421707.0493, 4464087.126800000667572 ], [ 4424784.554999999701977, 4471973.950899999588728 ], [ 4431001.956399999558926, 4488041.560699999332428 ], [ 4430767.894999999552965, 4490627.160599999129772 ], [ 4429732.3607, 4502094.675599999725819 ], [ 4444720.639499999582767, 4528058.278300000354648 ], [ 4453272.465900000184774, 4543102.199200000613928 ], [ 4464370.939500000327826, 4552802.127900000661612 ], [ 4473803.002299999818206, 4556345.247899999842048 ], [ 4517185.81110000051558, 4553859.09180000051856 ], [ 4520630.89949999935925, 4563890.454 ], [ 4523365.518100000917912, 4571909.300200000405312 ], [ 4521209.325400000438094, 4588879.70160000026226 ], [ 4520200.143999999389052, 4596849.502800000831485 ], [ 4498798.451500000432134, 4615120.653899999335408 ], [ 4525407.635900000110269, 4674222.126599999144673 ], [ 4527103.884500000625849, 4688107.227399999275804 ], [ 4532151.7204, 4696891.918700000271201 ], [ 4530560.6151, 4723635.285599999129772 ], [ 4531077.912100000306964, 4738441.2401 ], [ 4533595.711100000888109, 4751726.0526 ], [ 4527031.521500000730157, 4786169.746799999848008 ], [ 4550539.830900000408292, 4791329.38880000077188 ], [ 4567892.282299999147654, 4805689.786599999293685 ], [ 4566978.621899999678135, 4813265.67090000025928 ], [ 4564173.048100000247359, 4822361.090600000694394 ], [ 4563070.5929000005126, 4829403.816999999806285 ], [ 4572365.409600000828505, 4842178.40059999935329 ], [ 4585587.166899999603629, 4873135.258400000631809 ], [ 4600896.68889999948442, 4896736.19649999961257 ], [ 4599586.149299999698997, 4911914.5793999992311 ], [ 4585147.494200000539422, 4934074.102299999445677 ], [ 4584511.084599999710917, 4938072.236999999731779 ], [ 4586463.446699999272823, 4944966.732300000265241 ], [ 4596972.545800000429153, 4949011.18129999935627 ], [ 4601313.427999999374151, 4960301.2654 ], [ 4603612.32120000012219, 4974166.8597 ], [ 4606936.694499999284744, 4991556.475600000470877 ], [ 4622619.30599999986589, 5007472.325500000268221 ], [ 4626472.506699999794364, 5015089.848099999129772 ], [ 4632084.197100000455976, 5013347.7029 ], [ 4654401.068199999630451, 5003251.078500000759959 ], [ 4661146.597699999809265, 5028115.059000000357628 ], [ 4656377.114900000393391, 5053168.106699999421835 ], [ 4655620.252000000327826, 5065448.583000000566244 ], [ 4666509.531199999153614, 5070645.689300000667572 ], [ 4676607.99100000038743, 5065415.628499999642372 ], [ 4692855.36739999987185, 5066922.975700000301003 ], [ 4732632.422900000587106, 5058093.120699999853969 ], [ 4738471.1656, 5068305.597200000658631 ], [ 4732698.64750000089407, 5079325.841099999845028 ], [ 4737679.697599999606609, 5091652.737500000745058 ], [ 4739843.199899999424815, 5106474.629499999806285 ], [ 4737180.676599999889731, 5118112.267799999564886 ], [ 4731407.7379, 5130227.9835 ], [ 4744757.506100000813603, 5136005.029799999669194 ], [ 4754289.14750000089407, 5134114.862500000745058 ], [ 4760403.777499999850988, 5128289.649299999698997 ], [ 4759641.225700000301003, 5123891.664000000804663 ], [ 4761862.543500000610948, 5120926.16609999909997 ], [ 4766772.663200000301003, 5120322.962999999523163 ], [ 4780498.0778, 5109001.055299999192357 ], [ 4783865.775900000706315, 5108716.481300000101328 ], [ 4787476.232100000604987, 5101840.9901 ], [ 4795944.653599999845028, 5099407.993000000715256 ], [ 4800976.134700000286102, 5093209.650699999183416 ], [ 4808722.374900000169873, 5092441.264799999073148 ], [ 4816362.250800000503659, 5083422.706199999898672 ], [ 4827913.521600000560284, 5084995.043800000101328 ] ] ], [ [ [ 4956278.854100000113249, 4780195.9825 ], [ 4955861.928400000557303, 4778488.508099999278784 ], [ 4953059.387900000438094, 4781261.156400000676513 ], [ 4954302.818900000303984, 4784549.080700000748038 ], [ 4955656.31900000013411, 4783041.434000000357628 ], [ 4956278.854100000113249, 4780195.9825 ] ] ], [ [ [ 4953387.956399999558926, 4798135.868699999526143 ], [ 4951732.50789999961853, 4794353.401499999687076 ], [ 4948026.661599999293685, 4796598.218699999153614 ], [ 4950517.609899999573827, 4800135.536299999803305 ], [ 4953387.956399999558926, 4798135.868699999526143 ] ] ], [ [ [ 4941299.123800000175834, 4796727.7653 ], [ 4942393.272099999710917, 4793094.30350000038743 ], [ 4939079.897600000724196, 4794299.229000000283122 ], [ 4939304.213700000196695, 4799017.721400000154972 ], [ 4941299.123800000175834, 4796727.7653 ] ] ], [ [ [ 4915005.216299999505281, 4792104.411399999633431 ], [ 4917461.705800000578165, 4785882.999199999496341 ], [ 4913609.351700000464916, 4787361.209699999541044 ], [ 4912105.833799999207258, 4789537.989099999889731 ], [ 4912884.088400000706315, 4792382.655099999159575 ], [ 4915005.216299999505281, 4792104.411399999633431 ] ] ], [ [ [ 4914292.434699999168515, 4770491.143699999898672 ], [ 4912359.232799999415874, 4768696.535900000482798 ], [ 4910050.052699999883771, 4771259.755000000819564 ], [ 4911708.790300000458956, 4773712.807199999690056 ], [ 4914292.434699999168515, 4770491.143699999898672 ] ] ], [ [ [ 4909163.113299999386072, 4788361.095300000160933 ], [ 4906617.9221, 4787609.684699999168515 ], [ 4904129.451899999752641, 4793353.657199999317527 ], [ 4907496.663100000470877, 4792377.930800000205636 ], [ 4909163.113299999386072, 4788361.095300000160933 ] ] ], [ [ [ 4908018.005200000479817, 4770626.711899999529123 ], [ 4907617.0483, 4766699.0121 ], [ 4904927.843800000846386, 4768847.284900000318885 ], [ 4906208.215700000524521, 4772613.155899999663234 ], [ 4908018.005200000479817, 4770626.711899999529123 ] ] ], [ [ [ 4904265.066700000315905, 4774045.037599999457598 ], [ 4903077.145500000566244, 4760099.808199999853969 ], [ 4899211.856200000271201, 4762265.347400000318885 ], [ 4901291.246200000867248, 4768596.4836 ], [ 4900359.981000000610948, 4774426.585899999365211 ], [ 4904265.066700000315905, 4774045.037599999457598 ] ] ], [ [ [ 4903500.038699999451637, 4782357.256400000303984 ], [ 4903382.372700000181794, 4778961.38429999910295 ], [ 4901070.916799999773502, 4779909.659199999645352 ], [ 4901165.01549999974668, 4785247.130799999460578 ], [ 4903500.038699999451637, 4782357.256400000303984 ] ] ], [ [ [ 4897218.723600000143051, 4756391.166999999433756 ], [ 4895527.263000000268221, 4752476.949500000104308 ], [ 4893735.439300000667572, 4756060.524000000208616 ], [ 4895047.862099999561906, 4758420.796499999240041 ], [ 4897218.723600000143051, 4756391.166999999433756 ] ] ], [ [ [ 4893581.367000000551343, 4753131.295399999246001 ], [ 4891199.4846, 4752105.642000000923872 ], [ 4890845.509199999272823, 4757248.106599999591708 ], [ 4891787.62529999949038, 4758848.958000000566244 ], [ 4893581.367000000551343, 4753131.295399999246001 ] ] ], [ [ [ 4892711.978000000119209, 4762621.91579999960959 ], [ 4892121.376700000837445, 4758944.375199999660254 ], [ 4889490.505100000649691, 4762109.745799999684095 ], [ 4890692.417999999597669, 4765178.144500000402331 ], [ 4892711.978000000119209, 4762621.91579999960959 ] ] ], [ [ [ 4888532.431399999186397, 4753016.134099999442697 ], [ 4886721.369400000199676, 4751406.498400000855327 ], [ 4883790.301100000739098, 4754218.2478 ], [ 4885857.762499999254942, 4757324.372300000861287 ], [ 4888532.431399999186397, 4753016.134099999442697 ] ] ], [ [ [ 4881343.4869, 4744654.887800000607967 ], [ 4879878.499600000679493, 4742858.254799999296665 ], [ 4877105.912499999627471, 4745902.775299999862909 ], [ 4879076.829199999570847, 4748030.731100000441074 ], [ 4881343.4869, 4744654.887800000607967 ] ] ], [ [ [ 4872658.64130000025034, 4732023.671700000762939 ], [ 4875365.489199999719858, 4726016.535499999299645 ], [ 4872857.938699999824166, 4725986.918800000101328 ], [ 4869821.012900000438094, 4730230.384600000455976 ], [ 4872658.64130000025034, 4732023.671700000762939 ] ] ], [ [ [ 4871092.573200000450015, 4723962.212099999189377 ], [ 4869482.558399999514222, 4722940.399299999698997 ], [ 4867043.941500000655651, 4725009.798599999397993 ], [ 4867752.841600000858307, 4728588.282199999317527 ], [ 4871092.573200000450015, 4723962.212099999189377 ] ] ], [ [ [ 4862444.4375, 3899234.388499999418855 ], [ 4857964.57039999961853, 3896230.459000000730157 ], [ 4854522.571000000461936, 3884659.406099999323487 ], [ 4845955.20160000026226, 3875691.567399999126792 ], [ 4846703.577199999243021, 3856460.974899999797344 ], [ 4853263.78940000012517, 3843976.874199999496341 ], [ 4845744.801100000739098, 3834550.770099999383092 ], [ 4842275.506999999284744, 3822926.457599999383092 ], [ 4830307.094000000506639, 3811126.917199999094009 ], [ 4825478.3147, 3791625.868200000375509 ], [ 4818592.374800000339746, 3788438.971200000494719 ], [ 4820046.830600000917912, 3801684.512599999085069 ], [ 4809676.289899999275804, 3823202.638699999079108 ], [ 4811072.89640000090003, 3836249.089199999347329 ], [ 4808010.584599999710917, 3853824.115499999374151 ], [ 4825582.688500000163913, 3887943.655999999493361 ], [ 4835868.308700000867248, 3898099.2017 ], [ 4842845.240499999374151, 3895941.970200000330806 ], [ 4847922.725700000301003, 3901272.494999999180436 ], [ 4855459.3827, 3903193.820000000298023 ], [ 4861231.253200000151992, 3910093.348899999633431 ], [ 4866473.36460000090301, 3909020.2456 ], [ 4862444.4375, 3899234.388499999418855 ] ] ], [ [ [ 4865716.303099999204278, 3953142.206499999389052 ], [ 4862285.589099999517202, 3949634.540200000628829 ], [ 4857174.031099999323487, 3953261.545499999076128 ], [ 4862046.802899999544024, 3956528.035499999299645 ], [ 4865716.303099999204278, 3953142.206499999389052 ] ] ], [ [ [ 4861520.784700000658631, 4555810.436899999156594 ], [ 4860249.112400000914931, 4550429.403599999845028 ], [ 4855016.449999999254942, 4561536.155799999833107 ], [ 4857685.371099999174476, 4565238.539599999785423 ], [ 4860396.850400000810623, 4563429.065099999308586 ], [ 4861520.784700000658631, 4555810.436899999156594 ] ] ], [ [ [ 4859321.694900000467896, 4545063.779200000688434 ], [ 4857393.2555, 4544604.824500000104308 ], [ 4855450.257999999448657, 4549696.2347999997437 ], [ 4858193.662200000137091, 4549401.312000000849366 ], [ 4859321.694900000467896, 4545063.779200000688434 ] ] ], [ [ [ 4857945.056700000539422, 4540080.5581 ], [ 4855392.235400000587106, 4539067.894899999722838 ], [ 4854342.601600000634789, 4540230.525100000202656 ], [ 4854635.0537, 4543412.021099999547005 ], [ 4855958.43889999948442, 4544129.651399999856949 ], [ 4857945.056700000539422, 4540080.5581 ] ] ], [ [ [ 4853256.885199999436736, 4071297.015599999576807 ], [ 4852622.878000000491738, 4068991.879899999126792 ], [ 4849202.055700000375509, 4069111.35249999910593 ], [ 4850078.962600000202656, 4073914.366599999368191 ], [ 4853256.885199999436736, 4071297.015599999576807 ] ] ], [ [ [ 4842229.149700000882149, 4061942.075500000268221 ], [ 4840913.605799999088049, 4059987.121099999174476 ], [ 4837768.023600000888109, 4062206.138499999418855 ], [ 4839225.558599999174476, 4064031.653699999675155 ], [ 4842087.216399999335408, 4064692.196399999782443 ], [ 4842229.149700000882149, 4061942.075500000268221 ] ] ], [ [ [ 4838048.9792, 4109914.677500000223517 ], [ 4836713.940600000321865, 4105446.782999999821186 ], [ 4833526.984300000593066, 4107994.417899999767542 ], [ 4836008.412900000810623, 4110730.857799999415874 ], [ 4838048.9792, 4109914.677500000223517 ] ] ], [ [ [ 4834599.22690000012517, 4062909.8004 ], [ 4831750.40819999948144, 4061548.703700000420213 ], [ 4829613.00929999910295, 4064001.7204 ], [ 4832023.944900000467896, 4066612.732599999755621 ], [ 4834599.22690000012517, 4062909.8004 ] ] ], [ [ [ 4833951.856200000271201, 4116518.041799999773502 ], [ 4833061.86600000038743, 4110473.036100000143051 ], [ 4830138.264599999412894, 4114466.436499999836087 ], [ 4831776.015699999406934, 4118046.085100000724196 ], [ 4833951.856200000271201, 4116518.041799999773502 ] ] ], [ [ [ 4827976.894999999552965, 4063710.955299999564886 ], [ 4821771.260800000280142, 4062445.624299999326468 ], [ 4823059.6706000007689, 4068320.198000000789762 ], [ 4824796.981599999591708, 4070159.0592 ], [ 4828654.972699999809265, 4065514.269500000402331 ], [ 4827976.894999999552965, 4063710.955299999564886 ] ] ], [ [ [ 4827963.7369, 4060537.534499999135733 ], [ 4827369.933599999174476, 4055736.426799999549985 ], [ 4824445.769799999892712, 4055911.4879 ], [ 4825619.224500000476837, 4060705.667600000277162 ], [ 4827963.7369, 4060537.534499999135733 ] ] ], [ [ [ 4825844.423499999567866, 4090621.614299999549985 ], [ 4823982.966399999335408, 4085287.273600000888109 ], [ 4819421.9726, 4086513.3607 ], [ 4822825.107200000435114, 4091729.042199999094009 ], [ 4825844.423499999567866, 4090621.614299999549985 ] ] ], [ [ [ 4819126.968299999833107, 4042252.167700000107288 ], [ 4817396.420199999585748, 4038573.208599999547005 ], [ 4816498.887299999594688, 4038786.083000000566244 ], [ 4815872.081900000572205, 4039686.979399999603629 ], [ 4817350.3761, 4043380.287200000137091 ], [ 4819126.968299999833107, 4042252.167700000107288 ] ] ], [ [ [ 4816800.71680000051856, 4026747.780099999159575 ], [ 4815310.151200000196695, 4025389.3081 ], [ 4812149.855900000780821, 4028697.652899999171495 ], [ 4814892.8902000002563, 4031105.185900000855327 ], [ 4816800.71680000051856, 4026747.780099999159575 ] ] ], [ [ [ 4815826.061200000345707, 4040479.988099999725819 ], [ 4815899.770899999886751, 4035159.574100000783801 ], [ 4812677.751499999314547, 4036157.887900000438094 ], [ 4813766.582599999383092, 4040395.709599999710917 ], [ 4815826.061200000345707, 4040479.988099999725819 ] ] ], [ [ [ 4811385.553600000217557, 4025703.277799999341369 ], [ 4811390.5581, 4020274.219799999147654 ], [ 4808445.060100000351667, 4020706.385600000619888 ], [ 4809073.330199999734759, 4025110.868000000715256 ], [ 4811385.553600000217557, 4025703.277799999341369 ] ] ], [ [ [ 4808354.812899999320507, 4036876.199100000783801 ], [ 4805772.561899999156594, 4035342.434599999338388 ], [ 4804215.309599999338388, 4037601.237400000914931 ], [ 4805692.017300000414252, 4041565.653599999845028 ], [ 4808354.812899999320507, 4036876.199100000783801 ] ] ], [ [ [ 4805325.203400000929832, 4022749.282999999821186 ], [ 4801172.120899999514222, 4019496.69679999910295 ], [ 4799905.400800000876188, 4022607.815099999308586 ], [ 4801322.242499999701977, 4025960.542099999263883 ], [ 4803634.123500000685453, 4031448.281700000166893 ], [ 4806595.73200000077486, 4028960.958399999886751 ], [ 4806099.238700000569224, 4026529.624099999666214 ], [ 4805325.203400000929832, 4022749.282999999821186 ] ] ], [ [ [ 4802076.941500000655651, 4158143.580900000408292 ], [ 4800188.037900000810623, 4156806.345799999311566 ], [ 4797212.646299999207258, 4160232.50929999910295 ], [ 4799240.907600000500679, 4162327.8597 ], [ 4802076.941500000655651, 4158143.580900000408292 ] ] ], [ [ [ 4798878.150299999862909, 4008370.063400000333786 ], [ 4796757.932199999690056, 4005939.323000000789762 ], [ 4790750.380799999460578, 4009321.001599999144673 ], [ 4795160.160000000149012, 4012355.524800000712276 ], [ 4798878.150299999862909, 4008370.063400000333786 ] ] ], [ [ [ 4790641.382999999448657, 4000619.7195999994874 ], [ 4788414.580299999564886, 4000040.9287 ], [ 4786437.1261, 4004954.779999999329448 ], [ 4789572.976800000295043, 4005010.926100000739098 ], [ 4790641.382999999448657, 4000619.7195999994874 ] ] ], [ [ [ 4767253.20240000076592, 4003406.026699999347329 ], [ 4766711.543099999427795, 3997749.559399999678135 ], [ 4765486.2851, 3998794.988800000399351 ], [ 4763819.042500000447035, 4004861.875700000673532 ], [ 4767253.20240000076592, 4003406.026699999347329 ] ] ], [ [ [ 4761230.611999999731779, 4467174.796700000762939 ], [ 4759980.707800000905991, 4458692.267300000414252 ], [ 4758848.799499999731779, 4458891.436200000345707 ], [ 4756283.029400000348687, 4466561.817500000819564 ], [ 4755842.3607, 4468739.676200000569224 ], [ 4756857.2324, 4469798.951999999582767 ], [ 4761230.611999999731779, 4467174.796700000762939 ] ] ], [ [ [ 4725318.473999999463558, 3709861.586500000208616 ], [ 4718878.70130000077188, 3695963.3322 ], [ 4713116.73619999922812, 3732485.315700000151992 ], [ 4722904.0471, 3765125.212899999693036 ], [ 4731111.2007, 3777393.439200000837445 ], [ 4738548.244100000709295, 3801908.970499999821186 ], [ 4742289.413799999281764, 3822696.651699999347329 ], [ 4746177.003799999132752, 3827486.147199999541044 ], [ 4750236.454700000584126, 3825999.311499999836087 ], [ 4750779.242499999701977, 3823350.190099999308586 ], [ 4747751.845000000670552, 3818624.525900000706315 ], [ 4747745.75139999948442, 3807985.500800000503659 ], [ 4740561.637299999594688, 3784023.6754 ], [ 4738824.86600000038743, 3769465.74269999936223 ], [ 4734721.982699999585748, 3759454.271600000560284 ], [ 4725318.473999999463558, 3709861.586500000208616 ] ] ], [ [ [ 4731590.368899999186397, 3923751.267300000414252 ], [ 4728476.170099999755621, 3921424.3465 ], [ 4728654.439600000157952, 3927492.5877 ], [ 4730932.191800000146031, 3927284.561699999496341 ], [ 4731590.368899999186397, 3923751.267300000414252 ] ] ], [ [ [ 4730470.902499999850988, 3919293.13150000013411 ], [ 4729234.4605, 3915726.832000000402331 ], [ 4725866.4679000005126, 3917035.6754 ], [ 4727413.586300000548363, 3920575.536100000143051 ], [ 4730470.902499999850988, 3919293.13150000013411 ] ] ], [ [ [ 4730087.081299999728799, 3943974.203299999237061 ], [ 4728422.463700000196695, 3939780.394099999219179 ], [ 4724880.506100000813603, 3942130.408800000324845 ], [ 4727623.565099999308586, 3945435.5625 ], [ 4730087.081299999728799, 3943974.203299999237061 ] ] ], [ [ [ 4727334.106200000271201, 3843820.871600000187755 ], [ 4725257.676799999549985, 3841376.846899999305606 ], [ 4722583.001700000837445, 3845679.440999999642372 ], [ 4725221.599099999293685, 3847056.265699999406934 ], [ 4727334.106200000271201, 3843820.871600000187755 ] ] ], [ [ [ 4724867.483899999409914, 4368496.514599999412894 ], [ 4722621.877699999138713, 4364209.288799999281764 ], [ 4720812.842399999499321, 4367063.175799999386072 ], [ 4722130.035700000822544, 4369805.720300000160933 ], [ 4724867.483899999409914, 4368496.514599999412894 ] ] ], [ [ [ 4722354.167199999094009, 3850278.371200000867248 ], [ 4720924.636199999600649, 3849209.69539999961853 ], [ 4719306.517000000923872, 3850041.801000000908971 ], [ 4721682.048499999567866, 3855034.125499999150634 ], [ 4722966.3597999997437, 3855403.00789999961853 ], [ 4723243.896800000220537, 3852917.083399999886751 ], [ 4722354.167199999094009, 3850278.371200000867248 ] ] ], [ [ [ 4718840.287799999117851, 3803047.483799999579787 ], [ 4716402.5702, 3799274.001499999314547 ], [ 4714459.618699999526143, 3803866.11570000089705 ], [ 4716773.154899999499321, 3805409.804400000721216 ], [ 4718840.287799999117851, 3803047.483799999579787 ] ] ], [ [ [ 4717597.942600000649691, 4367971.70160000026226 ], [ 4715858.2434, 4365613.726600000634789 ], [ 4713152.832900000736117, 4369071.509800000116229 ], [ 4715142.52140000090003, 4371051.998299999162555 ], [ 4717597.942600000649691, 4367971.70160000026226 ] ] ], [ [ [ 4717496.92090000025928, 3761316.33559999987483 ], [ 4716298.032199999317527, 3757300.761399999260902 ], [ 4712922.216199999675155, 3758274.298499999567866 ], [ 4715126.88370000012219, 3762525.971799999475479 ], [ 4717496.92090000025928, 3761316.33559999987483 ] ] ], [ [ [ 4716984.120799999684095, 4251337.504699999466538 ], [ 4716104.633600000292063, 4245848.3268 ], [ 4714525.164200000464916, 4247342.9858 ], [ 4713580.898600000888109, 4250018.780999999493361 ], [ 4715724.005599999800324, 4251984.912599999457598 ], [ 4716984.120799999684095, 4251337.504699999466538 ] ] ], [ [ [ 4716491.880799999460578, 4292891.236099999397993 ], [ 4714598.089700000360608, 4289941.746899999678135 ], [ 4711794.458000000566244, 4291994.132500000298023 ], [ 4714352.563500000163913, 4294984.682 ], [ 4716491.880799999460578, 4292891.236099999397993 ] ] ], [ [ [ 4710377.285299999639392, 4294044.61849999986589 ], [ 4709294.537900000810623, 4291131.175899999216199 ], [ 4706607.755400000140071, 4291817.50650000013411 ], [ 4707263.750499999150634, 4296271.802799999713898 ], [ 4710377.285299999639392, 4294044.61849999986589 ] ] ], [ [ [ 4672222.61570000089705, 3682656.686300000175834 ], [ 4671393.22829999960959, 3678879.249800000339746 ], [ 4667837.205700000748038, 3680017.931399999186397 ], [ 4670019.177699999883771, 3684425.812699999660254 ], [ 4672222.61570000089705, 3682656.686300000175834 ] ] ], [ [ [ 4665484.571900000795722, 3681623.343100000172853 ], [ 4663688.66950000077486, 3677640.447799999266863 ], [ 4660171.969799999147654, 3679282.4265 ], [ 4663028.898, 3683037.609099999070168 ], [ 4665484.571900000795722, 3681623.343100000172853 ] ] ], [ [ [ 4506137.393400000408292, 3591858.166999999433756 ], [ 4503636.590700000524521, 3590240.806199999526143 ], [ 4500443.6239, 3592849.804199999198318 ], [ 4503878.880400000140071, 3595368.218399999663234 ], [ 4506137.393400000408292, 3591858.166999999433756 ] ] ], [ [ [ 4492685.886399999260902, 3645570.92989999987185 ], [ 4489305.577299999073148, 3645440.053899999707937 ], [ 4487667.29700000025332, 3648713.304300000891089 ], [ 4490606.164799999445677, 3650225.151399999856949 ], [ 4492685.886399999260902, 3645570.92989999987185 ] ] ], [ [ [ 4430598.718900000676513, 3836308.302799999713898 ], [ 4427419.799900000914931, 3832094.099300000816584 ], [ 4424433.850299999117851, 3839276.772299999371171 ], [ 4428624.139799999073148, 3840760.876800000667572 ], [ 4430598.718900000676513, 3836308.302799999713898 ] ] ], [ [ [ 4422640.601500000804663, 3850860.683000000193715 ], [ 4419518.584599999710917, 3844932.732200000435114 ], [ 4414176.790699999779463, 3854347.231799999251962 ], [ 4416721.455, 3855195.990000000223517 ], [ 4422640.601500000804663, 3850860.683000000193715 ] ] ], [ [ [ 4419655.555600000545382, 3866455.817399999126792 ], [ 4417704.849099999293685, 3862554.329600000753999 ], [ 4414795.205700000748038, 3863816.814799999818206 ], [ 4417253.274800000712276, 3867795.220100000500679 ], [ 4419655.555600000545382, 3866455.817399999126792 ] ] ], [ [ [ 4380919.423900000751019, 3978258.694299999624491 ], [ 4382206.292300000786781, 3971964.568099999800324 ], [ 4377516.562999999150634, 3974967.972899999469519 ], [ 4378616.206700000911951, 3978411.662599999457598 ], [ 4380919.423900000751019, 3978258.694299999624491 ] ] ] ] } },
{ "type": "Feature", "properties": { "CNTR_ID": "NL", "CNTR_NAME": "Nederland", "NAME_ENGL": "Netherlands", "NAME_FREN": "Pays-Bas", "ISO3_CODE": "NLD", "SVRG_UN": "UN Member State", "CAPT": "Amsterdam", "EU_STAT": "T", "EFTA_STAT": "F", "CC_STAT": "F", "NAME_GERM": "Niederlande" }, "geometry": { "type": "MultiPolygon", "coordinates": [ [ [ [ 4113226.334899999201298, 3371154.960100000724196 ], [ 4115803.355000000447035, 3363358.842800000682473 ], [ 4126330.072000000625849, 3358352.466099999845028 ], [ 4126699.437999999150634, 3353492.235400000587106 ], [ 4134707.557299999520183, 3351905.133899999782443 ], [ 4133736.158299999311566, 3337487.738600000739098 ], [ 4133068.797399999573827, 3323282.011199999600649 ], [ 4125134.639499999582767, 3307187.4276 ], [ 4121649.0789, 3287138.824500000104308 ], [ 4118393.658399999141693, 3285247.0746 ], [ 4104871.660599999129772, 3287284.50899999961257 ], [ 4098288.126000000163913, 3284893.305299999192357 ], [ 4099378.997400000691414, 3278839.105399999767542 ], [ 4096939.249800000339746, 3275665.517200000584126 ], [ 4096760.401799999177456, 3269200.299699999392033 ], [ 4116314.864700000733137, 3264334.689999999478459 ], [ 4120972.496400000527501, 3256025.36849999986589 ], [ 4118769.287499999627471, 3246199.071000000461936 ], [ 4120624.0877, 3240894.583000000566244 ], [ 4115486.417700000107288, 3238971.504200000315905 ], [ 4105548.719000000506639, 3228524.642699999734759 ], [ 4099187.335100000724196, 3228125.119599999859929 ], [ 4094390.844399999827147, 3220776.51410000026226 ], [ 4102630.949899999424815, 3213697.423000000417233 ], [ 4098857.8915, 3206197.032400000840425 ], [ 4074374.4013, 3200364.558299999684095 ], [ 4073465.755000000819564, 3196970.073300000280142 ], [ 4057369.165699999779463, 3205892.882799999788404 ], [ 4055715.77419999986887, 3204965.175899999216199 ], [ 4056009.33420000039041, 3199832.469100000336766 ], [ 4049770.564500000327826, 3201655.958699999377131 ], [ 4043020.824100000783801, 3198548.775299999862909 ], [ 4043569.9543999992311, 3192177.072799999266863 ], [ 4041680.665100000798702, 3189693.845300000160933 ], [ 4051529.873999999836087, 3178805.421 ], [ 4051277.885099999606609, 3172959.840900000184774 ], [ 4057775.503900000825524, 3162967.372300000861287 ], [ 4058181.029999999329448, 3146140.642100000753999 ], [ 4046900.033900000154972, 3133097.685799999162555 ], [ 4047516.842499999329448, 3126135.482200000435114 ], [ 4053685.333100000396371, 3126266.043299999088049 ], [ 4037947.76039999909699, 3111958.057299999520183 ], [ 4033624.151499999687076, 3113379.69649999961257 ], [ 4031950.097300000488758, 3110459.769300000742078 ], [ 4034781.605100000277162, 3104893.255599999800324 ], [ 4041285.128499999642372, 3103839.554700000211596 ], [ 4042009.2741, 3099168.052799999713898 ], [ 4045944.830900000408292, 3096437.128599999472499 ], [ 4045248.015100000426173, 3092238.294099999591708 ], [ 4040877.041200000792742, 3087703.108999999240041 ], [ 4040360.184499999508262, 3079039.374800000339746 ], [ 4031283.681199999526143, 3079646.401799999177456 ], [ 4022707.651499999687076, 3082363.530200000852346 ], [ 4016501.7972, 3080744.566199999302626 ], [ 4017252.192399999126792, 3086772.532199999317527 ], [ 4015201.364800000563264, 3092934.982899999246001 ], [ 4020863.467700000852346, 3098921.782299999147654 ], [ 4024029.050200000405312, 3108297.598200000822544 ], [ 4026610.565400000661612, 3113861.873800000175834 ], [ 4029965.570699999108911, 3124212.183599999174476 ], [ 4011459.8476, 3132703.490000000223517 ], [ 4010478.4024, 3138108.071000000461936 ], [ 4007234.949500000104308, 3141322.812400000169873 ], [ 3988851.427999999374151, 3138673.8991 ], [ 3988557.898499999195337, 3143781.845300000160933 ], [ 3982742.489299999549985, 3145753.342700000852346 ], [ 3979250.003000000491738, 3152904.482999999076128 ], [ 3980655.57289999909699, 3157882.987400000914931 ], [ 3976915.6349, 3163766.818 ], [ 3966111.745100000873208, 3156405.619899999350309 ], [ 3962571.89670000039041, 3158681.198200000450015 ], [ 3961946.5669, 3165101.756799999624491 ], [ 3957506.806900000199676, 3167694.489800000563264 ], [ 3950633.747700000181794, 3159702.942199999466538 ], [ 3942216.373400000855327, 3160646.991800000891089 ], [ 3941128.491699999198318, 3165934.726600000634789 ], [ 3938642.467700000852346, 3166383.883300000801682 ], [ 3932026.301400000229478, 3163420.499800000339746 ], [ 3931953.768899999558926, 3154223.159399999305606 ], [ 3923161.9419, 3156164.419099999591708 ], [ 3920659.473200000822544, 3156218.601500000804663 ], [ 3903755.956199999898672, 3165491.479399999603629 ], [ 3891179.198400000110269, 3161329.026100000366569 ], [ 3883446.129799999296665, 3167762.148499999195337 ], [ 3873731.580299999564886, 3169452.781700000166893 ], [ 3868742.902799999341369, 3175912.824100000783801 ], [ 3875530.861300000920892, 3183121.565400000661612 ], [ 3891689.152599999681115, 3183478.166500000283122 ], [ 3911586.187300000339746, 3165710.1744 ], [ 3917861.456499999389052, 3165731.126900000497699 ], [ 3916499.857999999076128, 3171761.8575 ], [ 3908956.0395, 3179148.585799999535084 ], [ 3909873.019600000232458, 3184370.857300000265241 ], [ 3887015.025100000202656, 3195071.0088 ], [ 3889026.087099999189377, 3198546.954 ], [ 3896190.622899999842048, 3201061.18129999935627 ], [ 3900258.091, 3207823.418500000610948 ], [ 3911728.830199999734759, 3209237.563699999824166 ], [ 3911609.856100000441074, 3216442.3081 ], [ 3907855.523499999195337, 3219410.526000000536442 ], [ 3907733.379100000485778, 3224153.500900000333786 ], [ 3918217.238500000908971, 3226298.075899999588728 ], [ 3923497.880699999630451, 3231860.295399999246001 ], [ 3936686.589099999517202, 3245668.645600000396371 ], [ 3939085.366599999368191, 3249105.7533 ], [ 3941850.909199999645352, 3253376.993599999696016 ], [ 3946030.530799999833107, 3260714.029400000348687 ], [ 3947625.75789999961853, 3263987.244000000879169 ], [ 3948605.664300000295043, 3265999.8918999992311 ], [ 3949869.106300000101328, 3268597.149599999189377 ], [ 3950687.192199999466538, 3270228.5625 ], [ 3951477.262599999085069, 3272490.57149999961257 ], [ 3955930.249299999326468, 3287337.594200000166893 ], [ 3956620.640599999576807, 3290785.456700000911951 ], [ 3958399.772399999201298, 3299200.936799999326468 ], [ 3959214.692700000479817, 3304284.284399999305606 ], [ 3960096.540100000798702, 3307429.099899999797344 ], [ 3967687.903100000694394, 3329321.436799999326468 ], [ 3977448.768200000748038, 3321707.660499999299645 ], [ 3996616.1129, 3332178.2555 ], [ 4009602.346200000494719, 3340717.556600000709295 ], [ 4014218.289799999445677, 3347857.654500000178814 ], [ 4016602.219499999657273, 3353966.101099999621511 ], [ 4021946.771099999547005, 3358835.358300000429153 ], [ 4047139.3915, 3371939.491900000721216 ], [ 4067837.947200000286102, 3373652.284800000488758 ], [ 4075751.6744, 3372330.054300000891089 ], [ 4105486.115499999374151, 3377774.674900000914931 ], [ 4112290.242200000211596, 3375316.248800000175834 ], [ 4113226.334899999201298, 3371154.960100000724196 ] ] ], [ [ [ 4090730.528799999505281, 3388224.853900000452995 ], [ 4088085.347100000828505, 3384365.429199999198318 ], [ 4085029.656199999153614, 3386725.761299999430776 ], [ 4088388.828500000759959, 3389667.129899999126792 ], [ 4090730.528799999505281, 3388224.853900000452995 ] ] ], [ [ [ 4071592.231200000271201, 3380775.96000000089407 ], [ 4068442.286299999803305, 3379190.56110000051558 ], [ 4064349.060399999842048, 3382805.910499999299645 ], [ 4068236.660700000822544, 3385032.557900000363588 ], [ 4071592.231200000271201, 3380775.96000000089407 ] ] ], [ [ [ 4038826.7292, 3379612.229699999094009 ], [ 4034440.207800000905991, 3376175.777799999341369 ], [ 4029235.382400000467896, 3379586.718499999493361 ], [ 4034726.716099999845028, 3383038.466499999165535 ], [ 4038826.7292, 3379612.229699999094009 ] ] ], [ [ [ 4006597.2686, 3375971.574100000783801 ], [ 4000286.223899999633431, 3371683.03800000064075 ], [ 3994050.136900000274181, 3374136.112500000745058 ], [ 4001011.6392, 3378839.089400000870228 ], [ 4006597.2686, 3375971.574100000783801 ] ] ], [ [ [ 3992887.649599999189377, 3366134.184499999508262 ], [ 3989863.722100000828505, 3362359.499399999156594 ], [ 3987026.121300000697374, 3364332.73369999974966 ], [ 3990526.42710000090301, 3367671.700899999588728 ], [ 3992887.649599999189377, 3366134.184499999508262 ] ] ], [ [ [ 3986360.629699999466538, 3361742.072100000455976 ], [ 3984000.922800000756979, 3357968.855699999257922 ], [ 3980381.7303, 3359732.594000000506639 ], [ 3983668.467000000178814, 3362870.548499999567866 ], [ 3986360.629699999466538, 3361742.072100000455976 ] ] ], [ [ [ 3977259.336300000548363, 3338696.39049999974668 ], [ 3968961.248099999502301, 3332580.349999999627471 ], [ 3965731.439200000837445, 3335807.716399999335408 ], [ 3968513.189099999144673, 3343305.160800000652671 ], [ 3975699.863700000569224, 3353235.6570999994874 ], [ 3980060.725199999287724, 3350437.847200000658631 ], [ 3980041.950799999758601, 3344028.566299999132752 ], [ 3977259.336300000548363, 3338696.39049999974668 ] ] ], [ [ [ 3966848.984099999070168, 3331702.365199999883771 ], [ 3963806.338400000706315, 3328834.625099999830127 ], [ 3961076.234200000762939, 3330586.430099999532104 ], [ 3963948.044700000435114, 3334087.599099999293685 ], [ 3966848.984099999070168, 3331702.365199999883771 ] ] ], [ [ [ 3961152.83390000090003, 3157340.626299999654293 ], [ 3958080.185100000351667, 3155999.389799999073148 ], [ 3955711.135500000789762, 3160258.606200000271201 ], [ 3959692.819299999624491, 3160872.558700000867248 ], [ 3961152.83390000090003, 3157340.626299999654293 ] ] ], [ [ [ 3871160.957900000736117, 3163754.5304000005126 ], [ 3893843.182099999859929, 3154516.13289999961853 ], [ 3903716.056099999696016, 3160239.309299999848008 ], [ 3909475.78830000013113, 3155474.261099999770522 ], [ 3919814.389799999073148, 3153328.479900000616908 ], [ 3912923.261099999770522, 3146620.446000000461936 ], [ 3900841.307700000703335, 3141114.059699999168515 ], [ 3892268.487400000914931, 3140257.567700000479817 ], [ 3888517.309800000861287, 3141398.871899999678135 ], [ 3887026.159399999305606, 3146012.028599999845028 ], [ 3875391.278300000354648, 3151632.3619 ], [ 3870616.25620000064373, 3150599.721799999475479 ], [ 3867847.761099999770522, 3146423.726399999111891 ], [ 3859813.982300000265241, 3150163.928899999707937 ], [ 3859737.397399999201298, 3160854.859999999403954 ], [ 3871160.957900000736117, 3163754.5304000005126 ] ] ] ] } },
{ "type": "Feature", "properties": { "CNTR_ID": "NO", "CNTR_NAME": "Norga-Noreg-Norge", "NAME_ENGL": "Norway", "NAME_FREN": "Norvège", "ISO3_CODE": "NOR", "SVRG_UN": "UN Member State", "CAPT": "Oslo", "EU_STAT": "F", "EFTA_STAT": "T", "CC_STAT": "F", "NAME_GERM": "Norwegen" }, "geometry": { "type": "MultiPolygon", "coordinates": [ [ [ [ 4894142.76410000026226, 5374667.434699999168515 ], [ 4899548.861300000920892, 5369268.417700000107288 ], [ 4900354.291200000792742, 5363589.77559999935329 ], [ 4890096.381699999794364, 5330411.5285 ], [ 4891268.211899999529123, 5306176.578299999237061 ], [ 4890063.206800000742078, 5288893.779400000348687 ], [ 4893006.287599999457598, 5282618.82149999961257 ], [ 4897965.969399999827147, 5283182.135299999266863 ], [ 4903837.2664, 5299405.745699999853969 ], [ 4904979.641799999400973, 5317846.613500000908971 ], [ 4912546.445000000298023, 5339459.244999999180436 ], [ 4916669.716900000348687, 5360191.824300000444055 ], [ 4926429.1502, 5382338.8596 ], [ 4929219.6952, 5382491.528100000694394 ], [ 4931923.7668999992311, 5377586.0252 ], [ 4933752.216299999505281, 5367796.313300000503659 ], [ 4934366.89299999922514, 5355189.479599999263883 ], [ 4941393.300100000575185, 5334164.313300000503659 ], [ 4952754.50029999949038, 5340514.399700000882149 ], [ 4954732.263299999758601, 5365270.539799999445677 ], [ 4958081.845300000160933, 5381406.043199999257922 ], [ 4956097.458799999207258, 5385820.554400000721216 ], [ 4950928.0153, 5389877.270999999716878 ], [ 4949714.314799999818206, 5394831.822499999776483 ], [ 4956583.301999999210238, 5400665.102299999445677 ], [ 4961355.660900000482798, 5410592.81900000013411 ], [ 4969309.7774, 5408701.424900000914931 ], [ 4979296.864399999380112, 5411096.260800000280142 ], [ 4992506.417199999094009, 5401859.198899999260902 ], [ 4993410.573400000110269, 5396284.011499999091029 ], [ 4992100.402200000360608, 5390918.274399999529123 ], [ 4984388.839099999517202, 5379484.23200000077486 ], [ 4986449.2804000005126, 5372793.921700000762939 ], [ 4991036.587500000372529, 5371980.469000000506639 ], [ 4993686.479000000283122, 5368256.716299999505281 ], [ 4993550.483899999409914, 5361886.528599999845028 ], [ 4990155.241599999368191, 5352378.134500000625849 ], [ 4991401.969399999827147, 5348556.144400000572205 ], [ 5006413.252000000327826, 5354938.368899999186397 ], [ 5005457.30460000038147, 5378991.471000000834465 ], [ 5014359.974300000816584, 5397416.1711 ], [ 5025063.0472, 5396225.048499999567866 ], [ 5035304.5945999994874, 5386416.982699999585748 ], [ 5043008.229000000283122, 5389872.28800000064075 ], [ 5051890.334300000220537, 5388061.174900000914931 ], [ 5060860.167300000786781, 5390594.995699999853969 ], [ 5065934.977700000628829, 5386779.9803 ], [ 5071689.493300000205636, 5378830.2971 ], [ 5082324.048599999397993, 5380034.197699999436736 ], [ 5098365.259400000795722, 5373299.6601 ], [ 5103334.486500000581145, 5367337.203099999576807 ], [ 5104266.145400000736117, 5360502.207499999552965 ], [ 5092575.56279999949038, 5348791.503200000151992 ], [ 5081961.186899999156594, 5330746.7369 ], [ 5043571.911399999633431, 5318460.768100000917912 ], [ 5050698.469399999827147, 5313204.954900000244379 ], [ 5065278.294399999082088, 5310848.921900000423193 ], [ 5076043.684800000861287, 5303962.665100000798702 ], [ 5082359.422700000926852, 5303728.805600000545382 ], [ 5091144.6097999997437, 5295814.156600000336766 ], [ 5096212.943399999290705, 5303920.544600000604987 ], [ 5104883.4934, 5300283.469900000840425 ], [ 5120302.429099999368191, 5305194.874600000679493 ], [ 5120441.0921, 5305103.998700000345707 ], [ 5129236.744000000879169, 5291577.331299999728799 ], [ 5130684.981499999761581, 5282186.889799999073148 ], [ 5117487.914300000295043, 5277048.660000000149012 ], [ 5099622.573599999770522, 5284058.738099999725819 ], [ 5103652.867900000885129, 5273621.399700000882149 ], [ 5103669.800699999555945, 5262295.075999999418855 ], [ 5080523.1162, 5237474.818299999460578 ], [ 5082863.634199999272823, 5225253.7544 ], [ 5082351.500099999830127, 5212537.852299999445677 ], [ 5079526.948799999430776, 5205682.918400000780821 ], [ 5073768.632999999448657, 5207017.897299999371171 ], [ 5067763.975700000301003, 5212207.992900000885129 ], [ 5065063.484400000423193, 5224541.174900000914931 ], [ 5072768.317800000309944, 5245976.934100000187755 ], [ 5074156.700500000268221, 5255431.245799999684095 ], [ 5060930.852099999785423, 5275159.07120000012219 ], [ 5028549.726099999621511, 5283139.629000000655651 ], [ 5023371.269400000572205, 5288571.8608 ], [ 5009404.213500000536442, 5296905.744699999690056 ], [ 5001679.146800000220537, 5306223.4528 ], [ 4990944.843800000846386, 5301452.61849999986589 ], [ 4981970.420199999585748, 5285692.54759999923408 ], [ 4974301.045499999076128, 5280117.120999999344349 ], [ 4964889.017200000584126, 5281816.015100000426173 ], [ 4953365.80460000038147, 5276894.22069999948144 ], [ 4950879.316700000315905, 5265883.370999999344349 ], [ 4940155.926599999889731, 5245000.2083 ], [ 4942597.019099999219179, 5236075.842800000682473 ], [ 4941259.653100000694394, 5227606.181500000879169 ], [ 4942016.115000000223517, 5217575.701099999248981 ], [ 4943962.487800000235438, 5210147.418800000101328 ], [ 4943499.606100000441074, 5195611.8947 ], [ 4951358.416500000283122, 5168136.346599999815226 ], [ 4949340.897399999201298, 5157341.945800000801682 ], [ 4942550.993699999526143, 5155088.2072 ], [ 4934787.3772, 5143607.176000000908971 ], [ 4934072.051200000569224, 5138018.291200000792742 ], [ 4935557.268999999389052, 5125442.1831 ], [ 4929323.236300000920892, 5115445.037900000810623 ], [ 4921044.2347999997437, 5122350.037200000137091 ], [ 4901696.943900000303984, 5126609.918999999761581 ], [ 4893125.637700000777841, 5132328.320299999788404 ], [ 4882680.012399999424815, 5135174.782199999317527 ], [ 4878841.533299999311566, 5131958.208000000566244 ], [ 4876225.468699999153614, 5119791.683599999174476 ], [ 4859612.376299999654293, 5108644.300599999725819 ], [ 4851651.421299999579787, 5112595.572300000116229 ], [ 4842174.961500000208616, 5111349.405799999833107 ], [ 4830965.045199999585748, 5114593.656199999153614 ], [ 4825560.439300000667572, 5112281.793400000780821 ], [ 4819734.920499999076128, 5123908.046 ], [ 4801259.677699999883771, 5147052.380999999120831 ], [ 4783619.041400000452995, 5165253.199100000783801 ], [ 4769531.119100000709295, 5167232.6557 ], [ 4760599.70890000090003, 5155494.025399999693036 ], [ 4761307.49379999935627, 5151257.637900000438094 ], [ 4764982.378900000825524, 5144079.375 ], [ 4765070.635099999606609, 5137411.306500000879169 ], [ 4750650.766699999570847, 5143126.070000000298023 ], [ 4744757.506100000813603, 5136005.029799999669194 ], [ 4731407.7379, 5130227.9835 ], [ 4737180.676599999889731, 5118112.267799999564886 ], [ 4739843.199899999424815, 5106474.629499999806285 ], [ 4737679.697599999606609, 5091652.737500000745058 ], [ 4732698.64750000089407, 5079325.841099999845028 ], [ 4738471.1656, 5068305.597200000658631 ], [ 4732632.422900000587106, 5058093.120699999853969 ], [ 4692855.36739999987185, 5066922.975700000301003 ], [ 4676607.99100000038743, 5065415.628499999642372 ], [ 4666509.531199999153614, 5070645.689300000667572 ], [ 4655620.252000000327826, 5065448.583000000566244 ], [ 4656377.114900000393391, 5053168.106699999421835 ], [ 4661146.597699999809265, 5028115.059000000357628 ], [ 4654401.068199999630451, 5003251.078500000759959 ], [ 4632084.197100000455976, 5013347.7029 ], [ 4626472.506699999794364, 5015089.848099999129772 ], [ 4622619.30599999986589, 5007472.325500000268221 ], [ 4606936.694499999284744, 4991556.475600000470877 ], [ 4603612.32120000012219, 4974166.8597 ], [ 4601313.427999999374151, 4960301.2654 ], [ 4596972.545800000429153, 4949011.18129999935627 ], [ 4586463.446699999272823, 4944966.732300000265241 ], [ 4584511.084599999710917, 4938072.236999999731779 ], [ 4585147.494200000539422, 4934074.102299999445677 ], [ 4599586.149299999698997, 4911914.5793999992311 ], [ 4600896.68889999948442, 4896736.19649999961257 ], [ 4585587.166899999603629, 4873135.258400000631809 ], [ 4572365.409600000828505, 4842178.40059999935329 ], [ 4563070.5929000005126, 4829403.816999999806285 ], [ 4564173.048100000247359, 4822361.090600000694394 ], [ 4566978.621899999678135, 4813265.67090000025928 ], [ 4567892.282299999147654, 4805689.786599999293685 ], [ 4550539.830900000408292, 4791329.38880000077188 ], [ 4527031.521500000730157, 4786169.746799999848008 ], [ 4533595.711100000888109, 4751726.0526 ], [ 4531077.912100000306964, 4738441.2401 ], [ 4530560.6151, 4723635.285599999129772 ], [ 4532151.7204, 4696891.918700000271201 ], [ 4527103.884500000625849, 4688107.227399999275804 ], [ 4525407.635900000110269, 4674222.126599999144673 ], [ 4498798.451500000432134, 4615120.653899999335408 ], [ 4520200.143999999389052, 4596849.502800000831485 ], [ 4521209.325400000438094, 4588879.70160000026226 ], [ 4523365.518100000917912, 4571909.300200000405312 ], [ 4520630.89949999935925, 4563890.454 ], [ 4517185.81110000051558, 4553859.09180000051856 ], [ 4473803.002299999818206, 4556345.247899999842048 ], [ 4464370.939500000327826, 4552802.127900000661612 ], [ 4453272.465900000184774, 4543102.199200000613928 ], [ 4444720.639499999582767, 4528058.278300000354648 ], [ 4429732.3607, 4502094.675599999725819 ], [ 4430767.894999999552965, 4490627.160599999129772 ], [ 4431001.956399999558926, 4488041.560699999332428 ], [ 4424784.554999999701977, 4471973.950899999588728 ], [ 4421707.0493, 4464087.126800000667572 ], [ 4432641.519899999722838, 4436478.165500000119209 ], [ 4427785.2149, 4423157.7347999997437 ], [ 4430083.315099999308586, 4406946.567299999296665 ], [ 4427902.641200000420213, 4391301.3926 ], [ 4438332.470200000330806, 4360687.10950000025332 ], [ 4440904.738099999725819, 4353715.458200000226498 ], [ 4434843.408399999141693, 4293876.178899999707937 ], [ 4449855.355900000780821, 4276435.398199999704957 ], [ 4458586.706399999558926, 4275633.066700000315905 ], [ 4466864.182399999350309, 4264468.161000000312924 ], [ 4474295.4375, 4254515.615900000557303 ], [ 4472998.6053, 4241066.4679000005126 ], [ 4468255.747999999672174, 4230596.930400000885129 ], [ 4467139.936899999156594, 4228144.317500000819564 ], [ 4465658.294199999421835, 4219983.290300000458956 ], [ 4442298.438999999314547, 4214099.35329999960959 ], [ 4447537.632999999448657, 4201561.323699999600649 ], [ 4451990.901499999687076, 4184420.944399999454618 ], [ 4454233.654500000178814, 4179834.8355 ], [ 4464364.145400000736117, 4159264.224600000306964 ], [ 4464641.92259999923408, 4147715.155099999159575 ], [ 4459823.401900000870228, 4137533.0537 ], [ 4462007.5472, 4123439.858300000429153 ], [ 4460064.510199999436736, 4112612.371999999508262 ], [ 4451836.452199999243021, 4098444.686899999156594 ], [ 4443300.439999999478459, 4090353.880400000140071 ], [ 4431798.383400000631809, 4089906.85329999960959 ], [ 4424398.682399999350309, 4083572.248800000175834 ], [ 4428326.500900000333786, 4078800.3476 ], [ 4429396.738800000399351, 4068549.02449999935925 ], [ 4418425.1722, 4058904.136600000783801 ], [ 4417239.345599999651313, 4055148.13990000076592 ], [ 4424052.124600000679493, 4028915.7851 ], [ 4425445.627399999648333, 4016571.033700000494719 ], [ 4423336.968299999833107, 4012400.7412 ], [ 4422178.621799999848008, 3998875.07289999909699 ], [ 4419312.39299999922514, 3993157.437100000679493 ], [ 4416594.373999999836087, 3980546.990900000557303 ], [ 4410238.626900000497699, 3976619.161399999633431 ], [ 4405558.035900000482798, 3978047.414799999445677 ], [ 4405148.086300000548363, 3988389.247899999842048 ], [ 4404796.9145, 3990405.135199999436736 ], [ 4403298.543500000610948, 3993778.739700000733137 ], [ 4402788.113500000908971, 3995929.067600000649691 ], [ 4398767.898900000378489, 4002299.899299999698997 ], [ 4390496.786800000816584, 4000549.145700000226498 ], [ 4387588.832900000736117, 4006588.101099999621511 ], [ 4381179.15819999948144, 4004299.71059999987483 ], [ 4376885.716600000858307, 4008980.842499999329448 ], [ 4375593.47829999960959, 4005183.418199999257922 ], [ 4376957.692099999636412, 3998267.526100000366569 ], [ 4377539.982300000265241, 3998121.742200000211596 ], [ 4379627.089500000700355, 3999926.66330000013113 ], [ 4382459.481499999761581, 3998120.5252 ], [ 4382344.555400000885129, 3991436.350600000470877 ], [ 4380589.563200000673532, 3989736.627000000327826 ], [ 4371583.587200000882149, 3997888.2149 ], [ 4373482.298599999397993, 4005015.947499999776483 ], [ 4365751.220300000160933, 4010412.033800000324845 ], [ 4362163.806399999186397, 4025266.953199999406934 ], [ 4359538.6842, 4025825.010099999606609 ], [ 4357914.737400000914931, 4034107.51410000026226 ], [ 4355895.765100000426173, 4037031.213300000876188 ], [ 4359507.0833, 4043653.854299999773502 ], [ 4353832.493100000545382, 4070923.24239999987185 ], [ 4357977.639599999412894, 4083648.620899999514222 ], [ 4361587.044600000604987, 4074243.925000000745058 ], [ 4364000.279699999839067, 4081227.112400000914931 ], [ 4363653.135700000450015, 4086864.590399999171495 ], [ 4361445.873500000685453, 4087992.988900000229478 ], [ 4357008.754599999636412, 4090267.067099999636412 ], [ 4349957.044600000604987, 4080194.36710000038147 ], [ 4353669.196599999442697, 4054170.866900000721216 ], [ 4351001.70380000025034, 4049614.39919999986887 ], [ 4346594.636900000274181, 4049415.461899999529123 ], [ 4345329.0493, 4056942.213600000366569 ], [ 4344515.279799999669194, 4061797.011199999600649 ], [ 4342105.230599999427795, 4064198.701199999079108 ], [ 4342796.5033, 4048231.263699999079108 ], [ 4340284.718900000676513, 4044421.335999999195337 ], [ 4346988.122500000521541, 4034872.226399999111891 ], [ 4349399.977900000289083, 4024078.23200000077486 ], [ 4348251.587899999693036, 4014258.453600000590086 ], [ 4349673.513499999418855, 4009760.427200000733137 ], [ 4346593.244699999690056, 4005898.13429999910295 ], [ 4346178.23450000025332, 3998776.042199999094009 ], [ 4340617.535399999469519, 4005918.373299999162555 ], [ 4331716.709499999880791, 3992755.376700000837445 ], [ 4324681.113099999725819, 3992001.969699999317527 ], [ 4321031.744200000539422, 3986814.477700000628829 ], [ 4315282.895600000396371, 3985666.160399999469519 ], [ 4312444.182499999180436, 3988530.236500000581145 ], [ 4306185.341900000348687, 3994866.76380000077188 ], [ 4304505.015900000929832, 3988620.415100000798702 ], [ 4293885.587400000542402, 3974420.575200000777841 ], [ 4288369.390000000596046, 3973906.304500000551343 ], [ 4284252.4070999994874, 3963537.712400000542402 ], [ 4263462.2007, 3945864.972799999639392 ], [ 4254489.270700000226498, 3929088.594200000166893 ], [ 4218706.5471, 3895922.424000000581145 ], [ 4211153.464199999347329, 3892613.577199999243021 ], [ 4204480.099700000137091, 3894687.841499999165535 ], [ 4193087.823699999600649, 3886279.463500000536442 ], [ 4193145.467599999159575, 3882085.911800000816584 ], [ 4191447.57289999909699, 3880319.858200000599027 ], [ 4188214.306099999696016, 3884125.910499999299645 ], [ 4176101.081199999898672, 3879632.459799999371171 ], [ 4155922.387800000607967, 3885077.904999999329448 ], [ 4147613.871200000867248, 3882344.097500000149012 ], [ 4136604.083799999207258, 3893695.335699999704957 ], [ 4131284.898700000718236, 3890002.21030000038445 ], [ 4123999.311599999666214, 3891260.677999999374151 ], [ 4121180.408399999141693, 3896226.458100000396371 ], [ 4124529.380999999120831, 3905597.477800000458956 ], [ 4118778.4901, 3907267.273199999704957 ], [ 4111886.809599999338388, 3915168.332000000402331 ], [ 4102033.495200000703335, 3918902.979900000616908 ], [ 4078638.326500000432134, 3936965.2566 ], [ 4068788.280799999833107, 3949121.604800000786781 ], [ 4063602.27280000038445, 3963731.760099999606609 ], [ 4070086.206800000742078, 3995384.595499999821186 ], [ 4074579.367900000885129, 3995161.969499999657273 ], [ 4080010.865900000557303, 3989569.340199999511242 ], [ 4090398.663499999791384, 3990073.226700000464916 ], [ 4090113.143500000238419, 4018295.217499999329448 ], [ 4092132.986400000751019, 4023511.699300000444055 ], [ 4096973.927500000223517, 4027842.388499999418855 ], [ 4090369.016100000590086, 4045516.695800000801682 ], [ 4085916.567800000309944, 4048052.373999999836087 ], [ 4083446.021800000220537, 4037079.97550000064075 ], [ 4078856.950799999758601, 4032408.549000000581145 ], [ 4056923.197200000286102, 4028444.860600000247359 ], [ 4049588.72440000064671, 4019373.257400000467896 ], [ 4048199.652100000530481, 4035192.7347999997437 ], [ 4050659.581299999728799, 4045690.591700000688434 ], [ 4054421.455800000578165, 4051085.711799999698997 ], [ 4052370.471300000324845, 4055057.508500000461936 ], [ 4053226.738399999216199, 4059961.920800000429153 ], [ 4058709.252699999138713, 4066982.059499999508262 ], [ 4064731.925300000235438, 4064151.775299999862909 ], [ 4064239.339400000870228, 4072243.414599999785423 ], [ 4067687.251700000837445, 4075541.186599999666214 ], [ 4067629.545199999585748, 4061278.332100000232458 ], [ 4063300.232899999246001, 4052397.818900000303984 ], [ 4069049.59940000064671, 4057598.205399999395013 ], [ 4072059.377499999478459, 4071363.018899999558926 ], [ 4080334.500900000333786, 4068774.356799999251962 ], [ 4085074.523499999195337, 4067518.895099999383092 ], [ 4089658.725600000470877, 4078780.549900000914931 ], [ 4082777.998099999502301, 4085723.625099999830127 ], [ 4083835.138299999758601, 4092352.487400000914931 ], [ 4097201.900100000202656, 4107256.198799999430776 ], [ 4112049.603900000452995, 4133414.514399999752641 ], [ 4128212.561799999326468, 4146258.152899999171495 ], [ 4135112.784600000828505, 4143512.149900000542402 ], [ 4137677.146099999547005, 4150379.676400000229478 ], [ 4127876.510900000110269, 4152994.846000000834465 ], [ 4114130.459799999371171, 4146278.5581 ], [ 4102654.561799999326468, 4132243.271299999207258 ], [ 4090182.251800000667572, 4111611.987099999561906 ], [ 4078804.299000000581145, 4101340.753200000151992 ], [ 4068269.939500000327826, 4087513.604000000283122 ], [ 4062414.807800000533462, 4086415.724199999123812 ], [ 4059146.969000000506639, 4093404.342399999499321 ], [ 4060246.1831, 4104562.8048 ], [ 4066468.6513, 4111875.463300000876188 ], [ 4077443.564400000497699, 4115900.675300000235438 ], [ 4079717.030899999663234, 4122829.121099999174476 ], [ 4074913.150399999693036, 4129858.620999999344349 ], [ 4064291.196000000461936, 4128208.720100000500679 ], [ 4055291.994599999859929, 4136074.511499999091029 ], [ 4048095.613299999386072, 4134081.240000000223517 ], [ 4043783.149299999698997, 4137267.957800000905991 ], [ 4041592.919399999082088, 4148315.567399999126792 ], [ 4042255.566099999472499, 4155669.683399999514222 ], [ 4051495.003799999132752, 4156958.366399999707937 ], [ 4051010.532500000670552, 4166436.30629999935627 ], [ 4048348.294600000604987, 4173666.057299999520183 ], [ 4045090.6524, 4195166.969100000336766 ], [ 4047686.565099999308586, 4194938.667999999597669 ], [ 4054215.248800000175834, 4185351.528000000864267 ], [ 4053602.003900000825524, 4192751.668600000441074 ], [ 4061467.2072, 4192397.477700000628829 ], [ 4057081.735200000926852, 4199655.776799999177456 ], [ 4042363.875399999320507, 4207274.041799999773502 ], [ 4041878.467199999839067, 4214986.500600000843406 ], [ 4059688.083499999716878, 4225430.986099999397993 ], [ 4075441.8246, 4223544.833399999886751 ], [ 4098268.4529, 4229944.909700000658631 ], [ 4125447.903999999165535, 4224482.098600000143051 ], [ 4143893.236600000411272, 4230449.70130000077188 ], [ 4156708.073699999600649, 4225533.9070999994874 ], [ 4138479.864900000393391, 4241066.435799999162555 ], [ 4126863.785299999639392, 4232048.174100000411272 ], [ 4105636.363900000229478, 4237689.747999999672174 ], [ 4077002.2820999994874, 4230318.664899999275804 ], [ 4057973.258300000801682, 4235114.2956000007689 ], [ 4044008.427699999883771, 4231341.338600000366569 ], [ 4046227.906600000336766, 4239308.181700000539422 ], [ 4054063.70549999922514, 4245759.122700000181794 ], [ 4057798.01799999922514, 4265203.55460000038147 ], [ 4066057.667300000786781, 4280537.689600000157952 ], [ 4064948.741100000217557, 4287171.265699999406934 ], [ 4058498.489499999210238, 4295303.506400000303984 ], [ 4059910.190099999308586, 4305230.711400000378489 ], [ 4061753.677400000393391, 4306783.566400000825524 ], [ 4065623.266699999570847, 4310025.983300000429153 ], [ 4069784.519500000402331, 4310480.7752 ], [ 4073851.00789999961853, 4313147.086899999529123 ], [ 4072043.121600000187755, 4317526.211899999529123 ], [ 4079974.94649999961257, 4320139.040899999439716 ], [ 4093942.011099999770522, 4316196.7335 ], [ 4097105.445499999448657, 4311677.332399999722838 ], [ 4099130.8651, 4312472.891000000759959 ], [ 4098891.087999999523163, 4319091.2544 ], [ 4094130.530600000172853, 4319085.04700000025332 ], [ 4081157.224899999797344, 4322583.293600000441074 ], [ 4068015.947300000116229, 4320365.326999999582767 ], [ 4062600.387900000438094, 4323035.833100000396371 ], [ 4060776.998500000685453, 4320414.944399999454618 ], [ 4069398.472400000318885, 4315266.505400000140071 ], [ 4069645.42710000090301, 4312202.055500000715256 ], [ 4068468.596799999475479, 4312281.800699999555945 ], [ 4063820.001499999314547, 4311673.339700000360608 ], [ 4061796.100299999117851, 4310754.241900000721216 ], [ 4057940.039799999445677, 4308574.350999999791384 ], [ 4056995.482300000265241, 4308015.670800000429153 ], [ 4053242.5494, 4310039.824699999764562 ], [ 4054132.748199999332428, 4318326.158299999311566 ], [ 4060657.763299999758601, 4329032.33669999986887 ], [ 4071115.970599999651313, 4333134.616399999707937 ], [ 4070736.612500000745058, 4347296.225199999287724 ], [ 4076108.526399999856949, 4344328.432499999180436 ], [ 4084115.594499999657273, 4331291.221000000834465 ], [ 4085469.399399999529123, 4346751.241900000721216 ], [ 4091611.480900000780821, 4361248.818 ], [ 4109127.99349999986589, 4371744.649299999698997 ], [ 4112406.240499999374151, 4370077.796900000423193 ], [ 4112571.30350000038743, 4364962.421800000593066 ], [ 4101893.4518, 4352851.529899999499321 ], [ 4108982.194599999114871, 4343170.7566 ], [ 4111809.727399999275804, 4344762.642200000584126 ], [ 4114907.4070999994874, 4354240.023499999195337 ], [ 4119160.408500000834465, 4360388.061699999496341 ], [ 4127521.86570000089705, 4364230.2324 ], [ 4134700.372099999338388, 4361856.96000000089407 ], [ 4147233.778799999505281, 4372371.8914 ], [ 4156860.784499999135733, 4369072.151799999177456 ], [ 4162878.435200000181794, 4356957.341700000688434 ], [ 4165692.335899999365211, 4355339.843000000342727 ], [ 4165735.249299999326468, 4361318.190899999812245 ], [ 4158135.4945, 4373566.57740000076592 ], [ 4151950.222400000318885, 4376752.120699999853969 ], [ 4138046.114099999889731, 4377254.700400000438094 ], [ 4132340.807700000703335, 4387174.780600000172853 ], [ 4137916.035800000652671, 4392800.952199999243021 ], [ 4161474.880799999460578, 4395521.200400000438094 ], [ 4191835.319199999794364, 4392148.403300000354648 ], [ 4192925.581900000572205, 4398343.340299999341369 ], [ 4190987.902899999171495, 4403219.948100000619888 ], [ 4169490.768100000917912, 4412123.547399999573827 ], [ 4168416.15430000051856, 4424045.91190000064671 ], [ 4173969.440600000321865, 4431978.399800000712276 ], [ 4198203.771299999207258, 4441264.558499999344349 ], [ 4202048.630300000309944, 4429360.281700000166893 ], [ 4217478.478800000622869, 4427582.068 ], [ 4223780.27140000090003, 4422556.608799999579787 ], [ 4223009.237999999895692, 4434317.137599999085069 ], [ 4225313.957900000736117, 4438695.013599999248981 ], [ 4236593.459100000560284, 4424762.813200000673532 ], [ 4240812.849099999293685, 4423932.07880000025034 ], [ 4238969.470300000160933, 4430427.789799999445677 ], [ 4232347.802200000733137, 4436395.937400000169873 ], [ 4230914.10080000013113, 4441020.226800000295043 ], [ 4229098.871500000357628, 4446896.0647 ], [ 4234260.443600000813603, 4447507.46030000038445 ], [ 4234100.738099999725819, 4443433.058499999344349 ], [ 4235494.781500000506639, 4442376.472500000149012 ], [ 4238026.7138, 4448213.082399999722838 ], [ 4261941.550300000235438, 4455925.689500000327826 ], [ 4249868.435200000181794, 4457122.930099999532104 ], [ 4240362.671, 4452357.772199999541044 ], [ 4226092.604900000616908, 4450821.844100000336766 ], [ 4221779.843499999493361, 4453489.312699999660254 ], [ 4225559.739399999380112, 4459216.203400000929832 ], [ 4242981.651900000870228, 4464933.370699999853969 ], [ 4246138.9616, 4471242.181700000539422 ], [ 4246828.4835, 4472623.371099999174476 ], [ 4258520.248099999502301, 4480639.04590000025928 ], [ 4272901.004300000146031, 4481765.999600000679493 ], [ 4279779.8026, 4470946.027000000700355 ], [ 4282278.903599999845028, 4475025.9222 ], [ 4281192.778100000694394, 4486544.424900000914931 ], [ 4282445.405899999663234, 4489122.06389999948442 ], [ 4285877.55210000090301, 4496207.212200000882149 ], [ 4292007.971699999645352, 4493914.974500000476837 ], [ 4305543.773, 4502048.216499999165535 ], [ 4313439.622099999338388, 4488918.461899999529123 ], [ 4316848.670700000599027, 4482743.21059999987483 ], [ 4318124.019400000572205, 4471542.16440000012517 ], [ 4327236.541999999433756, 4469788.54619999974966 ], [ 4328368.063799999654293, 4470752.195900000631809 ], [ 4327223.851399999111891, 4477316.750800000503659 ], [ 4331402.941800000146031, 4481550.620500000193715 ], [ 4358993.429099999368191, 4481621.06110000051558 ], [ 4362222.875700000673532, 4484049.819399999454618 ], [ 4362735.2335, 4489158.443199999630451 ], [ 4362751.619100000709295, 4495675.051699999719858 ], [ 4357657.27250000089407, 4496259.215600000694394 ], [ 4357573.710200000554323, 4499780.221300000324845 ], [ 4368065.459699999541044, 4509862.818099999800324 ], [ 4377455.021600000560284, 4512502.464299999177456 ], [ 4390062.924200000241399, 4521151.282999999821186 ], [ 4390547.701099999248981, 4523644.862500000745058 ], [ 4389621.74970000050962, 4526528.808299999684095 ], [ 4387994.195699999108911, 4531274.570900000631809 ], [ 4386072.678600000217557, 4532939.21169999986887 ], [ 4374695.54590000025928, 4526265.408600000664592 ], [ 4364292.79079999960959, 4513687.982200000435114 ], [ 4324116.902699999511242, 4489305.389799999073148 ], [ 4318607.057299999520183, 4491265.175100000575185 ], [ 4314432.003000000491738, 4500508.305700000375509 ], [ 4313680.313300000503659, 4505524.489 ], [ 4315436.40819999948144, 4512008.465700000524521 ], [ 4301701.197100000455976, 4510328.226500000804663 ], [ 4301804.176899999380112, 4518409.994000000879169 ], [ 4305430.499500000849366, 4525884.464199999347329 ], [ 4323326.5318, 4535946.491499999538064 ], [ 4322420.010700000450015, 4544808.915200000628829 ], [ 4323431.252100000157952, 4550378.640699999406934 ], [ 4343488.510900000110269, 4580514.0746 ], [ 4349387.300899999216199, 4585455.585899999365211 ], [ 4351688.711300000548363, 4591127.8915 ], [ 4352426.843399999663234, 4592951.929999999701977 ], [ 4367502.485999999567866, 4606115.512900000438094 ], [ 4386698.8344, 4591944.605799999088049 ], [ 4387442.605100000277162, 4596858.7949 ], [ 4379238.935000000521541, 4602764.401100000366569 ], [ 4374924.140799999237061, 4612723.255799999460578 ], [ 4381960.966700000688434, 4617383.073999999091029 ], [ 4384883.45240000076592, 4609866.4814 ], [ 4390825.571900000795722, 4621299.787699999287724 ], [ 4401291.460799999535084, 4632795.343000000342727 ], [ 4397742.047700000926852, 4636907.6579 ], [ 4387599.113900000229478, 4631728.0055 ], [ 4370586.531199999153614, 4641014.790699999779463 ], [ 4360250.271299999207258, 4639221.337799999862909 ], [ 4358903.310799999162555, 4643202.640000000596046 ], [ 4362444.280899999663234, 4652467.605100000277162 ], [ 4373569.387199999764562, 4654128.248800000175834 ], [ 4382540.741399999707937, 4647728.94480000063777 ], [ 4398646.9035, 4654526.159600000828505 ], [ 4402643.557900000363588, 4653377.559499999508262 ], [ 4412563.748400000855327, 4672475.433800000697374 ], [ 4416348.696100000292063, 4672471.565400000661612 ], [ 4416836.378699999302626, 4664978.522099999710917 ], [ 4414871.584699999541044, 4663886.737500000745058 ], [ 4417775.258899999782443, 4663310.037200000137091 ], [ 4421410.313799999654293, 4675056.917400000616908 ], [ 4424274.6875, 4678217.017699999734759 ], [ 4427679.341499999165535, 4675677.333799999207258 ], [ 4430498.945599999278784, 4668662.567700000479817 ], [ 4433777.1831, 4668175.778400000184774 ], [ 4432402.466499999165535, 4676083.745799999684095 ], [ 4433771.111099999397993, 4681698.986400000751019 ], [ 4431112.420299999415874, 4689267.17119999974966 ], [ 4433687.8717, 4691677.017799999564886 ], [ 4434038.353399999439716, 4693824.0121 ], [ 4427805.535499999299645, 4691559.043299999088049 ], [ 4427134.38429999910295, 4689142.941199999302626 ], [ 4424488.989, 4683760.3662 ], [ 4420365.143699999898672, 4681350.854499999433756 ], [ 4420986.934000000357628, 4688949.344799999147654 ], [ 4426778.759199999272823, 4710857.711200000718236 ], [ 4435215.372500000521541, 4708547.221799999475479 ], [ 4438748.857200000435114, 4710633.62360000051558 ], [ 4432670.590700000524521, 4727270.545 ], [ 4439130.511099999770522, 4739903.471699999645352 ], [ 4440877.453299999237061, 4748982.845499999821186 ], [ 4435783.111099999397993, 4760024.601500000804663 ], [ 4440908.780200000852346, 4767278.493899999186397 ], [ 4448704.979299999773502, 4771626.289599999785423 ], [ 4452240.943399999290705, 4781275.212300000712276 ], [ 4465112.954800000414252, 4793826.643400000408292 ], [ 4466466.269200000911951, 4801133.437400000169873 ], [ 4460326.363199999555945, 4809488.607799999415874 ], [ 4460392.549000000581145, 4820972.339700000360608 ], [ 4466922.82740000076592, 4826977.484899999573827 ], [ 4468810.376000000163913, 4840585.469100000336766 ], [ 4481054.7368, 4858138.925899999216199 ], [ 4483106.373700000345707, 4872401.407800000160933 ], [ 4494352.142200000584126, 4881797.0504 ], [ 4501147.442500000819564, 4894822.732200000435114 ], [ 4508633.711300000548363, 4894535.00899999961257 ], [ 4520145.313300000503659, 4909307.199899999424815 ], [ 4521083.683599999174476, 4913434.457800000905991 ], [ 4519153.805299999192357, 4922370.579199999570847 ], [ 4529927.680500000715256, 4941404.070299999788404 ], [ 4538028.579299999400973, 4945109.429300000891089 ], [ 4546614.38260000012815, 4939234.086400000378489 ], [ 4557950.256899999454618, 4937670.104800000786781 ], [ 4556208.175300000235438, 4942695.524800000712276 ], [ 4549275.896600000560284, 4948510.063799999654293 ], [ 4547537.412100000306964, 4954847.4901 ], [ 4548945.025299999862909, 4961963.762499999254942 ], [ 4555188.453299999237061, 4968051.378000000491738 ], [ 4555767.220799999311566, 4971370.807900000363588 ], [ 4549336.43889999948442, 4973817.739499999210238 ], [ 4536576.632400000467896, 4962238.0296 ], [ 4531141.189500000327826, 4961651.166999999433756 ], [ 4529262.92710000090301, 4975721.074999999254942 ], [ 4532327.507099999114871, 4986741.987199999392033 ], [ 4539487.869200000539422, 4992006.327099999412894 ], [ 4548101.6996, 4985975.329800000414252 ], [ 4565544.039599999785423, 4991733.281199999153614 ], [ 4566319.916500000283122, 4994830.586799999698997 ], [ 4550840.19789999909699, 4999854.057399999350309 ], [ 4548391.713999999687076, 5003695.343699999153614 ], [ 4552523.379799999296665, 5011004.7653 ], [ 4562577.380699999630451, 5010365.954500000923872 ], [ 4571356.138699999079108, 5019945.578600000590086 ], [ 4574765.474899999797344, 5016995.281700000166893 ], [ 4579620.755100000649691, 5003088.471699999645352 ], [ 4583867.241800000891089, 4997897.452299999073148 ], [ 4587371.6634, 5012796.916899999603629 ], [ 4586295.093000000342727, 5020278.20299999974668 ], [ 4582933.712300000712276, 5030091.599600000306964 ], [ 4584714.664000000804663, 5037284.520500000566244 ], [ 4596804.657199999317527, 5044015.072599999606609 ], [ 4619429.910499999299645, 5042407.414100000634789 ], [ 4622284.868300000205636, 5048704.711200000718236 ], [ 4608762.117900000885129, 5055017.502699999138713 ], [ 4592344.372899999842048, 5048777.799000000581145 ], [ 4589638.398299999535084, 5050512.403000000864267 ], [ 4586055.254899999126792, 5045851.552899999544024 ], [ 4575875.120200000703335, 5041904.779400000348687 ], [ 4574508.065700000151992, 5045915.763900000602007 ], [ 4576538.47069999948144, 5055892.72550000064075 ], [ 4573059.670299999415874, 5057149.291500000283122 ], [ 4568357.671599999070168, 5042557.5888 ], [ 4565882.289899999275804, 5041336.916600000113249 ], [ 4562765.0965, 5044364.440300000831485 ], [ 4554748.011399999260902, 5032339.621600000187755 ], [ 4546494.226800000295043, 5034884.460200000554323 ], [ 4544950.503499999642372, 5040763.07880000025034 ], [ 4532151.892899999395013, 5026528.171700000762939 ], [ 4528362.703700000420213, 5031994.435499999672174 ], [ 4525380.75650000013411, 5021784.636600000783801 ], [ 4522511.115299999713898, 5018150.563699999824166 ], [ 4517785.7653, 5027697.550200000405312 ], [ 4513848.972100000828505, 5019440.229499999433756 ], [ 4500962.950200000777841, 5010903.0756 ], [ 4498664.755699999630451, 5011454.501299999654293 ], [ 4497330.537000000476837, 5018038.380000000819564 ], [ 4495883.308900000527501, 5019403.7204 ], [ 4475961.158399999141693, 5000958.661800000816584 ], [ 4468120.009500000625849, 5003019.655600000172853 ], [ 4469087.488700000569224, 5013981.375900000333786 ], [ 4472964.314500000327826, 5022447.910900000482798 ], [ 4484775.013499999418855, 5027535.017400000244379 ], [ 4491957.878699999302626, 5022995.978399999439716 ], [ 4494037.942900000140071, 5027528.784 ], [ 4499447.424599999561906, 5024883.819199999794364 ], [ 4503079.245200000703335, 5031727.645700000226498 ], [ 4511184.962899999693036, 5039335.102399999275804 ], [ 4522417.273399999365211, 5038958.919800000265241 ], [ 4525806.858899999409914, 5043528.793700000271201 ], [ 4535842.852299999445677, 5046770.757099999114871 ], [ 4537118.627900000661612, 5056112.157500000670552 ], [ 4544324.962799999862909, 5065946.973600000143051 ], [ 4545060.146500000730157, 5082286.9679000005126 ], [ 4547908.771199999377131, 5087236.038599999621511 ], [ 4548700.566999999806285, 5095021.713999999687076 ], [ 4550996.154999999329448, 5100940.980799999088049 ], [ 4559372.32740000076592, 5100781.968000000342727 ], [ 4561626.762399999424815, 5094309.922499999403954 ], [ 4562080.959599999710917, 5084687.802899999544024 ], [ 4566278.92960000038147, 5080563.027699999511242 ], [ 4567982.134199999272823, 5079210.684399999678135 ], [ 4572300.434100000187755, 5088774.748500000685453 ], [ 4578408.384600000455976, 5092356.362299999222159 ], [ 4587180.833699999377131, 5086472.543999999761581 ], [ 4595320.597200000658631, 5073661.891699999570847 ], [ 4616177.103000000119209, 5082042.35219999961555 ], [ 4620164.202099999412894, 5091851.903000000864267 ], [ 4616319.918299999088049, 5095259.01799999922514 ], [ 4614994.181900000199676, 5100878.728900000452995 ], [ 4622149.11119999922812, 5106001.611999999731779 ], [ 4631014.785599999129772, 5125402.115399999544024 ], [ 4641407.995899999514222, 5132297.949699999764562 ], [ 4644997.125099999830127, 5134432.843900000676513 ], [ 4642675.8487, 5139753.264000000432134 ], [ 4640346.771099999547005, 5140432.939899999648333 ], [ 4639185.870300000533462, 5149358.874299999326468 ], [ 4640205.08420000039041, 5151977.96059999987483 ], [ 4640270.206299999728799, 5152917.362500000745058 ], [ 4639816.229699999094009, 5153822.874099999666214 ], [ 4638666.392100000753999, 5153345.116499999538064 ], [ 4636871.142799999564886, 5148218.160599999129772 ], [ 4637241.470200000330806, 5134381.218100000172853 ], [ 4627081.527200000360608, 5131013.374600000679493 ], [ 4619985.838899999856949, 5133728.813999999314547 ], [ 4611233.2949, 5120237.601600000634789 ], [ 4611268.9847, 5114798.93129999935627 ], [ 4608241.977700000628829, 5113051.744100000709295 ], [ 4605557.899299999698997, 5114136.010299999266863 ], [ 4605285.944299999624491, 5119670.750199999660254 ], [ 4595289.239, 5118498.216700000688434 ], [ 4596139.785399999469519, 5123315.482899999246001 ], [ 4602568.19480000063777, 5128423.50789999961853 ], [ 4599646.248800000175834, 5134870.82909999974072 ], [ 4603013.700300000607967, 5139905.711400000378489 ], [ 4599637.873999999836087, 5144155.386299999430776 ], [ 4599551.406700000166893, 5148588.1656 ], [ 4597724.159900000318885, 5153968.771199999377131 ], [ 4604706.498800000175834, 5159201.0307 ], [ 4610729.939899999648333, 5159291.096000000834465 ], [ 4611874.097100000828505, 5169591.800899999216199 ], [ 4618205.070800000801682, 5168709.096400000154972 ], [ 4616966.042300000786781, 5175917.38880000077188 ], [ 4622333.023600000888109, 5170856.4222 ], [ 4623840.951400000602007, 5177157.360999999567866 ], [ 4630537.579700000584126, 5176255.846999999135733 ], [ 4633706.219100000336766, 5171779.391000000759959 ], [ 4636256.676899999380112, 5171811.143500000238419 ], [ 4638701.2182, 5169354.957000000402331 ], [ 4637280.130699999630451, 5163971.875800000503659 ], [ 4636499.229499999433756, 5163514.492499999701977 ], [ 4635806.82909999974072, 5161514.07880000025034 ], [ 4636841.61570000089705, 5160088.314099999144673 ], [ 4637812.162799999117851, 5159893.6228 ], [ 4642288.366399999707937, 5159585.402899999171495 ], [ 4648227.713700000196695, 5164985.7643 ], [ 4657480.758500000461936, 5156763.8125 ], [ 4660936.620500000193715, 5156907.066199999302626 ], [ 4655794.5987, 5174258.179700000211596 ], [ 4646719.9013, 5176093.906700000166893 ], [ 4641932.36089999973774, 5182471.429099999368191 ], [ 4648251.704, 5199340.8432 ], [ 4659114.399800000712276, 5205422.717299999669194 ], [ 4660294.907500000670552, 5220504.842499999329448 ], [ 4657747.908600000664592, 5234640.999800000339746 ], [ 4659811.029899999499321, 5241661.043700000271201 ], [ 4668058.1414, 5235902.689300000667572 ], [ 4680775.419600000604987, 5239265.58390000090003 ], [ 4694228.317900000140071, 5227278.934499999508262 ], [ 4693472.871999999508262, 5218687.720100000500679 ], [ 4677121.798000000417233, 5209883.308900000527501 ], [ 4674595.557099999859929, 5202685.159099999815226 ], [ 4672380.674799999222159, 5194874.752000000327826 ], [ 4670502.536699999123812, 5190180.151599999517202 ], [ 4668729.958200000226498, 5194627.928899999707937 ], [ 4664441.878399999812245, 5193916.793099999427795 ], [ 4662857.7478, 5189727.062599999830127 ], [ 4666341.156500000506639, 5186197.251000000163913 ], [ 4666333.668500000610948, 5180736.050000000745058 ], [ 4668743.790200000628829, 5179397.407800000160933 ], [ 4671284.0011, 5172753.947599999606609 ], [ 4677822.053099999204278, 5163033.276100000366569 ], [ 4682753.229100000113249, 5159227.341099999845028 ], [ 4690410.886099999770522, 5158591.834599999710917 ], [ 4691935.880100000649691, 5155445.808800000697374 ], [ 4691623.1086, 5148452.434399999678135 ], [ 4697374.718299999833107, 5148650.614199999719858 ], [ 4695394.975600000470877, 5156703.367499999701977 ], [ 4692556.550300000235438, 5161760.627299999818206 ], [ 4682907.481300000101328, 5162778.341199999675155 ], [ 4677018.61460000090301, 5169664.970300000160933 ], [ 4674869.769600000232458, 5179266.807600000873208 ], [ 4671508.758099999278784, 5187660.038599999621511 ], [ 4671536.045, 5187770.020199999213219 ], [ 4674358.134700000286102, 5193228.419199999421835 ], [ 4676261.6699, 5196660.936200000345707 ], [ 4676386.930800000205636, 5201166.177699999883771 ], [ 4677387.341299999505281, 5200319.132400000467896 ], [ 4695089.101199999451637, 5207205.310599999502301 ], [ 4702595.948799999430776, 5187322.531199999153614 ], [ 4707992.655500000342727, 5213235.922499999403954 ], [ 4714050.7697, 5225960.23589999973774 ], [ 4719454.883400000631809, 5226128.948100000619888 ], [ 4721923.616499999538064, 5219233.96030000038445 ], [ 4724856.805600000545382, 5201155.566299999132752 ], [ 4723047.746500000357628, 5181052.650499999523163 ], [ 4720312.298900000751019, 5169331.71030000038445 ], [ 4720863.314099999144673, 5165852.1535 ], [ 4725654.097799999639392, 5171707.79450000077486 ], [ 4732232.754699999466538, 5190726.644600000232458 ], [ 4731710.999900000169873, 5221393.012000000104308 ], [ 4736349.930500000715256, 5227610.746200000867248 ], [ 4731591.3838, 5240718.182600000873208 ], [ 4721895.89750000089407, 5249742.138499999418855 ], [ 4721269.45890000090003, 5255030.744300000369549 ], [ 4722936.906600000336766, 5259009.863399999216199 ], [ 4728875.793299999088049, 5260663.358799999579787 ], [ 4733115.8268, 5256887.720599999651313 ], [ 4741122.613299999386072, 5242776.819299999624491 ], [ 4744747.700099999085069, 5229470.760600000619888 ], [ 4747540.723999999463558, 5224779.206599999219179 ], [ 4752075.582800000905991, 5227463.397700000554323 ], [ 4755036.1031, 5238023.900399999693036 ], [ 4758442.947200000286102, 5241475.081399999558926 ], [ 4782433.448799999430776, 5232865.405300000682473 ], [ 4777907.063200000673532, 5248091.101600000634789 ], [ 4761384.379599999636412, 5256663.5735 ], [ 4752976.2445, 5265696.05460000038147 ], [ 4758863.110600000247359, 5273782.125099999830127 ], [ 4768943.883899999782443, 5271162.848099999129772 ], [ 4778754.768999999389052, 5279032.786699999123812 ], [ 4789790.9221, 5271023.054300000891089 ], [ 4795439.3277000002563, 5275582.541400000452995 ], [ 4807917.632400000467896, 5274724.166400000452995 ], [ 4823971.638299999758601, 5255593.819700000807643 ], [ 4832232.997899999842048, 5256202.715399999171495 ], [ 4832918.375600000843406, 5259756.657800000160933 ], [ 4828910.41609999909997, 5268149.02250000089407 ], [ 4827333.2127, 5278516.591099999845028 ], [ 4835561.874299999326468, 5311199.497099999338388 ], [ 4830496.89670000039041, 5327757.614499999210238 ], [ 4830221.20380000025034, 5336859.656300000846386 ], [ 4833238.162499999627471, 5338224.6402000002563 ], [ 4840212.2467, 5334709.115399999544024 ], [ 4847774.512399999424815, 5320621.869899999350309 ], [ 4851121.495999999344349, 5318546.074200000613928 ], [ 4852494.478900000452995, 5331451.514599999412894 ], [ 4859421.307499999180436, 5338922.710999999195337 ], [ 4858052.8596, 5342746.959799999371171 ], [ 4852634.209599999710917, 5347399.106200000271201 ], [ 4850431.3114, 5351915.793500000610948 ], [ 4856173.941400000825524, 5358677.1557 ], [ 4857630.961500000208616, 5369813.58420000039041 ], [ 4868694.376700000837445, 5370549.319599999114871 ], [ 4881189.996899999678135, 5365615.084000000730157 ], [ 4883236.805600000545382, 5375351.080700000748038 ], [ 4880981.615800000727177, 5386006.741800000891089 ], [ 4881674.603900000452995, 5390446.257200000807643 ], [ 4889900.575400000438094, 5398630.840900000184774 ], [ 4898869.22749999910593, 5395088.354299999773502 ], [ 4902454.584899999201298, 5385881.819700000807643 ], [ 4894142.76410000026226, 5374667.434699999168515 ] ] ], [ [ [ 5089151.629699999466538, 5306792.3882 ], [ 5090511.446599999442697, 5299879.195699999108911 ], [ 5089464.276799999177456, 5299809.159 ], [ 5086259.92200000025332, 5306219.144200000911951 ], [ 5089151.629699999466538, 5306792.3882 ] ] ], [ [ [ 4954994.6402000002563, 5375436.9825 ], [ 4954661.034199999645352, 5372438.7653 ], [ 4951904.871500000357628, 5374523.373500000685453 ], [ 4952980.67259999923408, 5377292.414899999275804 ], [ 4954994.6402000002563, 5375436.9825 ] ] ], [ [ [ 4908426.198300000280142, 5352750.986600000411272 ], [ 4908296.260099999606609, 5349020.20130000077188 ], [ 4905802.461300000548363, 5350014.197200000286102 ], [ 4906661.808399999514222, 5353954.538799999281764 ], [ 4908426.198300000280142, 5352750.986600000411272 ] ] ], [ [ [ 4901149.761099999770522, 5304158.71309999935329 ], [ 4900799.623500000685453, 5300779.331700000911951 ], [ 4898015.168999999761581, 5302348.7642 ], [ 4899077.41300000064075, 5305433.487500000745058 ], [ 4901149.761099999770522, 5304158.71309999935329 ] ] ], [ [ [ 4869389.196900000795722, 5379097.683399999514222 ], [ 4868482.609300000593066, 5377209.220599999651313 ], [ 4865830.37639999948442, 5379963.585699999704957 ], [ 4867243.3301, 5382480.583699999377131 ], [ 4869389.196900000795722, 5379097.683399999514222 ] ] ], [ [ [ 4860421.815400000661612, 5385425.934599999338388 ], [ 4859044.935399999842048, 5378865.733200000599027 ], [ 4854513.310399999842048, 5381217.800799999386072 ], [ 4856774.770300000905991, 5387805.127900000661612 ], [ 4860421.815400000661612, 5385425.934599999338388 ] ] ], [ [ [ 4838784.432499999180436, 5365501.321100000292063 ], [ 4834398.239700000733137, 5360906.630300000309944 ], [ 4828635.086100000888109, 5368245.345300000160933 ], [ 4829303.030500000342727, 5375611.462500000372529 ], [ 4833308.227299999445677, 5378133.351399999111891 ], [ 4838784.432499999180436, 5365501.321100000292063 ] ] ], [ [ [ 4828435.318800000473857, 5315607.489 ], [ 4832283.181600000709295, 5309431.181900000199676 ], [ 4832007.770600000396371, 5304343.593499999493361 ], [ 4824308.49239999987185, 5289519.747300000861287 ], [ 4819886.845499999821186, 5285848.803999999538064 ], [ 4816503.700899999588728, 5287032.000600000843406 ], [ 4813279.179099999368191, 5292502.240499999374151 ], [ 4808602.769200000911951, 5293546.463500000536442 ], [ 4805778.503399999812245, 5299636.213899999856949 ], [ 4809325.960200000554323, 5308132.991499999538064 ], [ 4813680.617000000551343, 5309693.314899999648333 ], [ 4814158.1118, 5313023.746500000357628 ], [ 4818488.211300000548363, 5309663.735600000247359 ], [ 4818229.120400000363588, 5315038.003000000491738 ], [ 4823288.002699999138713, 5318064.043500000610948 ], [ 4823668.54450000077486, 5324857.8235 ], [ 4826818.667199999094009, 5323374.94679999910295 ], [ 4828435.318800000473857, 5315607.489 ] ] ], [ [ [ 4827280.979499999433756, 5271816.80489999987185 ], [ 4826331.174599999561906, 5268808.960899999365211 ], [ 4824034.281400000676513, 5270507.505999999120831 ], [ 4825438.191500000655651, 5273708.33669999986887 ], [ 4827280.979499999433756, 5271816.80489999987185 ] ] ], [ [ [ 4821710.793299999088049, 5324111.081499999389052 ], [ 4821074.799900000914931, 5321238.082599999383092 ], [ 4818791.027499999850988, 5324148.784900000318885 ], [ 4820228.085200000554323, 5326961.826400000602007 ], [ 4821710.793299999088049, 5324111.081499999389052 ] ] ], [ [ [ 4818746.206299999728799, 5344050.306700000539422 ], [ 4814239.8581000007689, 5331764.223600000143051 ], [ 4810914.022399999201298, 5329102.782700000330806 ], [ 4809418.386, 5318575.545099999755621 ], [ 4802119.487099999561906, 5309218.5044 ], [ 4794214.279400000348687, 5310210.426300000399351 ], [ 4791148.6634, 5304887.3827 ], [ 4781365.809699999168515, 5304598.564300000667572 ], [ 4777246.584799999371171, 5301027.395500000566244 ], [ 4776142.830800000578165, 5303732.323599999770522 ], [ 4778430.580800000578165, 5308843.602600000798702 ], [ 4777973.425000000745058, 5313448.560799999162555 ], [ 4769918.667400000616908, 5311906.490399999544024 ], [ 4767920.329900000244379, 5315934.549200000241399 ], [ 4776924.956299999728799, 5320790.873400000855327 ], [ 4781556.424100000411272, 5319214.465199999511242 ], [ 4781081.060900000855327, 5325344.636499999091029 ], [ 4784287.029400000348687, 5324718.590600000694394 ], [ 4786628.312100000679493, 5328246.199500000104308 ], [ 4789086.928899999707937, 5326703.948100000619888 ], [ 4789820.91469999961555, 5322441.069900000467896 ], [ 4794629.281099999323487, 5321213.7643 ], [ 4796468.015599999576807, 5324499.9831000007689 ], [ 4792760.731300000101328, 5331293.926100000739098 ], [ 4792876.629499999806285, 5333898.791400000452995 ], [ 4799428.10080000013113, 5332230.77140000090003 ], [ 4803753.455, 5327286.290999999269843 ], [ 4806979.363099999725819, 5334457.778300000354648 ], [ 4804770.165100000798702, 5342173.126800000667572 ], [ 4812326.564200000837445, 5342204.287499999627471 ], [ 4813153.188699999824166, 5349129.426400000229478 ], [ 4818746.206299999728799, 5344050.306700000539422 ] ] ], [ [ [ 4808967.6403, 5287492.172800000756979 ], [ 4798112.545399999246001, 5277293.02309999987483 ], [ 4787550.292600000277162, 5284923.948400000110269 ], [ 4793301.9572, 5294654.643400000408292 ], [ 4799322.981499999761581, 5297431.164899999275804 ], [ 4808967.6403, 5287492.172800000756979 ] ] ], [ [ [ 4801619.839999999850988, 5338382.421900000423193 ], [ 4801399.6831, 5333958.119200000539422 ], [ 4799228.893500000238419, 5335060.402100000530481 ], [ 4799894.7961, 5338793.595000000670552 ], [ 4801619.839999999850988, 5338382.421900000423193 ] ] ], [ [ [ 4771299.768100000917912, 5246023.047700000926852 ], [ 4769770.4679000005126, 5244201.820299999788404 ], [ 4766515.653300000354648, 5247627.853700000792742 ], [ 4768711.303999999538064, 5249846.879300000146031 ], [ 4771299.768100000917912, 5246023.047700000926852 ] ] ], [ [ [ 4767764.536800000816584, 5284032.722799999639392 ], [ 4766403.229599999263883, 5273818.933800000697374 ], [ 4763380.215900000184774, 5277336.986400000751019 ], [ 4762794.259700000286102, 5287521.003399999812245 ], [ 4767764.536800000816584, 5284032.722799999639392 ] ] ], [ [ [ 4756299.2028, 5254453.800699999555945 ], [ 4755118.361700000241399, 5252362.44679999910295 ], [ 4752952.474999999627471, 5254431.5658 ], [ 4754189.587999999523163, 5257466.7331000007689 ], [ 4756299.2028, 5254453.800699999555945 ] ] ], [ [ [ 4754565.324200000613928, 5247933.161100000143051 ], [ 4753895.644899999722838, 5244764.075099999085069 ], [ 4751376.348799999803305, 5247030.94510000012815 ], [ 4752995.55629999935627, 5249888.293800000101328 ], [ 4754565.324200000613928, 5247933.161100000143051 ] ] ], [ [ [ 4754162.898, 5282474.68720000050962 ], [ 4753751.624199999496341, 5279101.997600000351667 ], [ 4751432.3739, 5282224.116900000721216 ], [ 4752605.7697, 5285409.143699999898672 ], [ 4754162.898, 5282474.68720000050962 ] ] ], [ [ [ 4747428.518799999728799, 5235898.282800000160933 ], [ 4746850.808000000193715, 5232190.0307 ], [ 4744632.830600000917912, 5233423.962099999189377 ], [ 4745801.341299999505281, 5237427.76039999909699 ], [ 4747428.518799999728799, 5235898.282800000160933 ] ] ], [ [ [ 4732898.886399999260902, 5235127.279699999839067 ], [ 4732441.8903, 5232237.982599999755621 ], [ 4729976.552400000393391, 5233397.476500000804663 ], [ 4730374.261600000783801, 5238118.499900000169873 ], [ 4732898.886399999260902, 5235127.279699999839067 ] ] ], [ [ [ 4712277.292400000616908, 5264967.238900000229478 ], [ 4710360.363500000908971, 5260252.1184 ], [ 4706941.985999999567866, 5268374.605599999427795 ], [ 4708162.033600000664592, 5269515.855100000277162 ], [ 4712277.292400000616908, 5264967.238900000229478 ] ] ], [ [ [ 4706178.683499999344349, 5245638.182399999350309 ], [ 4702610.040899999439716, 5240572.751299999654293 ], [ 4695954.535499999299645, 5240600.400699999183416 ], [ 4683416.818099999800324, 5258491.232599999755621 ], [ 4686665.457000000402331, 5262589.5779 ], [ 4691865.317299999296665, 5259841.4079 ], [ 4694785.9518, 5253733.721400000154972 ], [ 4703417.714999999850988, 5252883.166200000792742 ], [ 4706178.683499999344349, 5245638.182399999350309 ] ] ], [ [ [ 4704097.8739, 5234604.88399999961257 ], [ 4702752.253399999812245, 5232921.161100000143051 ], [ 4700652.050699999555945, 5235472.8695 ], [ 4702098.200799999758601, 5238073.3026 ], [ 4704097.8739, 5234604.88399999961257 ] ] ], [ [ [ 4685932.067700000479817, 5243222.5548 ], [ 4683658.848999999463558, 5241031.046499999240041 ], [ 4677853.395700000226498, 5247614.727600000798702 ], [ 4681432.756400000303984, 5250710.3114 ], [ 4685932.067700000479817, 5243222.5548 ] ] ], [ [ [ 4674811.214199999347329, 5245985.41330000013113 ], [ 4672965.169700000435114, 5242663.0142 ], [ 4666679.088400000706315, 5246475.480900000780821 ], [ 4668179.582100000232458, 5256868.42119999974966 ], [ 4669987.323899999260902, 5260208.442299999296665 ], [ 4674680.153100000694394, 5252429.700300000607967 ], [ 4674811.214199999347329, 5245985.41330000013113 ] ] ], [ [ [ 4652816.653699999675155, 5211543.646800000220537 ], [ 4651825.253799999132752, 5207480.03999999910593 ], [ 4649178.2993, 5209196.450300000607967 ], [ 4650945.724899999797344, 5213045.385199999436736 ], [ 4652816.653699999675155, 5211543.646800000220537 ] ] ], [ [ [ 4651923.116800000891089, 5231770.478499999269843 ], [ 4650877.685499999672174, 5229404.072799999266863 ], [ 4648418.160700000822544, 5231986.790899999439716 ], [ 4649940.130699999630451, 5234356.967199999839067 ], [ 4651923.116800000891089, 5231770.478499999269843 ] ] ], [ [ [ 4650010.285900000482798, 5227282.473200000822544 ], [ 4650267.784299999475479, 5222790.137000000104308 ], [ 4647993.639699999243021, 5222941.493899999186397 ], [ 4648761.082399999722838, 5228081.11879999935627 ], [ 4650010.285900000482798, 5227282.473200000822544 ] ] ], [ [ [ 4643745.292300000786781, 5197276.445800000801682 ], [ 4642561.675799999386072, 5194864.298599999397993 ], [ 4640350.046700000762939, 5197063.581499999389052 ], [ 4642145.287000000476837, 5199964.826899999752641 ], [ 4643745.292300000786781, 5197276.445800000801682 ] ] ], [ [ [ 4641306.721400000154972, 5192063.777100000530481 ], [ 4640732.113900000229478, 5188479.586300000548363 ], [ 4638304.698999999091029, 5189658.9123 ], [ 4639545.815300000831485, 5193342.676799999549985 ], [ 4641306.721400000154972, 5192063.777100000530481 ] ] ], [ [ [ 4635951.2105, 5184210.4287 ], [ 4635648.956299999728799, 5182268.261600000783801 ], [ 4634667.6392, 5184377.213400000706315 ], [ 4635238.070000000298023, 5185729.1831 ], [ 4635951.2105, 5184210.4287 ] ] ], [ [ [ 4623537.257200000807643, 5121251.995300000533462 ], [ 4621164.030999999493361, 5111836.650000000372529 ], [ 4616295.97550000064075, 5113060.1053 ], [ 4619359.511399999260902, 5122611.8059 ], [ 4623537.257200000807643, 5121251.995300000533462 ] ] ], [ [ [ 4613968.685799999162555, 5088426.554500000551343 ], [ 4610081.103499999269843, 5081711.295299999415874 ], [ 4600828.2820999994874, 5086242.265100000426173 ], [ 4606023.383400000631809, 5096156.51549999974668 ], [ 4613968.685799999162555, 5088426.554500000551343 ] ] ], [ [ [ 4594234.356200000271201, 5095642.85700000077486 ], [ 4591880.270600000396371, 5093701.717199999839067 ], [ 4592207.603399999439716, 5099380.9824 ], [ 4594345.0044, 5098091.2347 ], [ 4594234.356200000271201, 5095642.85700000077486 ] ] ], [ [ [ 4593537.356499999761581, 5106193.8608 ], [ 4592232.185200000181794, 5102359.807099999859929 ], [ 4590154.684900000691414, 5104682.507799999788404 ], [ 4591712.2179000005126, 5107461.147199999541044 ], [ 4593537.356499999761581, 5106193.8608 ] ] ], [ [ [ 4589789.98589999973774, 5107122.700799999758601 ], [ 4585030.719100000336766, 5095571.831499999389052 ], [ 4575795.696900000795722, 5103464.106300000101328 ], [ 4584241.410599999129772, 5114728.07740000076592 ], [ 4587890.745400000363588, 5112262.405600000172853 ], [ 4589789.98589999973774, 5107122.700799999758601 ] ] ], [ [ [ 4577546.181800000369549, 5034730.452099999412894 ], [ 4576012.971999999135733, 5033184.015599999576807 ], [ 4573776.964600000530481, 5036134.331599999219179 ], [ 4575788.796599999070168, 5038187.244200000539422 ], [ 4577546.181800000369549, 5034730.452099999412894 ] ] ], [ [ [ 4577057.851099999621511, 5096067.9912 ], [ 4575617.206199999898672, 5094790.825400000438094 ], [ 4573737.786499999463558, 5097642.444299999624491 ], [ 4575038.668199999257922, 5100514.832399999722838 ], [ 4577057.851099999621511, 5096067.9912 ] ] ], [ [ [ 4556930.670299999415874, 5109493.332100000232458 ], [ 4550428.281600000336766, 5103676.6765 ], [ 4547551.815300000831485, 5104800.181099999696016 ], [ 4545001.719399999827147, 5093937.511700000613928 ], [ 4541833.024700000882149, 5093608.956700000911951 ], [ 4541071.959300000220537, 5104475.568900000303984 ], [ 4544173.085999999195337, 5112970.849899999797344 ], [ 4546783.098799999803305, 5119437.846200000494719 ], [ 4553363.788100000470877, 5124339.427999999374151 ], [ 4556394.126000000163913, 5135445.883300000801682 ], [ 4563812.275499999523163, 5142048.312100000679493 ], [ 4566424.256300000473857, 5139785.139599999412894 ], [ 4564890.030899999663234, 5125343.8903 ], [ 4558695.033700000494719, 5114180.987600000575185 ], [ 4556930.670299999415874, 5109493.332100000232458 ] ] ], [ [ [ 4543152.962300000712276, 5032467.212799999862909 ], [ 4542796.489700000733137, 5028403.23509999923408 ], [ 4540669.053400000557303, 5029965.958699999377131 ], [ 4541184.5219, 5034250.099899999797344 ], [ 4543152.962300000712276, 5032467.212799999862909 ] ] ], [ [ [ 4535569.789200000464916, 5095849.311599999666214 ], [ 4541457.466099999845028, 5074716.18610000051558 ], [ 4538023.317299999296665, 5065701.7917 ], [ 4527770.029400000348687, 5057962.862400000914931 ], [ 4524106.8509, 5050055.105100000277162 ], [ 4520853.651499999687076, 5048161.0515 ], [ 4516418.697200000286102, 5052995.77559999935329 ], [ 4521495.6228, 5063996.883400000631809 ], [ 4526964.669600000604987, 5069053.443900000303984 ], [ 4527126.392400000244379, 5072139.2292 ], [ 4513905.7116, 5068111.42090000025928 ], [ 4505933.244200000539422, 5060638.52309999987483 ], [ 4502993.505799999460578, 5061836.69789999909699 ], [ 4500313.020600000396371, 5067618.878200000151992 ], [ 4505771.318399999290705, 5079774.737400000914931 ], [ 4520645.0176, 5082025.344399999827147 ], [ 4520628.089999999850988, 5093484.5329 ], [ 4525951.903799999505281, 5089883.7829 ], [ 4525629.857799999415874, 5103009.1546 ], [ 4527981.943900000303984, 5106609.9781 ], [ 4535569.789200000464916, 5095849.311599999666214 ] ] ], [ [ [ 4541013.616399999707937, 4956311.299599999561906 ], [ 4539341.282800000160933, 4954010.8322 ], [ 4537051.542700000107288, 4956361.540999999269843 ], [ 4539052.645099999383092, 4958835.317700000479817 ], [ 4541013.616399999707937, 4956311.299599999561906 ] ] ], [ [ [ 4511681.950799999758601, 4929049.441400000825524 ], [ 4509640.040699999779463, 4923933.275100000202656 ], [ 4505654.784, 4926083.336300000548363 ], [ 4508904.410199999809265, 4931128.053899999707937 ], [ 4511681.950799999758601, 4929049.441400000825524 ] ] ], [ [ [ 4499482.034600000828505, 5059040.664200000464916 ], [ 4498981.29869999922812, 5055554.333499999716878 ], [ 4496497.424499999731779, 5056972.3103 ], [ 4498034.34569999948144, 5061042.017400000244379 ], [ 4499482.034600000828505, 5059040.664200000464916 ] ] ], [ [ [ 4497136.918299999088049, 4897542.110300000756979 ], [ 4495783.920099999755621, 4894626.835899999365211 ], [ 4493282.891799999400973, 4897077.409800000488758 ], [ 4495206.969200000166893, 4899619.330299999564886 ], [ 4497136.918299999088049, 4897542.110300000756979 ] ] ], [ [ [ 4495918.8377, 4911846.198300000280142 ], [ 4494653.429700000211596, 4909006.807900000363588 ], [ 4492110.242200000211596, 4911554.939400000497699 ], [ 4494178.646600000560284, 4914065.324699999764562 ], [ 4495918.8377, 4911846.198300000280142 ] ] ], [ [ [ 4494311.254699999466538, 4928714.337400000542402 ], [ 4493056.191199999302626, 4924134.203199999406934 ], [ 4491302.039200000464916, 4927589.048599999397993 ], [ 4492843.714500000700355, 4930463.106499999761581 ], [ 4494311.254699999466538, 4928714.337400000542402 ] ] ], [ [ [ 4490412.747700000181794, 4925865.409499999135733 ], [ 4489755.667199999094009, 4923221.898299999535084 ], [ 4487308.713899999856949, 4924266.573599999770522 ], [ 4488711.564600000157952, 4928903.48509999923408 ], [ 4490412.747700000181794, 4925865.409499999135733 ] ] ], [ [ [ 4489908.806099999696016, 4889444.084799999371171 ], [ 4488438.477600000798702, 4885770.686200000345707 ], [ 4486234.670499999076128, 4888275.73450000025332 ], [ 4488041.245699999853969, 4890970.256999999284744 ], [ 4489908.806099999696016, 4889444.084799999371171 ] ] ], [ [ [ 4487015.037900000810623, 4899827.9572 ], [ 4485432.524299999698997, 4896739.36089999973774 ], [ 4483192.007099999114871, 4898847.15819999948144 ], [ 4485329.36849999986589, 4901811.171499999240041 ], [ 4487015.037900000810623, 4899827.9572 ] ] ], [ [ [ 4484309.886, 4887087.205700000748038 ], [ 4483111.097799999639392, 4884671.8684 ], [ 4480525.989, 4887010.673499999567866 ], [ 4482698.138599999248981, 4889837.6601 ], [ 4484309.886, 4887087.205700000748038 ] ] ], [ [ [ 4474617.065099999308586, 4871168.887499999254942 ], [ 4472490.197799999266863, 4867835.902799999341369 ], [ 4471395.797800000756979, 4871831.426699999719858 ], [ 4473101.917400000616908, 4873822.116599999368191 ], [ 4474617.065099999308586, 4871168.887499999254942 ] ] ], [ [ [ 4473607.774299999698997, 4862857.860999999567866 ], [ 4472200.8169, 4858480.58390000090003 ], [ 4470039.79869999922812, 4860367.619200000539422 ], [ 4471866.269600000232458, 4863785.287200000137091 ], [ 4473607.774299999698997, 4862857.860999999567866 ] ] ], [ [ [ 4472940.917500000447035, 4854517.999500000849366 ], [ 4471329.389499999582767, 4851524.815999999642372 ], [ 4468753.089199999347329, 4853463.862999999895692 ], [ 4470957.061799999326468, 4856625.671700000762939 ], [ 4472940.917500000447035, 4854517.999500000849366 ] ] ], [ [ [ 4469849.2043999992311, 4871954.654699999839067 ], [ 4471136.829500000923872, 4867471.818499999120831 ], [ 4467717.082900000736117, 4867479.649000000208616 ], [ 4468307.531500000506639, 4870775.559100000187755 ], [ 4469849.2043999992311, 4871954.654699999839067 ] ] ], [ [ [ 4448132.245300000533462, 4975979.458799999207258 ], [ 4441831.57660000026226, 4975364.453099999576807 ], [ 4445203.5603, 4989477.6678 ], [ 4449456.986099999397993, 4998080.053300000727177 ], [ 4455494.539300000295043, 4998982.501000000163913 ], [ 4462461.03999999910593, 5007090.439500000327826 ], [ 4465249.220899999141693, 5005296.72580000013113 ], [ 4462951.114299999549985, 4994658.980599999427795 ], [ 4457171.874099999666214, 4990552.437899999320507 ], [ 4448132.245300000533462, 4975979.458799999207258 ] ] ], [ [ [ 4461016.792700000107288, 4834126.570900000631809 ], [ 4460577.209899999201298, 4832250.603199999779463 ], [ 4459498.154799999669194, 4832943.0055 ], [ 4458854.178099999204278, 4836154.8246 ], [ 4460226.651900000870228, 4839342.719699999317527 ], [ 4460966.612700000405312, 4837367.005100000649691 ], [ 4461016.792700000107288, 4834126.570900000631809 ] ] ], [ [ [ 4458643.389699999243021, 4844547.705700000748038 ], [ 4456747.761, 4830577.52250000089407 ], [ 4455074.045700000599027, 4831442.100199999287724 ], [ 4453404.496799999848008, 4842689.794700000435114 ], [ 4458643.389699999243021, 4844547.705700000748038 ] ] ], [ [ [ 4456200.706299999728799, 4789750.598099999129772 ], [ 4452099.569900000467896, 4789137.466600000858307 ], [ 4455347.897299999371171, 4797621.633500000461936 ], [ 4457833.262599999085069, 4797156.209100000560284 ], [ 4456200.706299999728799, 4789750.598099999129772 ] ] ], [ [ [ 4454593.407700000330806, 4815947.646299999207258 ], [ 4452024.621099999174476, 4810668.878799999132752 ], [ 4447781.8355, 4813492.657700000330806 ], [ 4450991.269099999219179, 4818315.418199999257922 ], [ 4454593.407700000330806, 4815947.646299999207258 ] ] ], [ [ [ 4452863.8498, 4843198.980399999767542 ], [ 4452115.482999999076128, 4839917.690600000321865 ], [ 4449507.183599999174476, 4841306.410399999469519 ], [ 4451171.153899999335408, 4845311.903300000354648 ], [ 4452863.8498, 4843198.980399999767542 ] ] ], [ [ [ 4452783.532999999821186, 4835778.176799999549985 ], [ 4452453.332800000905991, 4830435.677500000223517 ], [ 4449960.85080000013113, 4831953.8926 ], [ 4451491.715900000184774, 4836203.437699999660254 ], [ 4452783.532999999821186, 4835778.176799999549985 ] ] ], [ [ [ 4452068.130000000819564, 4799461.324999999254942 ], [ 4448657.112500000745058, 4791193.6086 ], [ 4443402.4517, 4794889.777799999341369 ], [ 4448081.994599999859929, 4802180.706299999728799 ], [ 4452068.130000000819564, 4799461.324999999254942 ] ] ], [ [ [ 4449499.7796, 4826733.031400000676513 ], [ 4447943.152799999341369, 4824507.614 ], [ 4445833.037900000810623, 4827105.830800000578165 ], [ 4447091.740599999204278, 4834270.362299999222159 ], [ 4449096.544600000604987, 4834823.530899999663234 ], [ 4449499.7796, 4826733.031400000676513 ] ] ], [ [ [ 4446494.71680000051856, 4785852.140699999406934 ], [ 4444959.089800000190735, 4783606.589199999347329 ], [ 4443132.787200000137091, 4784903.222300000488758 ], [ 4443029.6502, 4787337.645300000905991 ], [ 4445136.12529999949038, 4788179.596100000664592 ], [ 4446494.71680000051856, 4785852.140699999406934 ] ] ], [ [ [ 4443762.902000000700355, 4803432.142000000923872 ], [ 4441810.484999999403954, 4800251.759800000116229 ], [ 4440401.3958, 4805584.981100000441074 ], [ 4442181.61460000090301, 4806012.736999999731779 ], [ 4443762.902000000700355, 4803432.142000000923872 ] ] ], [ [ [ 4440992.500900000333786, 4830472.274599999189377 ], [ 4438504.794700000435114, 4827919.803600000217557 ], [ 4436454.257099999114871, 4832037.404500000178814 ], [ 4439497.5131, 4836832.731200000271201 ], [ 4440992.500900000333786, 4830472.274599999189377 ] ] ], [ [ [ 4429783.186699999496341, 4768618.433900000527501 ], [ 4424887.293700000271201, 4762695.682800000533462 ], [ 4421685.1546, 4765332.724999999627471 ], [ 4437009.841399999335408, 4789989.685399999842048 ], [ 4438917.021299999207258, 4790027.44480000063777 ], [ 4440490.1754, 4785891.756699999794364 ], [ 4437087.782299999147654, 4771989.473300000652671 ], [ 4429783.186699999496341, 4768618.433900000527501 ] ] ], [ [ [ 4438391.040100000798702, 4808546.003599999472499 ], [ 4436194.382999999448657, 4805636.0406 ], [ 4432946.824999999254942, 4808593.76549999974668 ], [ 4436149.213899999856949, 4811232.119999999180436 ], [ 4438391.040100000798702, 4808546.003599999472499 ] ] ], [ [ [ 4438195.588300000876188, 4742478.03690000064671 ], [ 4436856.151699999347329, 4741583.683599999174476 ], [ 4433960.957299999892712, 4746051.027300000190735 ], [ 4436047.487199999392033, 4747128.869899999350309 ], [ 4438195.588300000876188, 4742478.03690000064671 ] ] ], [ [ [ 4436540.327500000596046, 4849835.254599999636412 ], [ 4435669.459300000220537, 4845284.515599999576807 ], [ 4433165.7719, 4846879.282299999147654 ], [ 4434652.353499999269843, 4850274.511600000783801 ], [ 4436540.327500000596046, 4849835.254599999636412 ] ] ], [ [ [ 4435828.19649999961257, 4953059.1107 ], [ 4432773.35950000025332, 4946680.7697 ], [ 4430087.665699999779463, 4947709.948999999091029 ], [ 4434149.338700000196695, 4954027.0833 ], [ 4435828.19649999961257, 4953059.1107 ] ] ], [ [ [ 4435606.880599999800324, 4801271.584000000730157 ], [ 4435507.28830000013113, 4798390.42090000025928 ], [ 4432071.154699999839067, 4803951.865199999883771 ], [ 4433880.822499999776483, 4805327.109999999403954 ], [ 4435606.880599999800324, 4801271.584000000730157 ] ] ], [ [ [ 4433868.478499999269843, 4748074.562300000339746 ], [ 4432191.3816, 4745368.183199999853969 ], [ 4429876.474500000476837, 4747918.121200000867248 ], [ 4432103.877399999648333, 4750516.940600000321865 ], [ 4433868.478499999269843, 4748074.562300000339746 ] ] ], [ [ [ 4428827.2599, 4760409.386700000613928 ], [ 4427735.882200000807643, 4753732.729100000113249 ], [ 4426174.520500000566244, 4754800.770400000736117 ], [ 4427105.115299999713898, 4760125.692399999126792 ], [ 4428827.2599, 4760409.386700000613928 ] ] ], [ [ [ 4428682.5077, 4807355.657500000670552 ], [ 4426832.563100000843406, 4804925.749099999666214 ], [ 4424548.663899999111891, 4807283.679099999368191 ], [ 4426744.601299999281764, 4809795.876299999654293 ], [ 4428682.5077, 4807355.657500000670552 ] ] ], [ [ [ 4427665.68779999949038, 4784998.553400000557303 ], [ 4427175.420499999076128, 4781446.584000000730157 ], [ 4424899.808800000697374, 4782020.459599999710917 ], [ 4425738.762900000438094, 4787242.863500000908971 ], [ 4427665.68779999949038, 4784998.553400000557303 ] ] ], [ [ [ 4424665.094499999657273, 4747504.224099999293685 ], [ 4424666.8871, 4740897.881699999794364 ], [ 4423377.786499999463558, 4741527.442700000479817 ], [ 4421908.627000000327826, 4748012.704500000923872 ], [ 4424665.094499999657273, 4747504.224099999293685 ] ] ], [ [ [ 4424157.654799999669194, 4772911.862500000745058 ], [ 4423004.599899999797344, 4771869.171299999579787 ], [ 4420383.089199999347329, 4776017.953099999576807 ], [ 4422373.75650000013411, 4777785.394500000402331 ], [ 4424157.654799999669194, 4772911.862500000745058 ] ] ], [ [ [ 4422150.152200000360608, 4727513.86879999935627 ], [ 4421422.294600000604987, 4722374.237700000405312 ], [ 4418979.573300000280142, 4722798.146299999207258 ], [ 4420287.966, 4727225.750199999660254 ], [ 4422150.152200000360608, 4727513.86879999935627 ] ] ], [ [ [ 4421866.043400000780821, 4709868.683599999174476 ], [ 4420236.727800000458956, 4701211.039799999445677 ], [ 4416405.855200000107288, 4702410.641799999400973 ], [ 4417446.487500000745058, 4710768.348799999803305 ], [ 4420214.8684, 4712853.8892 ], [ 4421866.043400000780821, 4709868.683599999174476 ] ] ], [ [ [ 4421379.619599999859929, 4748262.033099999651313 ], [ 4419862.279699999839067, 4746474.685499999672174 ], [ 4417726.919299999251962, 4750621.314799999818206 ], [ 4420323.374900000169873, 4751803.507799999788404 ], [ 4421379.619599999859929, 4748262.033099999651313 ] ] ], [ [ [ 4420913.075200000777841, 4756872.389000000432134 ], [ 4418385.264799999073148, 4755187.026100000366569 ], [ 4416776.903599999845028, 4756749.641200000420213 ], [ 4418974.693099999800324, 4760160.973600000143051 ], [ 4420913.075200000777841, 4756872.389000000432134 ] ] ], [ [ [ 4418576.167099999263883, 4825406.385500000789762 ], [ 4417382.215199999511242, 4821765.645300000905991 ], [ 4414809.133899999782443, 4823165.735500000417233 ], [ 4416820.475299999117851, 4826744.7314 ], [ 4418576.167099999263883, 4825406.385500000789762 ] ] ], [ [ [ 4417552.348099999129772, 4740368.227600000798702 ], [ 4415713.052999999374151, 4737559.41469999961555 ], [ 4414116.455199999734759, 4740913.546399999409914 ], [ 4415625.007200000807643, 4743573.828099999576807 ], [ 4417552.348099999129772, 4740368.227600000798702 ] ] ], [ [ [ 4417160.779899999499321, 4679963.0373 ], [ 4415472.964700000360608, 4678456.600199999287724 ], [ 4413033.526499999687076, 4681150.215099999681115 ], [ 4415047.633899999782443, 4683678.378499999642372 ], [ 4417160.779899999499321, 4679963.0373 ] ] ], [ [ [ 4417007.694299999624491, 4698062.042099999263883 ], [ 4415589.302699999883771, 4696361.783099999651313 ], [ 4413432.839500000700355, 4699825.284900000318885 ], [ 4415864.96680000051856, 4702076.10329999960959 ], [ 4417007.694299999624491, 4698062.042099999263883 ] ] ], [ [ [ 4415408.122099999338388, 4780829.638000000268221 ], [ 4414147.209100000560284, 4776211.325500000268221 ], [ 4412182.816700000315905, 4778822.216299999505281 ], [ 4413960.759800000116229, 4782400.186699999496341 ], [ 4415408.122099999338388, 4780829.638000000268221 ] ] ], [ [ [ 4414850.712799999862909, 4730622.064099999144673 ], [ 4410175.263900000602007, 4721602.0066 ], [ 4401562.444700000807643, 4722479.286800000816584 ], [ 4399211.518899999558926, 4716504.9831000007689 ], [ 4396710.70380000025034, 4718346.385700000450015 ], [ 4406582.306399999186397, 4735409.153599999845028 ], [ 4414850.712799999862909, 4730622.064099999144673 ] ] ], [ [ [ 4412623.7654, 4935081.522600000724196 ], [ 4410672.363800000399351, 4931199.449999999254942 ], [ 4409203.466199999675155, 4934617.610300000756979 ], [ 4411267.689600000157952, 4936896.346599999815226 ], [ 4412623.7654, 4935081.522600000724196 ] ] ], [ [ [ 4401897.514599999412894, 4662883.054199999198318 ], [ 4399572.425200000405312, 4660289.0197 ], [ 4394959.66330000013113, 4660393.003200000151992 ], [ 4393636.783900000154972, 4662691.11119999922812 ], [ 4396217.019200000911951, 4667403.5449 ], [ 4403429.9222, 4668030.3498 ], [ 4403487.03319999948144, 4665931.803300000727177 ], [ 4401897.514599999412894, 4662883.054199999198318 ] ] ], [ [ [ 4383122.062599999830127, 4523362.257999999448657 ], [ 4381190.558499999344349, 4520509.596000000834465 ], [ 4378724.081000000238419, 4522602.114299999549985 ], [ 4381262.434599999338388, 4525560.945800000801682 ], [ 4383122.062599999830127, 4523362.257999999448657 ] ] ], [ [ [ 4381584.753900000825524, 4631124.451199999079108 ], [ 4380648.559100000187755, 4627724.479900000616908 ], [ 4378355.080800000578165, 4629847.165200000628829 ], [ 4379847.725400000810623, 4634033.512700000777841 ], [ 4381584.753900000825524, 4631124.451199999079108 ] ] ], [ [ [ 4375866.082699999213219, 4521081.254200000315905 ], [ 4374363.971799999475479, 4517449.818600000813603 ], [ 4371463.623099999502301, 4518986.6776 ], [ 4373813.061799999326468, 4522626.712600000202656 ], [ 4375866.082699999213219, 4521081.254200000315905 ] ] ], [ [ [ 4362160.592499999329448, 4611912.662499999627471 ], [ 4361786.909299999475479, 4605706.728000000119209 ], [ 4360784.905999999493361, 4606182.294800000265241 ], [ 4359556.001599999144673, 4612072.394099999219179 ], [ 4362160.592499999329448, 4611912.662499999627471 ] ] ], [ [ [ 4351188.427999999374151, 4638695.41440000012517 ], [ 4349703.430500000715256, 4635681.070599999278784 ], [ 4347334.674900000914931, 4637841.077600000426173 ], [ 4349900.535800000652671, 4641262.560200000181794 ], [ 4351188.427999999374151, 4638695.41440000012517 ] ] ], [ [ [ 4349123.384400000795722, 4590461.547399999573827 ], [ 4346884.836899999529123, 4587186.545800000429153 ], [ 4344760.814200000837445, 4588067.46309999935329 ], [ 4346698.221400000154972, 4592976.939200000837445 ], [ 4349123.384400000795722, 4590461.547399999573827 ] ] ], [ [ [ 4334105.325999999418855, 4595277.085999999195337 ], [ 4332046.239700000733137, 4592888.694199999794364 ], [ 4329708.771500000730157, 4595461.452299999073148 ], [ 4332120.80210000090301, 4597808.690600000321865 ], [ 4334105.325999999418855, 4595277.085999999195337 ] ] ], [ [ [ 4323715.409399999305606, 4558072.742900000885129 ], [ 4321866.175899999216199, 4558071.776900000870228 ], [ 4320267.89780000038445, 4564445.005200000479817 ], [ 4323697.5320999994874, 4566242.335899999365211 ], [ 4323715.409399999305606, 4558072.742900000885129 ] ] ], [ [ [ 4318736.893200000748038, 4545497.594900000840425 ], [ 4316490.263599999248981, 4543329.716199999675155 ], [ 4314408.250399999320507, 4544142.628200000151992 ], [ 4315533.721300000324845, 4549320.151399999856949 ], [ 4318736.893200000748038, 4545497.594900000840425 ] ] ], [ [ [ 4296415.335699999704957, 4527173.187400000169873 ], [ 4295558.00029999949038, 4520451.3892 ], [ 4293391.885099999606609, 4523684.387000000104308 ], [ 4294762.315600000321865, 4526857.350199999287724 ], [ 4296415.335699999704957, 4527173.187400000169873 ] ] ], [ [ [ 4294184.555400000885129, 4564056.837799999862909 ], [ 4292347.348400000482798, 4560346.812699999660254 ], [ 4289962.806600000709295, 4562488.935699999332428 ], [ 4292146.270099999383092, 4565453.318 ], [ 4294184.555400000885129, 4564056.837799999862909 ] ] ], [ [ [ 4294070.031999999657273, 4508049.9441 ], [ 4292423.107799999415874, 4505156.544700000435114 ], [ 4289693.780799999833107, 4507654.77930000051856 ], [ 4292237.146199999377131, 4510227.395500000566244 ], [ 4294070.031999999657273, 4508049.9441 ] ] ], [ [ [ 4292568.593100000172853, 4520730.619999999180436 ], [ 4289689.363099999725819, 4518964.207399999722838 ], [ 4290516.647099999710917, 4523890.020600000396371 ], [ 4293442.44510000012815, 4523987.820499999448657 ], [ 4292568.593100000172853, 4520730.619999999180436 ] ] ], [ [ [ 4278626.463999999687076, 4507084.004599999636412 ], [ 4280538.75899999961257, 4498472.528599999845028 ], [ 4263048.923100000247359, 4489388.733300000429153 ], [ 4258173.003399999812245, 4486880.718599999323487 ], [ 4244218.5176, 4479761.249600000679493 ], [ 4233719.284800000488758, 4485443.918800000101328 ], [ 4234632.98450000025332, 4487380.696100000292063 ], [ 4235840.318299999460578, 4489943.53969999961555 ], [ 4240175.190999999642372, 4499179.801899999380112 ], [ 4243763.986400000751019, 4497244.185000000521541 ], [ 4261849.065400000661612, 4506703.224500000476837 ], [ 4272698.898499999195337, 4503601.218299999833107 ], [ 4278626.463999999687076, 4507084.004599999636412 ] ] ], [ [ [ 4280020.536100000143051, 4543839.482200000435114 ], [ 4278328.876800000667572, 4541197.771500000730157 ], [ 4275663.573699999600649, 4543762.732100000604987 ], [ 4278234.5320999994874, 4546248.244300000369549 ], [ 4280020.536100000143051, 4543839.482200000435114 ] ] ], [ [ [ 4278728.9254, 4487736.791899999603629 ], [ 4277039.216399999335408, 4485886.410800000652671 ], [ 4275861.25789999961853, 4486916.337300000712276 ], [ 4275806.728800000622869, 4489201.266200000420213 ], [ 4276976.583499999716878, 4490342.668099999427795 ], [ 4278045.590500000864267, 4489173.152100000530481 ], [ 4278728.9254, 4487736.791899999603629 ] ] ], [ [ [ 4267531.3619, 4517712.727900000289083 ], [ 4258226.114900000393391, 4507860.7983 ], [ 4247110.258300000801682, 4511925.721300000324845 ], [ 4260167.408299999311566, 4525134.770999999716878 ], [ 4265028.710400000214577, 4523380.263900000602007 ], [ 4267531.3619, 4517712.727900000289083 ] ] ], [ [ [ 4252570.016000000759959, 4528234.39640000090003 ], [ 4251723.928899999707937, 4527596.595899999141693 ], [ 4250947.389799999073148, 4529619.186799999326468 ], [ 4251306.313200000673532, 4530458.3805 ], [ 4251942.279999999329448, 4530497.894500000402331 ], [ 4252570.016000000759959, 4528234.39640000090003 ] ] ], [ [ [ 4250768.675100000575185, 4528919.927899999544024 ], [ 4250139.999800000339746, 4527752.671499999240041 ], [ 4247535.862299999222159, 4529419.288699999451637 ], [ 4248334.001700000837445, 4531122.833399999886751 ], [ 4250550.862299999222159, 4530668.792199999094009 ], [ 4250550.851500000804663, 4530668.302500000223517 ], [ 4250550.85190000012517, 4530668.29590000025928 ], [ 4250550.933000000193715, 4530667.674499999731779 ], [ 4250550.934299999848008, 4530667.668700000271201 ], [ 4250551.10219999961555, 4530667.147900000214577 ], [ 4250551.104299999773502, 4530667.143400000408292 ], [ 4250551.340800000354648, 4530666.779799999669194 ], [ 4250551.343499999493361, 4530666.777200000360608 ], [ 4250551.479599999263883, 4530666.667400000616908 ], [ 4250692.807299999520183, 4530582.1919 ], [ 4250811.948999999091029, 4530397.395199999213219 ], [ 4250895.8147, 4530132.700099999085069 ], [ 4250935.098300000652671, 4529817.463600000366569 ], [ 4250925.4309, 4529486.649700000882149 ], [ 4250867.870300000533462, 4529176.952600000426173 ], [ 4250768.706199999898672, 4528922.511099999770522 ], [ 4250768.61710000038147, 4528922.24210000038147 ], [ 4250768.615499999374151, 4528922.236500000581145 ], [ 4250768.500399999320507, 4528921.624299999326468 ], [ 4250768.49970000050962, 4528921.617900000885129 ], [ 4250768.478199999779463, 4528920.96309999935329 ], [ 4250768.478399999439716, 4528920.956700000911951 ], [ 4250768.552699999883771, 4528920.330299999564886 ], [ 4250768.553899999707937, 4528920.324400000274181 ], [ 4250768.675100000575185, 4528919.927899999544024 ] ] ], [ [ [ 4246403.218599999323487, 4525561.867499999701977 ], [ 4244752.062300000339746, 4525148.480000000447035 ], [ 4243940.169299999251962, 4526273.5307 ], [ 4245440.559599999338388, 4529711.6075 ], [ 4247634.746999999508262, 4529818.161399999633431 ], [ 4246403.218599999323487, 4525561.867499999701977 ] ] ], [ [ [ 4233799.442399999126792, 4472334.304700000211596 ], [ 4231978.950200000777841, 4469514.3574 ], [ 4229226.478900000452995, 4472273.629000000655651 ], [ 4232075.987800000235438, 4474440.665400000289083 ], [ 4233799.442399999126792, 4472334.304700000211596 ] ] ], [ [ [ 4224589.578500000759959, 4471764.859400000423193 ], [ 4220823.262399999424815, 4468210.17960000038147 ], [ 4213128.097100000828505, 4470830.706800000742078 ], [ 4212182.684599999338388, 4472125.507400000467896 ], [ 4208995.931099999696016, 4476499.6195 ], [ 4212050.948599999770522, 4482216.42820000089705 ], [ 4219862.123500000685453, 4487865.263699999079108 ], [ 4226818.411000000312924, 4485107.010700000450015 ], [ 4229566.4726, 4476479.718100000172853 ], [ 4224589.578500000759959, 4471764.859400000423193 ] ] ], [ [ [ 4216816.376499999314547, 4434265.9046 ], [ 4212929.13150000013411, 4433016.255899999290705 ], [ 4214420.849600000306964, 4439020.4046 ], [ 4217653.645099999383092, 4437703.070900000631809 ], [ 4216816.376499999314547, 4434265.9046 ] ] ], [ [ [ 4214090.751700000837445, 4462934.078099999576807 ], [ 4211099.871899999678135, 4461752.627599999308586 ], [ 4207971.796599999070168, 4465900.956700000911951 ], [ 4211929.551699999719858, 4467879.704600000753999 ], [ 4214090.751700000837445, 4462934.078099999576807 ] ] ], [ [ [ 4211299.031899999827147, 4441569.642400000244379 ], [ 4207935.736600000411272, 4437457.313200000673532 ], [ 4204187.324899999424815, 4439714.49129999987781 ], [ 4204880.853000000119209, 4441772.867799999192357 ], [ 4207511.686000000685453, 4449602.71680000051856 ], [ 4211414.881799999624491, 4449595.150900000706315 ], [ 4213826.404999999329448, 4444668.3553 ], [ 4211299.031899999827147, 4441569.642400000244379 ] ] ], [ [ [ 4213178.845799999311566, 4434226.758500000461936 ], [ 4211122.134099999442697, 4430695.892799999564886 ], [ 4208959.975600000470877, 4432333.379300000146031 ], [ 4211269.522700000554323, 4435399.229399999603629 ], [ 4213178.845799999311566, 4434226.758500000461936 ] ] ], [ [ [ 4200159.972799999639392, 4458273.676300000399351 ], [ 4197829.514699999243021, 4456807.837300000712276 ], [ 4196403.630899999290705, 4459241.1108 ], [ 4200061.885700000450015, 4461590.6392 ], [ 4200851.394799999892712, 4460350.572799999266863 ], [ 4200159.972799999639392, 4458273.676300000399351 ] ] ], [ [ [ 4183532.675000000745058, 4397944.437699999660254 ], [ 4181616.912399999797344, 4395766.535299999639392 ], [ 4178963.036499999463558, 4398717.293999999761581 ], [ 4181508.364900000393391, 4400829.060699999332428 ], [ 4183532.675000000745058, 4397944.437699999660254 ] ] ], [ [ [ 4166333.065300000831485, 4420995.278200000524521 ], [ 4161941.721599999815226, 4403435.662200000137091 ], [ 4151932.728000000119209, 4404502.247700000181794 ], [ 4162450.441600000485778, 4421708.151100000366569 ], [ 4166333.065300000831485, 4420995.278200000524521 ] ] ], [ [ [ 4140682.613399999216199, 4412962.848300000652671 ], [ 4139839.332599999383092, 4407782.6425 ], [ 4136986.3542, 4408757.574500000104308 ], [ 4138829.01799999922514, 4413288.060399999842048 ], [ 4140682.613399999216199, 4412962.848300000652671 ] ] ], [ [ [ 4138967.72859999909997, 4403867.126700000837445 ], [ 4136673.520700000226498, 4401803.345200000330806 ], [ 4134252.957000000402331, 4404114.9298 ], [ 4137006.147099999710917, 4406669.433700000867248 ], [ 4138967.72859999909997, 4403867.126700000837445 ] ] ], [ [ [ 4133170.199400000274181, 4399604.881699999794364 ], [ 4131087.724199999123812, 4398639.914100000634789 ], [ 4128831.82740000076592, 4402248.374199999496341 ], [ 4131213.168400000780821, 4403876.02449999935925 ], [ 4133170.199400000274181, 4399604.881699999794364 ] ] ], [ [ [ 4127584.544800000265241, 4400520.2939 ], [ 4124733.195699999108911, 4394847.017899999395013 ], [ 4121886.017000000923872, 4396882.528300000354648 ], [ 4124402.899800000712276, 4402696.238399999216199 ], [ 4127584.544800000265241, 4400520.2939 ] ] ], [ [ [ 4127515.737600000575185, 4375409.045199999585748 ], [ 4123622.98589999973774, 4370752.681500000879169 ], [ 4119339.964299999177456, 4374196.768400000408292 ], [ 4124207.19480000063777, 4378286.9070999994874 ], [ 4127515.737600000575185, 4375409.045199999585748 ] ] ], [ [ [ 4121323.243200000375509, 4383343.2423 ], [ 4120185.778000000864267, 4383089.215900000184774 ], [ 4116922.542600000277162, 4390084.950799999758601 ], [ 4120537.625900000333786, 4392675.497199999168515 ], [ 4121323.243200000375509, 4383343.2423 ] ] ], [ [ [ 4114712.949400000274181, 4380950.313100000843406 ], [ 4112631.250800000503659, 4378597.042099999263883 ], [ 4110100.6096, 4380021.772299999371171 ], [ 4112276.770500000566244, 4383555.093299999833107 ], [ 4114712.949400000274181, 4380950.313100000843406 ] ] ], [ [ [ 4112017.181800000369549, 4350555.956700000911951 ], [ 4110790.952199999243021, 4348897.140100000426173 ], [ 4108463.088199999183416, 4352090.486500000581145 ], [ 4110644.253799999132752, 4355544.310799999162555 ], [ 4112017.181800000369549, 4350555.956700000911951 ] ] ], [ [ [ 4095116.589099999517202, 4374058.601399999111891 ], [ 4094232.830199999734759, 4368696.675000000745058 ], [ 4093046.222200000658631, 4369111.7401 ], [ 4092256.584100000560284, 4375226.658900000154972 ], [ 4095116.589099999517202, 4374058.601399999111891 ] ] ], [ [ [ 4090552.830399999395013, 4368853.849199999123812 ], [ 4088464.775299999862909, 4364748.9167 ], [ 4085199.894500000402331, 4366896.506699999794364 ], [ 4088270.625499999150634, 4370452.329199999570847 ], [ 4090552.830399999395013, 4368853.849199999123812 ] ] ], [ [ [ 4086889.063699999824166, 4357224.639799999073148 ], [ 4084526.480200000107288, 4355106.592800000682473 ], [ 4082109.800300000235438, 4357439.74970000050962 ], [ 4084929.632500000298023, 4359978.326400000602007 ], [ 4086889.063699999824166, 4357224.639799999073148 ] ] ], [ [ [ 4085834.940199999138713, 4015070.708100000396371 ], [ 4082880.143400000408292, 4011899.843000000342727 ], [ 4078980.830299999564886, 4014547.66300000064075 ], [ 4083158.77419999986887, 4017689.375800000503659 ], [ 4085834.940199999138713, 4015070.708100000396371 ] ] ], [ [ [ 4085438.707800000905991, 4023667.982799999415874 ], [ 4083006.486700000241399, 4020779.681099999696016 ], [ 4079626.205900000408292, 4023124.574799999594688 ], [ 4082904.0449, 4026098.217800000682473 ], [ 4085438.707800000905991, 4023667.982799999415874 ] ] ], [ [ [ 4081798.998800000175834, 4351208.655799999833107 ], [ 4080028.187000000849366, 4350531.564600000157952 ], [ 4077417.489, 4354163.881300000473857 ], [ 4079855.503799999132752, 4355989.383099999278784 ], [ 4081798.998800000175834, 4351208.655799999833107 ] ] ], [ [ [ 4079639.683299999684095, 4075745.818900000303984 ], [ 4078668.192800000309944, 4074582.752699999138713 ], [ 4075079.41499999910593, 4076184.27930000051856 ], [ 4075746.572599999606609, 4078462.33390000090003 ], [ 4076754.17, 4079207.657999999821186 ], [ 4079085.842499999329448, 4077533.000700000673532 ], [ 4079639.683299999684095, 4075745.818900000303984 ] ] ], [ [ [ 4076047.104699999094009, 4004968.366100000217557 ], [ 4071392.976500000804663, 4001360.371899999678135 ], [ 4068301.714199999347329, 4005440.811799999326468 ], [ 4067640.471799999475479, 4008316.617200000211596 ], [ 4070299.774700000882149, 4011370.630400000140071 ], [ 4075909.970100000500679, 4008167.7971 ], [ 4076047.104699999094009, 4004968.366100000217557 ] ] ], [ [ [ 4063613.126900000497699, 4022911.031999999657273 ], [ 4059707.315099999308586, 4014226.065099999308586 ], [ 4055751.11119999922812, 4017695.924100000411272 ], [ 4058463.714999999850988, 4026661.604499999433756 ], [ 4063613.126900000497699, 4022911.031999999657273 ] ] ], [ [ [ 4062762.032800000160933, 4282759.701400000602007 ], [ 4060838.774299999698997, 4279857.249299999326468 ], [ 4058172.522600000724196, 4282553.083000000566244 ], [ 4061274.818099999800324, 4285083.747300000861287 ], [ 4062762.032800000160933, 4282759.701400000602007 ] ] ], [ [ [ 4061204.201999999582767, 4274901.527899999171495 ], [ 4058405.465700000524521, 4272090.951899999752641 ], [ 4056419.221200000494719, 4275075.295199999585748 ], [ 4059530.8629, 4277055.373700000345707 ], [ 4061204.201999999582767, 4274901.527899999171495 ] ] ], [ [ [ 4054784.215500000864267, 4098407.937599999830127 ], [ 4054914.706599999219179, 4091255.8191 ], [ 4058785.891200000420213, 4077080.615299999713898 ], [ 4055184.226800000295043, 4076965.393500000238419 ], [ 4051748.040999999269843, 4065769.234099999070168 ], [ 4049372.21000000089407, 4063739.924599999561906 ], [ 4047996.20920000039041, 4070314.738600000739098 ], [ 4048872.158500000834465, 4081208.714999999850988 ], [ 4043572.693199999630451, 4089776.554300000891089 ], [ 4046336.998500000685453, 4096812.681500000879169 ], [ 4051654.20240000076592, 4094215.2335 ], [ 4054784.215500000864267, 4098407.937599999830127 ] ] ], [ [ [ 4058399.05210000090301, 4004748.2051 ], [ 4056889.949300000444055, 4000373.014399999752641 ], [ 4054025.592299999669194, 4002330.257400000467896 ], [ 4056413.143899999558926, 4006007.076099999248981 ], [ 4058399.05210000090301, 4004748.2051 ] ] ], [ [ [ 4057604.582900000736117, 4111713.145999999716878 ], [ 4055092.8684, 4108158.388599999248981 ], [ 4047628.968100000172853, 4109953.977299999445677 ], [ 4052055.813500000163913, 4123708.492200000211596 ], [ 4056095.410599999129772, 4122524.491699999198318 ], [ 4058169.893400000408292, 4117964.281099999323487 ], [ 4057604.582900000736117, 4111713.145999999716878 ] ] ], [ [ [ 4055137.933499999344349, 4291345.9145 ], [ 4053273.734300000593066, 4288469.724600000306964 ], [ 4050496.4221, 4291174.385500000789762 ], [ 4053249.668700000271201, 4293605.33809999935329 ], [ 4055137.933499999344349, 4291345.9145 ] ] ], [ [ [ 4054080.093699999153614, 4257229.813300000503659 ], [ 4052722.575500000268221, 4256205.715299999341369 ], [ 4048355.066600000485778, 4256638.9068 ], [ 4046467.361700000241399, 4260859.10080000013113 ], [ 4048767.9221, 4263857.228399999439716 ], [ 4053199.163699999451637, 4262524.820900000631809 ], [ 4053912.919700000435114, 4260696.55519999936223 ], [ 4054080.093699999153614, 4257229.813300000503659 ] ] ], [ [ [ 4053138.452099999412894, 4276549.5066 ], [ 4050958.604699999094009, 4275071.154899999499321 ], [ 4048974.514399999752641, 4279040.956199999898672 ], [ 4050841.590900000184774, 4280889.38910000026226 ], [ 4053138.452099999412894, 4276549.5066 ] ] ], [ [ [ 4050198.503599999472499, 4295936.979499999433756 ], [ 4048047.21030000038445, 4293804.170299999415874 ], [ 4045826.426999999210238, 4297314.954900000244379 ], [ 4048835.560699999332428, 4299533.598899999633431 ], [ 4050198.503599999472499, 4295936.979499999433756 ] ] ], [ [ [ 4048665.1086, 4285421.530799999833107 ], [ 4045168.168999999761581, 4284016.02140000090003 ], [ 4043610.119699999690056, 4293390.267300000414252 ], [ 4047737.6568, 4291374.207599999383092 ], [ 4048665.1086, 4285421.530799999833107 ] ] ], [ [ [ 4047952.311599999666214, 4114136.817600000649691 ], [ 4045526.386499999091029, 4112753.336300000548363 ], [ 4043795.790999999269843, 4116470.754699999466538 ], [ 4046667.144300000742078, 4118138.028300000354648 ], [ 4047952.311599999666214, 4114136.817600000649691 ] ] ], [ [ [ 4047258.033299999311566, 4041874.157999999821186 ], [ 4046250.417700000107288, 4038486.391699999570847 ], [ 4042947.362199999392033, 4040160.761600000783801 ], [ 4045960.592499999329448, 4044297.738600000739098 ], [ 4047258.033299999311566, 4041874.157999999821186 ] ] ], [ [ [ 4046507.920499999076128, 4260950.723500000312924 ], [ 4044179.8465, 4257270.68099999986589 ], [ 4041736.089400000870228, 4258987.81900000013411 ], [ 4044332.346200000494719, 4262375.654200000688434 ], [ 4046507.920499999076128, 4260950.723500000312924 ] ] ], [ [ [ 4043702.040699999779463, 4245159.370100000873208 ], [ 4041373.53800000064075, 4242132.159800000488758 ], [ 4039980.281600000336766, 4243389.259800000116229 ], [ 4040706.280500000342727, 4245136.997099999338388 ], [ 4042467.092399999499321, 4246185.565899999812245 ], [ 4043702.040699999779463, 4245159.370100000873208 ] ] ], [ [ [ 4041883.919600000604987, 4258119.380300000309944 ], [ 4037390.102099999785423, 4251429.562899999320507 ], [ 4034656.396999999880791, 4254864.296 ], [ 4038785.8816, 4259595.914899999275804 ], [ 4041883.919600000604987, 4258119.380300000309944 ] ] ], [ [ [ 4040595.856300000101328, 4169396.11600000038743 ], [ 4040029.069199999794364, 4165333.313200000673532 ], [ 4036786.374099999666214, 4165702.644899999722838 ], [ 4036723.583200000226498, 4173507.756400000303984 ], [ 4033642.99239999987185, 4177945.429700000211596 ], [ 4036030.508899999782443, 4183743.076899999752641 ], [ 4037407.498199999332428, 4182532.635199999436736 ], [ 4040595.856300000101328, 4169396.11600000038743 ] ] ], [ [ [ 4039921.357799999415874, 4198388.105399999767542 ], [ 4037742.293299999088049, 4197636.322799999266863 ], [ 4035600.791300000622869, 4201385.683199999853969 ], [ 4038574.529799999669194, 4202723.198000000789762 ], [ 4039921.357799999415874, 4198388.105399999767542 ] ] ], [ [ [ 4039915.829900000244379, 4242996.482999999076128 ], [ 4037822.299900000914931, 4241470.44510000012815 ], [ 4036461.882999999448657, 4245950.829800000414252 ], [ 4039428.401200000196695, 4247093.903899999335408 ], [ 4039915.829900000244379, 4242996.482999999076128 ] ] ], [ [ [ 4035151.4507, 4221803.341299999505281 ], [ 4031772.07660000026226, 4220537.730699999257922 ], [ 4030541.909399999305606, 4228512.845799999311566 ], [ 4034782.658900000154972, 4235334.263299999758601 ], [ 4037156.157199999317527, 4235342.770600000396371 ], [ 4035070.824799999594688, 4230394.734099999070168 ], [ 4035151.4507, 4221803.341299999505281 ] ] ], [ [ [ 4035238.896999999880791, 4195849.592199999839067 ], [ 4032764.16950000077486, 4193458.036599999293685 ], [ 4030345.668999999761581, 4195955.821000000461936 ], [ 4033501.026499999687076, 4198449.802799999713898 ], [ 4035238.896999999880791, 4195849.592199999839067 ] ] ], [ [ [ 4033026.593299999833107, 4183035.098099999129772 ], [ 4030598.625900000333786, 4182326.394600000232458 ], [ 4032350.6081000007689, 4189000.9901 ], [ 4033878.534399999305606, 4189736.162599999457598 ], [ 4033026.593299999833107, 4183035.098099999129772 ] ] ], [ [ [ 4032016.477900000289083, 4033420.013900000602007 ], [ 4029235.6831, 4030622.609899999573827 ], [ 4027443.314500000327826, 4032951.695800000801682 ], [ 4030110.53690000064671, 4036311.189200000837445 ], [ 4032016.477900000289083, 4033420.013900000602007 ] ] ] ] } },
{ "type": "Feature", "properties": { "CNTR_ID": "PL", "CNTR_NAME": "Polska", "NAME_ENGL": "Poland", "NAME_FREN": "Pologne", "ISO3_CODE": "POL", "SVRG_UN": "UN Member State", "CAPT": "Warsaw", "EU_STAT": "T", "EFTA_STAT": "F", "CC_STAT": "F", "NAME_GERM": "Polen" }, "geometry": { "type": "Polygon", "coordinates": [ [ [ 4922206.6261, 3502100.945299999788404 ], [ 4931739.837600000202656, 3502207.7314 ], [ 4947342.519099999219179, 3514241.472400000318885 ], [ 4954971.505200000479817, 3524868.3914 ], [ 4967690.523900000378489, 3524765.61849999986589 ], [ 4974985.379499999806285, 3524984.978499999269843 ], [ 4988349.500800000503659, 3525035.280500000342727 ], [ 5069607.526900000870228, 3528478.289799999445677 ], [ 5078649.113500000908971, 3530483.320000000298023 ], [ 5147698.658800000324845, 3546425.222100000828505 ], [ 5150529.4835, 3551283.634700000286102 ], [ 5160691.155200000852346, 3551079.0559 ], [ 5166337.452600000426173, 3543663.29590000025928 ], [ 5183759.576099999248981, 3540551.729399999603629 ], [ 5192498.585799999535084, 3533917.16609999909997 ], [ 5196189.581199999898672, 3531124.5461 ], [ 5200741.121999999508262, 3521924.9825 ], [ 5200025.160199999809265, 3514560.754799999296665 ], [ 5202339.414799999445677, 3510354.467000000178814 ], [ 5212596.741900000721216, 3482699.734400000423193 ], [ 5217936.950999999418855, 3472464.040899999439716 ], [ 5236488.997300000861287, 3437126.177699999883771 ], [ 5244649.879899999126792, 3427961.25650000013411 ], [ 5244664.230599999427795, 3419448.716900000348687 ], [ 5250481.177300000563264, 3408684.4605 ], [ 5250770.055099999532104, 3400141.389000000432134 ], [ 5254984.298800000920892, 3386551.868899999186397 ], [ 5254928.297499999403954, 3378497.712200000882149 ], [ 5248649.620999999344349, 3369369.328199999406934 ], [ 5233961.936000000685453, 3360408.012399999424815 ], [ 5226619.778599999845028, 3352087.202600000426173 ], [ 5214675.119999999180436, 3322728.008400000631809 ], [ 5218400.347500000149012, 3317205.715500000864267 ], [ 5233867.522199999541044, 3314890.905500000342727 ], [ 5236499.151399999856949, 3314502.163200000301003 ], [ 5250501.877900000661612, 3305380.995300000533462 ], [ 5254035.4222, 3296951.254599999636412 ], [ 5251845.731200000271201, 3289034.985999999567866 ], [ 5252424.763399999588728, 3280690.5461 ], [ 5255132.648900000378489, 3274887.702299999073148 ], [ 5250198.060599999502301, 3267474.260900000110269 ], [ 5253324.548599999397993, 3252674.010199999436736 ], [ 5260075.669800000265241, 3243410.152899999171495 ], [ 5267124.663499999791384, 3234078.535700000822544 ], [ 5266296.043199999257922, 3221368.257999999448657 ], [ 5271027.49070000089705, 3219227.008899999782443 ], [ 5271129.054999999701977, 3219181.112199999392033 ], [ 5283795.845200000330806, 3206268.815999999642372 ], [ 5290809.448100000619888, 3195903.990299999713898 ], [ 5296530.1908, 3187475.903300000354648 ], [ 5306174.868300000205636, 3180681.118200000375509 ], [ 5300323.394999999552965, 3169999.066099999472499 ], [ 5311296.868699999526143, 3154204.62360000051558 ], [ 5312360.660299999639392, 3144888.559900000691414 ], [ 5309404.003200000151992, 3129454.122999999672174 ], [ 5290801.077600000426173, 3121131.798900000751019 ], [ 5287449.348999999463558, 3115466.778999999165535 ], [ 5280978.569199999794364, 3104580.374299999326468 ], [ 5275836.272399999201298, 3097325.963400000706315 ], [ 5265187.924000000581145, 3082396.815400000661612 ], [ 5242416.180800000205636, 3036703.103199999779463 ], [ 5233492.5778, 3019106.497600000351667 ], [ 5231872.0581, 3013318.276200000196695 ], [ 5236164.080900000408292, 3009006.482999999076128 ], [ 5241509.047499999403954, 2996852.319700000807643 ], [ 5243825.81110000051558, 2976536.021600000560284 ], [ 5256238.752100000157952, 2968934.616900000721216 ], [ 5257269.786800000816584, 2958761.813400000333786 ], [ 5234032.685900000855327, 2964367.435699999332428 ], [ 5223933.352800000458956, 2964387.986500000581145 ], [ 5194999.497099999338388, 2972220.958399999886751 ], [ 5186279.57149999961257, 2984529.291500000283122 ], [ 5177133.171900000423193, 2988107.46000000089407 ], [ 5172465.216099999845028, 2985628.88880000077188 ], [ 5166338.378699999302626, 2988743.434399999678135 ], [ 5160399.8618, 2991772.198100000619888 ], [ 5148712.4035, 2987243.628200000151992 ], [ 5144084.437400000169873, 2988537.186599999666214 ], [ 5135925.043099999427795, 2989720.416600000113249 ], [ 5130471.398499999195337, 2983255.899000000208616 ], [ 5121507.771999999880791, 2984168.567500000819564 ], [ 5120405.760600000619888, 2982264.915200000628829 ], [ 5122926.556099999696016, 2978752.5767 ], [ 5113711.007200000807643, 2969082.582499999552965 ], [ 5104272.830399999395013, 2972442.492799999192357 ], [ 5096219.484400000423193, 2979148.924900000914931 ], [ 5088278.357599999755621, 2978299.360999999567866 ], [ 5085302.04839999973774, 2973902.770899999886751 ], [ 5076827.149299999698997, 2976280.42850000038743 ], [ 5069784.040899999439716, 2973379.240900000557303 ], [ 5067566.26490000076592, 2968316.012700000777841 ], [ 5059199.391699999570847, 2965195.12639999948442 ], [ 5055631.905200000852346, 2960345.999900000169873 ], [ 5053268.206599999219179, 2947401.943099999800324 ], [ 5044308.139599999412894, 2950999.518200000748038 ], [ 5038951.098300000652671, 2947340.455199999734759 ], [ 5030599.8958, 2947472.666200000792742 ], [ 5032584.94789999909699, 2954921.751900000497699 ], [ 5029148.516000000759959, 2968082.296499999240041 ], [ 5018863.700099999085069, 2967906.694499999284744 ], [ 5003133.924499999731779, 2988592.03830000013113 ], [ 4995995.470499999821186, 2979453.17369999922812 ], [ 4988988.361999999731779, 2976459.093399999663234 ], [ 4984169.394500000402331, 2963426.863399999216199 ], [ 4972259.900299999862909, 2960418.976700000464916 ], [ 4968178.436599999666214, 2971897.023900000378489 ], [ 4960290.235400000587106, 2972378.404799999669194 ], [ 4954724.46309999935329, 2988800.742200000211596 ], [ 4941293.965199999511242, 2994238.481899999082088 ], [ 4936736.145999999716878, 3004191.45160000026226 ], [ 4935450.217499999329448, 3013499.737600000575185 ], [ 4922474.5976, 3015189.781600000336766 ], [ 4916484.873199999332428, 3012883.768300000578165 ], [ 4907902.434000000357628, 3019091.706800000742078 ], [ 4902497.18129999935627, 3019404.742000000551343 ], [ 4895030.49239999987185, 3026304.292400000616908 ], [ 4893809.311899999156594, 3024089.927899999544024 ], [ 4895560.360999999567866, 3020129.26549999974668 ], [ 4884571.641799999400973, 3015175.980799999088049 ], [ 4877518.0428, 3020008.121200000867248 ], [ 4872595.902799999341369, 3027395.349700000137091 ], [ 4865418.614800000563264, 3030191.70409999974072 ], [ 4864132.156700000166893, 3034499.99269999936223 ], [ 4873415.157999999821186, 3041249.439400000497699 ], [ 4871408.458000000566244, 3049722.06279999949038 ], [ 4869128.146999999880791, 3051566.9221 ], [ 4863226.627299999818206, 3045933.013299999758601 ], [ 4849853.556199999526143, 3042644.7588 ], [ 4831565.333799999207258, 3054924.053300000727177 ], [ 4810829.466499999165535, 3060614.496600000187755 ], [ 4808762.379699999466538, 3055879.350400000810623 ], [ 4819392.2369, 3043725.805600000545382 ], [ 4820802.241599999368191, 3037210.827299999073148 ], [ 4810262.344200000166893, 3032463.493200000375509 ], [ 4799999.259199999272823, 3020846.45240000076592 ], [ 4790698.880400000140071, 3024479.438799999654293 ], [ 4787663.635800000280142, 3032960.898700000718236 ], [ 4779522.458000000566244, 3042049.152200000360608 ], [ 4761804.869400000199676, 3053746.612800000235438 ], [ 4773047.384199999272823, 3065098.134700000286102 ], [ 4775412.768899999558926, 3074019.41469999961555 ], [ 4768601.825799999758601, 3079373.905799999833107 ], [ 4761963.615499999374151, 3080291.479100000113249 ], [ 4758409.334300000220537, 3076380.911599999293685 ], [ 4752267.586799999698997, 3079151.394799999892712 ], [ 4746714.557499999180436, 3073015.184000000357628 ], [ 4743203.80350000038743, 3080641.79700000025332 ], [ 4735377.154899999499321, 3079518.204900000244379 ], [ 4730547.283500000834465, 3086938.354599999263883 ], [ 4710986.8618, 3088955.848899999633431 ], [ 4705214.01380000077188, 3091019.935100000351667 ], [ 4700298.545, 3088626.0779 ], [ 4692200.4375, 3101245.335899999365211 ], [ 4691113.208000000566244, 3108404.52559999935329 ], [ 4683158.138900000602007, 3112571.316299999132752 ], [ 4672378.557700000703335, 3112474.682 ], [ 4670498.414000000804663, 3109953.325400000438094 ], [ 4672619.3947, 3106121.604000000283122 ], [ 4671905.127399999648333, 3096577.286399999633431 ], [ 4660255.7804000005126, 3095529.128799999132752 ], [ 4665081.863199999555945, 3104877.095899999141693 ], [ 4670483.538599999621511, 3125154.834699999541044 ], [ 4671455.093800000846386, 3142084.816299999132752 ], [ 4667129.4057, 3151023.328299999237061 ], [ 4664787.287900000810623, 3161932.217499999329448 ], [ 4649599.488199999555945, 3168599.135199999436736 ], [ 4648590.5456000007689, 3174085.800300000235438 ], [ 4650220.520300000905991, 3177602.8432 ], [ 4649275.21169999986887, 3183695.969100000336766 ], [ 4637858.000800000503659, 3201145.6404 ], [ 4644160.890000000596046, 3211195.142400000244379 ], [ 4644664.842599999159575, 3220609.5822 ], [ 4646793.998299999162555, 3228432.927999999374151 ], [ 4641588.7653, 3234340.8904 ], [ 4641905.964999999850988, 3247389.467700000852346 ], [ 4634821.926699999719858, 3250189.340500000864267 ], [ 4630207.82120000012219, 3261642.760299999266863 ], [ 4629435.825200000777841, 3263563.680299999192357 ], [ 4634756.585799999535084, 3274234.475199999287724 ], [ 4634404.694599999114871, 3284037.793199999257922 ], [ 4629911.42090000025928, 3289187.688999999314547 ], [ 4620842.034099999815226, 3294804.271299999207258 ], [ 4614369.950999999418855, 3302223.8289 ], [ 4600083.088899999856949, 3310511.925799999386072 ], [ 4600578.170499999076128, 3317654.9342 ], [ 4599281.977099999785423, 3324914.306399999186397 ], [ 4612015.377800000831485, 3336022.525900000706315 ], [ 4613549.120799999684095, 3350427.682900000363588 ], [ 4617235.860999999567866, 3358661.839400000870228 ], [ 4614776.19539999961853, 3366892.33390000090003 ], [ 4606028.120699999853969, 3396165.10950000025332 ], [ 4602741.692800000309944, 3407236.744300000369549 ], [ 4605617.395700000226498, 3411122.273900000378489 ], [ 4619390.913799999281764, 3403937.191600000485778 ], [ 4624428.387599999085069, 3398220.254899999126792 ], [ 4625481.374099999666214, 3402768.076999999582767 ], [ 4620891.272299999371171, 3409619.6009 ], [ 4624429.18610000051558, 3419195.618599999696016 ], [ 4620583.248999999836087, 3425563.765100000426173 ], [ 4610591.103499999269843, 3428611.871099999174476 ], [ 4608848.004000000655651, 3427609.9825 ], [ 4609741.131999999284744, 3423638.1393 ], [ 4606433.031700000166893, 3421363.415100000798702 ], [ 4598645.5307, 3425493.590099999681115 ], [ 4598024.356799999251962, 3425758.643899999558926 ], [ 4598483.273700000718236, 3432717.975199999287724 ], [ 4609472.9551, 3432431.140699999406934 ], [ 4630141.396800000220537, 3444087.5877 ], [ 4631398.028699999675155, 3440695.530200000852346 ], [ 4628376.039599999785423, 3435497.167099999263883 ], [ 4633380.690400000661612, 3433711.059499999508262 ], [ 4633313.117000000551343, 3441218.374099999666214 ], [ 4637739.040300000458956, 3447689.007099999114871 ], [ 4672676.442500000819564, 3463349.63399999961257 ], [ 4717836.42, 3479886.26490000076592 ], [ 4729077.946699999272823, 3491116.394300000742078 ], [ 4742421.241800000891089, 3510871.88370000012219 ], [ 4753691.124500000849366, 3515984.8947 ], [ 4766373.386299999430776, 3520227.496600000187755 ], [ 4787372.418800000101328, 3537323.199500000104308 ], [ 4813353.057199999690056, 3545894.537699999287724 ], [ 4829761.893699999898672, 3552537.105599999427795 ], [ 4854497.594200000166893, 3555940.570000000298023 ], [ 4860958.0636, 3551972.754699999466538 ], [ 4861280.238800000399351, 3545498.921399999409914 ], [ 4865648.949300000444055, 3541142.042300000786781 ], [ 4866928.7467, 3534980.885500000789762 ], [ 4871927.040899999439716, 3530224.7237 ], [ 4875468.616900000721216, 3516647.5976 ], [ 4879085.35329999960959, 3512794.536000000312924 ], [ 4889389.895300000905991, 3508170.500199999660254 ], [ 4901276.735999999567866, 3508415.454800000414252 ], [ 4918076.492900000885129, 3509871.031999999657273 ], [ 4922206.6261, 3502100.945299999788404 ] ] ] } },
{ "type": "Feature", "properties": { "CNTR_ID": "PT", "CNTR_NAME": "Portugal", "NAME_ENGL": "Portugal", "NAME_FREN": "Portugal", "ISO3_CODE": "PRT", "SVRG_UN": "UN Member State", "CAPT": "Lisbon", "EU_STAT": "T", "EFTA_STAT": "F", "CC_STAT": "F", "NAME_GERM": "Portugal" }, "geometry": { "type": "MultiPolygon", "coordinates": [ [ [ [ 2822454.8575, 2273016.209499999880791 ], [ 2822605.506999999284744, 2261163.056199999526143 ], [ 2831796.067399999126792, 2259162.063400000333786 ], [ 2846576.508600000292063, 2266832.055700000375509 ], [ 2846682.710699999704957, 2260068.069700000807643 ], [ 2861621.747500000521541, 2261312.6402000002563 ], [ 2868323.456299999728799, 2256333.357699999585748 ], [ 2868734.958100000396371, 2251816.685200000181794 ], [ 2879904.739299999549985, 2252365.844000000506639 ], [ 2882963.9858, 2246549.156099999323487 ], [ 2901984.577600000426173, 2249097.117200000211596 ], [ 2907132.605599999427795, 2259189.533299999311566 ], [ 2915346.848500000312924, 2253914.8278 ], [ 2921462.815400000661612, 2255028.644300000742078 ], [ 2927880.933199999853969, 2250182.023399999365211 ], [ 2933153.184499999508262, 2249731.893100000917912 ], [ 2937147.9243, 2253188.806900000199676 ], [ 2942463.14949999935925, 2246404.633600000292063 ], [ 2954169.143100000917912, 2245688.347300000488758 ], [ 2953981.266000000759959, 2238128.456599999219179 ], [ 2956318.467000000178814, 2234913.75899999961257 ], [ 2951372.597999999299645, 2222741.6919 ], [ 2951163.156300000846386, 2215358.217800000682473 ], [ 2968308.49070000089705, 2209916.571100000292063 ], [ 2971978.253100000321865, 2204783.927799999713898 ], [ 2976257.527699999511242, 2198814.017799999564886 ], [ 2961834.485500000417233, 2179952.932099999859929 ], [ 2947304.8597, 2172124.776499999687076 ], [ 2928114.714500000700355, 2166294.607200000435114 ], [ 2914913.015000000596046, 2151481.252499999478459 ], [ 2904457.82909999974072, 2151662.9189 ], [ 2910617.243300000205636, 2130909.368200000375509 ], [ 2906782.308199999853969, 2119986.645199999213219 ], [ 2906798.50789999961853, 2109284.509500000625849 ], [ 2901902.221400000154972, 2101092.793400000780821 ], [ 2903517.655999999493361, 2093819.8902000002563 ], [ 2898438.075899999588728, 2086282.1085 ], [ 2900926.937699999660254, 2075820.45299999974668 ], [ 2892686.520899999886751, 2068076.527300000190735 ], [ 2885229.63539999909699, 2068270.8289 ], [ 2879121.575999999418855, 2064835.111999999731779 ], [ 2877325.457900000736117, 2058478.320800000801682 ], [ 2882679.187000000849366, 2051252.390599999576807 ], [ 2886014.760700000450015, 2039421.1689 ], [ 2879881.917300000786781, 2025582.9452 ], [ 2873185.996600000187755, 2020341.4945 ], [ 2867272.86089999973774, 2007439.7928 ], [ 2863136.591, 2005526.816099999472499 ], [ 2838244.2369, 2009319.974999999627471 ], [ 2822322.8728, 2015254.892699999734759 ], [ 2824840.373199999332428, 2006381.225400000810623 ], [ 2837273.898399999365211, 1988594.917500000447035 ], [ 2834557.993000000715256, 1977223.947200000286102 ], [ 2839691.309000000357628, 1967475.031999999657273 ], [ 2837725.114, 1960629.992599999532104 ], [ 2844237.306099999696016, 1954121.098799999803305 ], [ 2844308.323200000450015, 1947309.29079999960959 ], [ 2850951.714800000190735, 1946546.877100000157952 ], [ 2856049.407999999821186, 1942020.365399999544024 ], [ 2856979.978199999779463, 1934876.1108 ], [ 2845201.869699999690056, 1918576.731200000271201 ], [ 2830219.094000000506639, 1909755.101800000295043 ], [ 2824361.302200000733137, 1905997.095100000500679 ], [ 2822729.356699999421835, 1896089.985200000926852 ], [ 2816323.980900000780821, 1887416.375199999660254 ], [ 2814449.441400000825524, 1878973.791799999773502 ], [ 2825810.809000000357628, 1846890.88539999909699 ], [ 2830148.419099999591708, 1844920.032999999821186 ], [ 2841367.736099999397993, 1845643.448999999091029 ], [ 2831155.7017, 1828254.093100000172853 ], [ 2826585.926300000399351, 1827396.449100000783801 ], [ 2822545.095000000670552, 1830326.213500000536442 ], [ 2808963.762199999764562, 1827090.773299999535084 ], [ 2802738.82289999909699, 1815140.016799999400973 ], [ 2789387.784600000828505, 1804875.041799999773502 ], [ 2778429.517100000753999, 1790556.508199999108911 ], [ 2776212.429300000891089, 1783297.520199999213219 ], [ 2778880.86629999987781, 1771821.157999999821186 ], [ 2777974.254899999126792, 1743031.800100000575185 ], [ 2777993.286100000143051, 1742979.825200000777841 ], [ 2762809.066199999302626, 1743132.359899999573827 ], [ 2729645.94400000013411, 1732925.489499999210238 ], [ 2708733.011499999091029, 1749120.336100000888109 ], [ 2672945.9496, 1761743.17339999973774 ], [ 2640602.059699999168515, 1758973.218499999493361 ], [ 2640266.048900000751019, 1765663.96199999935925 ], [ 2663470.619100000709295, 1801233.066400000825524 ], [ 2673522.581299999728799, 1845971.673000000417233 ], [ 2673526.4189, 1852888.293800000101328 ], [ 2669471.176599999889731, 1859400.812599999830127 ], [ 2682692.692199999466538, 1881176.894500000402331 ], [ 2686532.002900000661612, 1903394.5493 ], [ 2695743.699400000274181, 1905475.567399999126792 ], [ 2694648.401499999687076, 1915723.282999999821186 ], [ 2692595.289200000464916, 1918587.527899999171495 ], [ 2687879.704900000244379, 1914746.394600000232458 ], [ 2681453.170800000429153, 1918765.403400000184774 ], [ 2666012.266699999570847, 1914611.495899999514222 ], [ 2652103.64159999974072, 1915871.915400000289083 ], [ 2656888.654999999329448, 1927906.153599999845028 ], [ 2655133.888599999248981, 1942984.1842 ], [ 2662817.858899999409914, 1942998.391200000420213 ], [ 2667128.435699999332428, 1937505.3575 ], [ 2674524.9803, 1939599.0899 ], [ 2674957.7215, 1944329.220300000160933 ], [ 2684525.77280000038445, 1946039.578700000420213 ], [ 2682552.081800000742078, 1954439.321399999782443 ], [ 2678855.541600000113249, 1961005.309499999508262 ], [ 2663190.876800000667572, 1945561.382500000298023 ], [ 2649168.424699999392033, 1946635.714700000360608 ], [ 2638492.283700000494719, 1952043.312300000339746 ], [ 2637951.141000000759959, 1961502.837400000542402 ], [ 2646838.57909999974072, 1976059.374399999156594 ], [ 2650552.499600000679493, 1988707.540899999439716 ], [ 2661236.940300000831485, 2005834.234300000593066 ], [ 2663398.411100000143051, 2019862.784099999815226 ], [ 2689830.799000000581145, 2036704.496200000867248 ], [ 2699298.298000000417233, 2054638.762800000607967 ], [ 2718974.6524, 2084386.803099999204278 ], [ 2723183.606899999082088, 2092941.184000000357628 ], [ 2722532.956199999898672, 2101512.5033 ], [ 2740001.586799999698997, 2133369.394999999552965 ], [ 2750391.50789999961853, 2147675.1831 ], [ 2749196.529999999329448, 2153098.74379999935627 ], [ 2753322.880400000140071, 2156548.4002 ], [ 2761835.546900000423193, 2178695.012800000607967 ], [ 2764675.758899999782443, 2196042.112700000405312 ], [ 2762393.215500000864267, 2228486.10329999960959 ], [ 2764565.496899999678135, 2236104.0636 ], [ 2765263.288899999111891, 2251928.613399999216199 ], [ 2765041.021999999880791, 2254084.321699999272823 ], [ 2763633.131999999284744, 2267864.116800000891089 ], [ 2766861.7281, 2280457.8224 ], [ 2767741.0921, 2281168.115000000223517 ], [ 2783575.53969999961555, 2290488.55379999987781 ], [ 2791245.1097, 2295024.8344 ], [ 2810642.894099999219179, 2294247.096899999305606 ], [ 2815375.465700000524521, 2294066.711799999698997 ], [ 2828168.731899999082088, 2298249.042500000447035 ], [ 2828324.829500000923872, 2289839.482100000604987 ], [ 2833303.302899999544024, 2284565.1009 ], [ 2828315.295700000599027, 2279249.636499999091029 ], [ 2822454.8575, 2273016.209499999880791 ] ] ], [ [ [ 1887946.130699999630451, 1535700.922499999403954 ], [ 1883029.230799999088049, 1533115.572599999606609 ], [ 1877862.2653, 1537157.99970000050962 ], [ 1883745.962300000712276, 1538681.417099999263883 ], [ 1887946.130699999630451, 1535700.922499999403954 ] ] ], [ [ [ 1799920.988199999555945, 1541576.038899999111891 ], [ 1808960.273700000718236, 1531892.2752 ], [ 1823332.161299999803305, 1529024.761900000274181 ], [ 1835179.063999999314547, 1512835.496200000867248 ], [ 1824852.049200000241399, 1506254.939099999144673 ], [ 1812486.3498, 1509632.621999999508262 ], [ 1793940.957900000736117, 1527748.233300000429153 ], [ 1790702.392899999395013, 1538724.841399999335408 ], [ 1799920.988199999555945, 1541576.038899999111891 ] ] ], [ [ [ 1819495.937300000339746, 1203822.825099999085069 ], [ 1815684.06279999949038, 1201938.802400000393391 ], [ 1813114.484099999070168, 1206713.792300000786781 ], [ 1817264.677500000223517, 1207982.953500000759959 ], [ 1819495.937300000339746, 1203822.825099999085069 ] ] ], [ [ [ 1280764.603399999439716, 2381249.099199999123812 ], [ 1292642.331199999898672, 2363915.898199999704957 ], [ 1321685.433000000193715, 2354196.926699999719858 ], [ 1327542.152499999850988, 2349672.11460000090301 ], [ 1326924.313100000843406, 2343993.998700000345707 ], [ 1319993.587099999189377, 2339898.84940000064671 ], [ 1293883.778599999845028, 2350013.706199999898672 ], [ 1288550.582599999383092, 2356860.21030000038445 ], [ 1279347.683499999344349, 2361413.565400000661612 ], [ 1273514.973899999633431, 2374417.035499999299645 ], [ 1273272.502599999308586, 2379419.943099999800324 ], [ 1280764.603399999439716, 2381249.099199999123812 ] ] ], [ [ [ 1297845.537699999287724, 2260755.64919999986887 ], [ 1298749.106499999761581, 2250523.32660000026226 ], [ 1286935.926999999210238, 2257005.997999999672174 ], [ 1285480.211899999529123, 2263601.467399999499321 ], [ 1297845.537699999287724, 2260755.64919999986887 ] ] ], [ [ [ 1221715.905500000342727, 2513562.791999999433756 ], [ 1215508.098200000822544, 2509579.416400000452995 ], [ 1201746.168299999088049, 2517961.595100000500679 ], [ 1197252.3607, 2525325.5176 ], [ 1197633.681399999186397, 2532647.347400000318885 ], [ 1206015.125600000843406, 2534639.6349 ], [ 1220409.925899999216199, 2524901.412000000476837 ], [ 1222991.395199999213219, 2519910.423800000920892 ], [ 1221715.905500000342727, 2513562.791999999433756 ] ] ], [ [ [ 1168985.871400000527501, 2584723.182 ], [ 1162974.508600000292063, 2586248.86769999936223 ], [ 1159493.7204, 2594382.51039999909699 ], [ 1167764.230499999597669, 2592400.998700000345707 ], [ 1168985.871400000527501, 2584723.182 ] ] ], [ [ [ 1146271.969499999657273, 2555285.604399999603629 ], [ 1150986.529100000858307, 2537698.727099999785423 ], [ 1137570.6151, 2546783.76490000076592 ], [ 1130467.091900000348687, 2562848.724099999293685 ], [ 1146271.969499999657273, 2555285.604399999603629 ] ] ], [ [ [ 1124452.644300000742078, 2530678.0197 ], [ 1117132.315099999308586, 2530899.997999999672174 ], [ 1103841.112700000405312, 2541720.607200000435114 ], [ 1097118.197300000116229, 2551929.551100000739098 ], [ 1095184.0472, 2561808.302699999883771 ], [ 1103490.084000000730157, 2562048.497099999338388 ], [ 1112316.809100000187755, 2556977.845599999651313 ], [ 1124452.644300000742078, 2530678.0197 ] ] ], [ [ [ 1098491.095100000500679, 2564397.58 ], [ 1087947.104399999603629, 2563969.694399999454618 ], [ 1081018.652300000190735, 2578052.362299999222159 ], [ 1095305.466099999845028, 2576971.382200000807643 ], [ 1098491.095100000500679, 2564397.58 ] ] ], [ [ [ 972686.498099999502301, 2788005.573699999600649 ], [ 969013.674799999222159, 2787288.550200000405312 ], [ 969075.637000000104308, 2792124.333200000226498 ], [ 973598.036699999123812, 2792700.397900000214577 ], [ 972686.498099999502301, 2788005.573699999600649 ] ] ], [ [ [ 951761.268500000238419, 2761863.081800000742078 ], [ 947015.958399999886751, 2761668.511099999770522 ], [ 943897.804999999701977, 2765122.589299999177456 ], [ 946103.413599999621511, 2773317.573599999770522 ], [ 954081.551599999889731, 2778125.133300000801682 ], [ 957104.241499999538064, 2767027.134999999776483 ], [ 951761.268500000238419, 2761863.081800000742078 ] ] ] ] } },
{ "type": "Feature", "properties": { "CNTR_ID": "RO", "CNTR_NAME": "România", "NAME_ENGL": "Romania", "NAME_FREN": "Roumanie", "ISO3_CODE": "ROU", "SVRG_UN": "UN Member State", "CAPT": "Bucharest", "EU_STAT": "T", "EFTA_STAT": "F", "CC_STAT": "F", "NAME_GERM": "Rumänien" }, "geometry": { "type": "Polygon", "coordinates": [ [ [ 5568130.852399999275804, 2929969.271500000730157 ], [ 5571931.715199999511242, 2924727.555099999532104 ], [ 5576111.298900000751019, 2926147.732200000435114 ], [ 5577940.024599999189377, 2920843.750099999830127 ], [ 5591515.879000000655651, 2907565.583499999716878 ], [ 5596112.886700000613928, 2898794.317700000479817 ], [ 5604125.195800000801682, 2889324.669700000435114 ], [ 5604978.979299999773502, 2883119.533700000494719 ], [ 5616141.552699999883771, 2872864.260900000110269 ], [ 5616994.101399999111891, 2872493.989399999380112 ], [ 5625190.457699999213219, 2864029.626299999654293 ], [ 5631015.4298, 2862676.52449999935925 ], [ 5635597.365299999713898, 2853083.42369999922812 ], [ 5641066.728199999779463, 2846916.467599999159575 ], [ 5648850.428899999707937, 2845604.252900000661612 ], [ 5658142.355699999257922, 2831704.915100000798702 ], [ 5677737.036100000143051, 2823630.864900000393391 ], [ 5685898.05629999935627, 2813514.045499999076128 ], [ 5688044.493200000375509, 2804422.723999999463558 ], [ 5703279.221400000154972, 2784933.932600000873208 ], [ 5703842.704199999570847, 2774436.285399999469519 ], [ 5708933.453099999576807, 2764159.90059999935329 ], [ 5709008.261800000444055, 2758027.444299999624491 ], [ 5704259.232799999415874, 2738934.921700000762939 ], [ 5707440.478399999439716, 2725187.351299999281764 ], [ 5707991.324799999594688, 2725051.958399999886751 ], [ 5708357.706900000572205, 2713461.424799999222159 ], [ 5713456.560499999672174, 2703235.122199999168515 ], [ 5715093.55519999936223, 2693191.64949999935925 ], [ 5722975.453500000759959, 2677828.490900000557303 ], [ 5719429.9551, 2670337.614299999549985 ], [ 5731142.541899999603629, 2657534.991900000721216 ], [ 5736345.885600000619888, 2655962.090500000864267 ], [ 5745777.462099999189377, 2644516.492799999192357 ], [ 5774739.705600000917912, 2641160.9189 ], [ 5779380.448799999430776, 2643668.170499999076128 ], [ 5779688.697499999776483, 2654175.138000000268221 ], [ 5790751.5320999994874, 2652367.008899999782443 ], [ 5808945.359400000423193, 2672975.856599999591708 ], [ 5822110.7884, 2677829.412100000306964 ], [ 5833861.644999999552965, 2677391.996500000357628 ], [ 5839506.903400000184774, 2674821.979499999433756 ], [ 5845212.408800000324845, 2669588.136 ], [ 5846921.67200000025332, 2665559.667500000447035 ], [ 5846739.698000000789762, 2662216.140900000929832 ], [ 5848989.462500000372529, 2658978.612999999895692 ], [ 5846730.3081, 2656508.848500000312924 ], [ 5850906.029400000348687, 2650610.3256 ], [ 5853050.895300000905991, 2616969.582499999552965 ], [ 5839172.044299999251962, 2610328.980399999767542 ], [ 5835329.324500000104308, 2608860.079900000244379 ], [ 5829235.756899999454618, 2606136.3542 ], [ 5823184.092000000178814, 2602747.440600000321865 ], [ 5818821.982999999076128, 2599433.786399999633431 ], [ 5816380.551400000229478, 2596784.206399999558926 ], [ 5813182.991800000891089, 2591536.118599999696016 ], [ 5811317.429300000891089, 2587520.167899999767542 ], [ 5794025.981000000610948, 2539574.117799999192357 ], [ 5803542.376000000163913, 2505467.847799999639392 ], [ 5803877.956499999389052, 2477392.28999999910593 ], [ 5793858.838199999183416, 2474306.807499999180436 ], [ 5791048.010900000110269, 2474246.690099999308586 ], [ 5775796.622999999672174, 2473029.577500000596046 ], [ 5757208.908099999651313, 2476992.500900000333786 ], [ 5746159.954700000584126, 2492747.164799999445677 ], [ 5734164.739800000563264, 2485601.672399999573827 ], [ 5728800.278799999505281, 2487225.714600000530481 ], [ 5724104.462600000202656, 2491962.5932 ], [ 5720360.001700000837445, 2488339.6074 ], [ 5705181.056900000199676, 2485113.617599999532104 ], [ 5695347.159199999645352, 2489886.070599999278784 ], [ 5692416.923900000751019, 2494414.301699999719858 ], [ 5664881.010500000789762, 2489150.497700000181794 ], [ 5655394.488600000739098, 2480971.10249999910593 ], [ 5625117.990399999544024, 2468918.414799999445677 ], [ 5623303.424799999222159, 2468347.459599999710917 ], [ 5605651.034900000318885, 2456623.026200000196695 ], [ 5586477.965800000354648, 2426410.722799999639392 ], [ 5583059.088700000196695, 2420693.0296 ], [ 5577228.494599999859929, 2418572.340700000524521 ], [ 5568140.807, 2411494.909900000318885 ], [ 5556077.5165, 2406852.042700000107288 ], [ 5548282.541600000113249, 2408758.8429000005126 ], [ 5522803.375, 2411250.1053 ], [ 5504043.638299999758601, 2403936.867000000551343 ], [ 5496185.903300000354648, 2405891.386700000613928 ], [ 5493123.754499999806285, 2407104.972899999469519 ], [ 5491281.245400000363588, 2407836.157400000840425 ], [ 5488842.419199999421835, 2408148.892899999395013 ], [ 5486186.447599999606609, 2408117.762800000607967 ], [ 5482350.290899999439716, 2407404.792700000107288 ], [ 5478917.294299999251962, 2404303.644200000911951 ], [ 5470511.184299999848008, 2397911.172800000756979 ], [ 5453726.006300000473857, 2394931.225700000301003 ], [ 5451758.343000000342727, 2394911.710400000214577 ], [ 5421483.896500000730157, 2400488.999299999326468 ], [ 5413836.0976, 2397732.0143 ], [ 5397232.1316, 2401237.436899999156594 ], [ 5363358.678099999204278, 2390534.477099999785423 ], [ 5353758.530600000172853, 2391965.532999999821186 ], [ 5350297.591900000348687, 2395837.689400000497699 ], [ 5351667.013900000602007, 2408054.489399999380112 ], [ 5361877.087300000712276, 2416847.932800000533462 ], [ 5360717.230499999597669, 2420639.078099999576807 ], [ 5355670.475299999117851, 2421937.275800000876188 ], [ 5330611.933599999174476, 2430822.467199999839067 ], [ 5329341.951999999582767, 2437299.637599999085069 ], [ 5318020.395700000226498, 2441325.8136 ], [ 5309904.325799999758601, 2454946.49379999935627 ], [ 5315151.648, 2458466.011399999260902 ], [ 5318620.37360000051558, 2465758.7193 ], [ 5330358.691199999302626, 2466869.6996 ], [ 5330434.027599999681115, 2469795.197000000625849 ], [ 5325904.41300000064075, 2473630.996200000867248 ], [ 5317559.107999999076128, 2474635.565899999812245 ], [ 5303433.77309999987483, 2481768.580600000917912 ], [ 5294370.279699999839067, 2474442.203700000420213 ], [ 5287568.8498, 2455251.488399999216199 ], [ 5284329.839800000190735, 2452614.266699999570847 ], [ 5276048.498400000855327, 2457465.457299999892712 ], [ 5272190.405600000172853, 2464260.944499999284744 ], [ 5271841.418299999088049, 2464554.962899999693036 ], [ 5264984.7325, 2468115.862199999392033 ], [ 5246524.530500000342727, 2467066.232300000265241 ], [ 5241839.916200000792742, 2466809.124800000339746 ], [ 5235431.104599999263883, 2476179.623299999162555 ], [ 5221367.969799999147654, 2476795.641200000420213 ], [ 5217048.228800000622869, 2480557.546399999409914 ], [ 5218492.556600000709295, 2485592.222500000149012 ], [ 5230869.608300000429153, 2491006.745200000703335 ], [ 5228870.138499999418855, 2494947.98960000090301 ], [ 5215284.396600000560284, 2501632.832399999722838 ], [ 5220245.310000000521541, 2507341.161800000816584 ], [ 5224256.433000000193715, 2518062.822799999266863 ], [ 5220467.415699999779463, 2522847.3958 ], [ 5201323.318600000813603, 2525471.00929999910295 ], [ 5195050.518999999389052, 2532509.690600000321865 ], [ 5182474.628599999472499, 2531852.403000000864267 ], [ 5167593.231300000101328, 2545462.928999999538064 ], [ 5161443.487800000235438, 2547227.23369999974966 ], [ 5164012.207699999213219, 2553381.130699999630451 ], [ 5159152.25029999949038, 2560041.573899999260902 ], [ 5159741.096400000154972, 2578749.296 ], [ 5152787.693600000813603, 2575711.680600000545382 ], [ 5147918.001000000163913, 2579517.2401 ], [ 5138952.919600000604987, 2589973.799100000411272 ], [ 5122136.335200000554323, 2597983.911100000143051 ], [ 5112369.800899999216199, 2611777.795499999076128 ], [ 5118284.4506, 2616977.192399999126792 ], [ 5126774.659099999815226, 2616512.717599999159575 ], [ 5130399.95299999974668, 2620792.272399999201298 ], [ 5139988.249099999666214, 2616706.715299999341369 ], [ 5145578.142300000414252, 2620383.843800000846386 ], [ 5149175.464800000190735, 2633827.465399999171495 ], [ 5172967.433800000697374, 2635013.716900000348687 ], [ 5178829.660299999639392, 2642202.316199999302626 ], [ 5180757.584499999880791, 2652874.435799999162555 ], [ 5186667.3147, 2656565.296800000593066 ], [ 5182856.374500000849366, 2665075.488800000399351 ], [ 5185298.326500000432134, 2677847.6919 ], [ 5193727.933399999514222, 2682800.770400000736117 ], [ 5193451.10050000064075, 2687033.557700000703335 ], [ 5198455.003100000321865, 2690807.595899999141693 ], [ 5196029.646999999880791, 2696980.767899999395013 ], [ 5205625.540300000458956, 2721752.317600000649691 ], [ 5203937.852299999445677, 2726154.847100000828505 ], [ 5206363.200500000268221, 2731748.790899999439716 ], [ 5207478.286800000816584, 2734326.0713 ], [ 5212360.485500000417233, 2738261.124099999666214 ], [ 5218752.732799999415874, 2766738.431199999526143 ], [ 5224569.661299999803305, 2771322.483200000599027 ], [ 5222547.36009999923408, 2783654.223500000312924 ], [ 5228997.354699999094009, 2795170.508099999278784 ], [ 5232859.479299999773502, 2796039.156500000506639 ], [ 5239556.193800000473857, 2813649.072599999606609 ], [ 5246875.674499999731779, 2816426.2467 ], [ 5250803.189200000837445, 2821873.5362 ], [ 5258706.588500000536442, 2820024.957699999213219 ], [ 5266077.544399999082088, 2823506.787699999287724 ], [ 5279162.072699999436736, 2843993.092700000852346 ], [ 5281697.301400000229478, 2846504.083499999716878 ], [ 5281125.481499999761581, 2850742.651000000536442 ], [ 5291596.270400000736117, 2852204.019300000742078 ], [ 5293237.6381, 2861345.418800000101328 ], [ 5296344.018200000748038, 2864629.353800000622869 ], [ 5303532.404999999329448, 2864155.311699999496341 ], [ 5306549.077500000596046, 2860320.463500000536442 ], [ 5307912.648299999535084, 2858588.794099999591708 ], [ 5317937.407299999147654, 2855093.885900000110269 ], [ 5322716.995699999853969, 2853435.561699999496341 ], [ 5325229.949699999764562, 2858817.368200000375509 ], [ 5343350.576400000602007, 2859884.837099999189377 ], [ 5350159.1042, 2855935.782600000500679 ], [ 5356906.909800000488758, 2858969.495999999344349 ], [ 5359211.307700000703335, 2860008.152300000190735 ], [ 5366790.478499999269843, 2858738.786100000143051 ], [ 5378544.840299999341369, 2856639.807199999690056 ], [ 5390932.612600000575185, 2866078.941299999132752 ], [ 5400932.752399999648333, 2868610.69539999961853 ], [ 5407325.253699999302626, 2865826.687300000339746 ], [ 5412082.348500000312924, 2858223.458799999207258 ], [ 5422510.737299999222159, 2856023.7215 ], [ 5429665.563300000503659, 2847691.058700000867248 ], [ 5432383.965600000694394, 2847508.429500000551343 ], [ 5434196.972799999639392, 2848154.741900000721216 ], [ 5444545.079299999400973, 2852524.248700000345707 ], [ 5451174.171, 2866281.5428 ], [ 5458330.967199999839067, 2874463.186000000685453 ], [ 5466206.989399999380112, 2877173.848600000143051 ], [ 5512616.732899999246001, 2893427.464299999177456 ], [ 5518466.462099999189377, 2897652.363099999725819 ], [ 5525767.605599999427795, 2919499.950400000438094 ], [ 5537987.368599999696016, 2925825.784600000828505 ], [ 5539702.137599999085069, 2926716.80629999935627 ], [ 5544403.692500000819564, 2932763.284800000488758 ], [ 5558450.780899999663234, 2934389.31389999948442 ], [ 5568130.852399999275804, 2929969.271500000730157 ] ] ] } },
{ "type": "Feature", "properties": { "CNTR_ID": "SI", "CNTR_NAME": "Slovinsko", "NAME_ENGL": "Slovenia", "NAME_FREN": "Slovénie", "ISO3_CODE": "SVN", "SVRG_UN": "UN Member State", "CAPT": "Ljubljana", "EU_STAT": "T", "EFTA_STAT": "F", "CC_STAT": "F", "NAME_GERM": "Slowenien" }, "geometry": { "type": "Polygon", "coordinates": [ [ [ 4786947.849600000306964, 2658724.939799999818206 ], [ 4788640.346300000324845, 2657416.9879 ], [ 4791723.61629999987781, 2657786.7237 ], [ 4800935.865000000223517, 2659598.056399999186397 ], [ 4804706.5164, 2656473.045800000429153 ], [ 4804482.596000000834465, 2653385.032800000160933 ], [ 4802742.017799999564886, 2652079.694399999454618 ], [ 4802850.442199999466538, 2649905.775299999862909 ], [ 4807826.134600000455976, 2644113.741900000721216 ], [ 4807820.879100000485778, 2642104.217399999499321 ], [ 4812050.648399999365211, 2640867.384600000455976 ], [ 4811924.674200000241399, 2638010.378000000491738 ], [ 4810106.784299999475479, 2637569.637900000438094 ], [ 4810092.53999999910593, 2634938.5395 ], [ 4827385.887199999764562, 2618351.319499999284744 ], [ 4807445.639499999582767, 2623880.098099999129772 ], [ 4805224.338400000706315, 2621833.80599999986589 ], [ 4800788.5044, 2618784.492599999532104 ], [ 4800109.804199999198318, 2617566.999600000679493 ], [ 4802817.219399999827147, 2611369.866900000721216 ], [ 4805669.139699999243021, 2605574.074899999424815 ], [ 4798519.9079, 2605607.239700000733137 ], [ 4786861.54109999909997, 2605708.395400000736117 ], [ 4786722.397399999201298, 2605302.0461 ], [ 4788221.822300000116229, 2600880.761399999260902 ], [ 4785593.882500000298023, 2599203.4543999992311 ], [ 4780988.285599999129772, 2595598.384500000625849 ], [ 4776601.660800000652671, 2593299.675499999895692 ], [ 4773660.136600000783801, 2591919.5329 ], [ 4773159.765000000596046, 2591453.277000000700355 ], [ 4767522.001499999314547, 2589203.247700000181794 ], [ 4766055.625099999830127, 2583998.031199999153614 ], [ 4758812.758400000631809, 2584942.247400000691414 ], [ 4756153.613900000229478, 2580135.13910000026226 ], [ 4754136.037399999797344, 2575016.882400000467896 ], [ 4756287.572599999606609, 2569024.976700000464916 ], [ 4763692.604000000283122, 2566129.0482 ], [ 4763299.5793999992311, 2557234.899800000712276 ], [ 4763131.550499999895692, 2542480.387900000438094 ], [ 4751299.710899999365211, 2541504.5351 ], [ 4746859.9211, 2539537.371899999678135 ], [ 4745926.307299999520183, 2536367.066400000825524 ], [ 4741355.791999999433756, 2535267.372700000181794 ], [ 4735901.151399999856949, 2531543.503399999812245 ], [ 4734806.839099999517202, 2531116.747899999842048 ], [ 4733441.292300000786781, 2530298.157500000670552 ], [ 4730611.982999999076128, 2527073.664200000464916 ], [ 4733497.927400000393391, 2524256.911399999633431 ], [ 4738339.2347999997437, 2524997.125499999150634 ], [ 4741624.512900000438094, 2520355.405899999663234 ], [ 4734740.52309999987483, 2516233.15819999948144 ], [ 4734608.212799999862909, 2511730.142899999395013 ], [ 4739765.583499999716878, 2500942.027300000190735 ], [ 4730255.14130000025034, 2493771.172499999403954 ], [ 4724435.894600000232458, 2493844.44510000012815 ], [ 4716567.794700000435114, 2500082.71169999986887 ], [ 4709029.627499999478459, 2501672.48200000077486 ], [ 4699759.443, 2496032.413100000470877 ], [ 4695417.110400000587106, 2499640.321000000461936 ], [ 4688143.866699999198318, 2503137.210999999195337 ], [ 4687210.7489, 2508048.993899999186397 ], [ 4677322.004799999296665, 2517580.977800000458956 ], [ 4672677.004200000315905, 2506982.918700000271201 ], [ 4670500.143300000578165, 2501582.863299999386072 ], [ 4661003.715800000354648, 2495082.467800000682473 ], [ 4643271.76380000077188, 2494333.596899999305606 ], [ 4642725.096200000494719, 2494425.270500000566244 ], [ 4633963.9112, 2498141.8278 ], [ 4632239.684900000691414, 2491031.583799999207258 ], [ 4625096.2949, 2487760.644300000742078 ], [ 4616268.708599999547005, 2490743.928300000727177 ], [ 4608439.3476, 2488541.873500000685453 ], [ 4606305.751700000837445, 2489918.0153 ], [ 4603067.131100000813603, 2490667.990900000557303 ], [ 4601650.1897, 2491879.831199999898672 ], [ 4603686.683800000697374, 2498783.331499999389052 ], [ 4609711.937599999830127, 2499983.989900000393391 ], [ 4613378.470200000330806, 2501294.154999999329448 ], [ 4611763.583799999207258, 2505284.097899999469519 ], [ 4611786.985400000587106, 2505299.100700000301003 ], [ 4612736.130899999290705, 2505497.157299999147654 ], [ 4619905.574999999254942, 2504653.759800000116229 ], [ 4623094.326999999582767, 2507477.177200000733137 ], [ 4625212.065099999308586, 2511390.375800000503659 ], [ 4616522.236300000920892, 2521698.94789999909699 ], [ 4609673.976500000804663, 2525223.785299999639392 ], [ 4600790.572599999606609, 2528446.503599999472499 ], [ 4600800.859999999403954, 2529728.9013 ], [ 4599483.381999999284744, 2534322.443199999630451 ], [ 4601475.179700000211596, 2539131.293800000101328 ], [ 4603296.02140000090003, 2543027.988700000569224 ], [ 4601790.625099999830127, 2548131.274800000712276 ], [ 4593590.0767, 2547180.513900000602007 ], [ 4591434.848899999633431, 2549797.07660000026226 ], [ 4591854.311499999836087, 2555074.177400000393391 ], [ 4594350.666500000283122, 2556976.0844 ], [ 4604161.036699999123812, 2568907.60950000025332 ], [ 4601699.716600000858307, 2571160.374900000169873 ], [ 4585384.019099999219179, 2573464.142100000753999 ], [ 4583360.9112, 2582336.683599999174476 ], [ 4586862.618699999526143, 2588742.399000000208616 ], [ 4597749.895700000226498, 2597683.871200000867248 ], [ 4604291.071699999272823, 2598604.526399999856949 ], [ 4606152.076999999582767, 2608175.0592 ], [ 4621369.254799999296665, 2608328.524900000542402 ], [ 4628809.759700000286102, 2604755.748400000855327 ], [ 4635998.672800000756979, 2604973.540999999269843 ], [ 4640347.394500000402331, 2600431.262700000777841 ], [ 4646809.567900000140071, 2600291.227700000628829 ], [ 4661893.2665, 2602364.008300000801682 ], [ 4662588.441600000485778, 2600273.416999999433756 ], [ 4668764.208699999377131, 2599905.808900000527501 ], [ 4672386.97719999961555, 2595156.893999999389052 ], [ 4674504.523, 2601416.79869999922812 ], [ 4680279.633300000801682, 2604351.648299999535084 ], [ 4684063.422700000926852, 2609841.200099999085069 ], [ 4690914.613900000229478, 2611568.359400000423193 ], [ 4691343.081900000572205, 2615876.1765 ], [ 4695229.748099999502301, 2623245.64130000025034 ], [ 4698145.852700000628829, 2623014.269200000911951 ], [ 4708765.13289999961853, 2628648.795 ], [ 4710136.635099999606609, 2627966.840900000184774 ], [ 4715993.89049999974668, 2629704.5033 ], [ 4722281.92, 2628343.205 ], [ 4729424.267300000414252, 2630220.249099999666214 ], [ 4734492.070499999448657, 2630626.14130000025034 ], [ 4743767.059699999168515, 2627743.758600000292063 ], [ 4745409.625, 2628803.983200000599027 ], [ 4746624.483300000429153, 2633897.43019999936223 ], [ 4751160.001900000497699, 2634765.46169999986887 ], [ 4754909.363600000739098, 2637601.108300000429153 ], [ 4760890.277100000530481, 2637563.3585 ], [ 4763403.332900000736117, 2638817.957100000232458 ], [ 4769058.9068, 2640615.26039999909699 ], [ 4776818.264499999582767, 2637601.49860000051558 ], [ 4782674.694700000807643, 2634830.81110000051558 ], [ 4783043.591700000688434, 2634665.961799999698997 ], [ 4782849.20240000076592, 2638524.63880000077188 ], [ 4779142.177400000393391, 2643078.239 ], [ 4778273.386299999430776, 2647520.840700000524521 ], [ 4778298.514499999582767, 2654263.104100000113249 ], [ 4782998.047499999403954, 2655010.698899999260902 ], [ 4786947.849600000306964, 2658724.939799999818206 ] ] ] } },
{ "type": "Feature", "properties": { "CNTR_ID": "SK", "CNTR_NAME": "Slovensko", "NAME_ENGL": "Slovakia", "NAME_FREN": "Slovaquie", "ISO3_CODE": "SVK", "SVRG_UN": "UN Member State", "CAPT": "Bratislava", "EU_STAT": "T", "EFTA_STAT": "F", "CC_STAT": "F", "NAME_GERM": "Slowakei" }, "geometry": { "type": "Polygon", "coordinates": [ [ [ 5029148.516000000759959, 2968082.296499999240041 ], [ 5032584.94789999909699, 2954921.751900000497699 ], [ 5030599.8958, 2947472.666200000792742 ], [ 5038951.098300000652671, 2947340.455199999734759 ], [ 5044308.139599999412894, 2950999.518200000748038 ], [ 5053268.206599999219179, 2947401.943099999800324 ], [ 5055631.905200000852346, 2960345.999900000169873 ], [ 5059199.391699999570847, 2965195.12639999948442 ], [ 5067566.26490000076592, 2968316.012700000777841 ], [ 5069784.040899999439716, 2973379.240900000557303 ], [ 5076827.149299999698997, 2976280.42850000038743 ], [ 5085302.04839999973774, 2973902.770899999886751 ], [ 5088278.357599999755621, 2978299.360999999567866 ], [ 5096219.484400000423193, 2979148.924900000914931 ], [ 5104272.830399999395013, 2972442.492799999192357 ], [ 5113711.007200000807643, 2969082.582499999552965 ], [ 5122926.556099999696016, 2978752.5767 ], [ 5120405.760600000619888, 2982264.915200000628829 ], [ 5121507.771999999880791, 2984168.567500000819564 ], [ 5130471.398499999195337, 2983255.899000000208616 ], [ 5135925.043099999427795, 2989720.416600000113249 ], [ 5144084.437400000169873, 2988537.186599999666214 ], [ 5148712.4035, 2987243.628200000151992 ], [ 5160399.8618, 2991772.198100000619888 ], [ 5166338.378699999302626, 2988743.434399999678135 ], [ 5172465.216099999845028, 2985628.88880000077188 ], [ 5177133.171900000423193, 2988107.46000000089407 ], [ 5186279.57149999961257, 2984529.291500000283122 ], [ 5194999.497099999338388, 2972220.958399999886751 ], [ 5223933.352800000458956, 2964387.986500000581145 ], [ 5234032.685900000855327, 2964367.435699999332428 ], [ 5233422.1283, 2955898.060200000181794 ], [ 5228897.9836, 2950806.947599999606609 ], [ 5224943.154699999839067, 2937261.64640000090003 ], [ 5224830.631300000473857, 2918023.718100000172853 ], [ 5214506.319599999114871, 2902570.224099999293685 ], [ 5216484.818900000303984, 2885928.059499999508262 ], [ 5216710.214400000870228, 2884027.482699999585748 ], [ 5214660.05519999936223, 2880853.822699999436736 ], [ 5187857.534499999135733, 2872739.830700000748038 ], [ 5184093.749500000849366, 2875540.088700000196695 ], [ 5181654.367799999192357, 2877357.671800000593066 ], [ 5174886.756400000303984, 2888488.296599999070168 ], [ 5162176.114499999210238, 2894752.5526 ], [ 5139960.532199999317527, 2882771.92 ], [ 5117489.356599999591708, 2887880.159900000318885 ], [ 5109388.116900000721216, 2885972.059000000357628 ], [ 5095241.698400000110269, 2879548.74100000038743 ], [ 5092186.100600000470877, 2871555.909199999645352 ], [ 5084278.251000000163913, 2849148.746899999678135 ], [ 5072512.981300000101328, 2844302.960200000554323 ], [ 5066406.083499999716878, 2834643.919199999421835 ], [ 5057570.10219999961555, 2829911.38990000076592 ], [ 5034424.13150000013411, 2838962.274800000712276 ], [ 5027354.082000000402331, 2832691.810200000181794 ], [ 5024635.511900000274181, 2821800.565300000831485 ], [ 5007266.114499999210238, 2814562.726099999621511 ], [ 4991117.54700000025332, 2814757.434000000357628 ], [ 4985039.75650000013411, 2811661.4112 ], [ 4978440.951199999079108, 2809617.436300000175834 ], [ 4974149.400499999523163, 2800923.596200000494719 ], [ 4975244.3783, 2791104.9408 ], [ 4982292.119899999350309, 2784489.221699999645352 ], [ 4976165.006999999284744, 2783554.062599999830127 ], [ 4966205.810000000521541, 2776172.087099999189377 ], [ 4912119.791200000792742, 2767793.6554000005126 ], [ 4897845.192700000479817, 2768465.3465 ], [ 4893429.051000000908971, 2771886.7873 ], [ 4877697.636199999600649, 2781139.943099999800324 ], [ 4868724.517100000753999, 2790454.009099999442697 ], [ 4861008.69400000013411, 2793004.771600000560284 ], [ 4854633.284299999475479, 2791782.465199999511242 ], [ 4848888.709100000560284, 2796211.361500000581145 ], [ 4846489.840900000184774, 2803511.403999999165535 ], [ 4839232.9529, 2808802.603900000452995 ], [ 4836193.8608, 2818313.3684 ], [ 4828357.852600000798702, 2828251.310100000351667 ], [ 4827287.110200000926852, 2837437.912599999457598 ], [ 4833565.819900000467896, 2848880.919399999082088 ], [ 4832035.227800000458956, 2857836.825999999418855 ], [ 4837923.16190000064671, 2873982.463300000876188 ], [ 4847373.706599999219179, 2887110.243699999526143 ], [ 4863380.652499999850988, 2882817.089800000190735 ], [ 4881191.027899999171495, 2889219.82880000025034 ], [ 4890648.619300000369549, 2897731.394200000911951 ], [ 4897117.8081, 2899701.045399999246001 ], [ 4899948.027699999511242, 2909327.80320000089705 ], [ 4909947.440700000151992, 2913530.225999999791384 ], [ 4914132.512599999085069, 2938997.548100000247359 ], [ 4924768.599999999627471, 2945551.255200000479817 ], [ 4929383.215399999171495, 2949484.471799999475479 ], [ 4929608.188100000843406, 2955255.7149 ], [ 4933932.795499999076128, 2956922.8958 ], [ 4940296.793299999088049, 2968518.461300000548363 ], [ 4953335.369300000369549, 2968878.244300000369549 ], [ 4960290.235400000587106, 2972378.404799999669194 ], [ 4968178.436599999666214, 2971897.023900000378489 ], [ 4972259.900299999862909, 2960418.976700000464916 ], [ 4984169.394500000402331, 2963426.863399999216199 ], [ 4988988.361999999731779, 2976459.093399999663234 ], [ 4995995.470499999821186, 2979453.17369999922812 ], [ 5003133.924499999731779, 2988592.03830000013113 ], [ 5018863.700099999085069, 2967906.694499999284744 ], [ 5029148.516000000759959, 2968082.296499999240041 ] ] ] } },
{ "type": "Feature", "properties": { "CNTR_ID": "SM", "CNTR_NAME": "San Marino", "NAME_ENGL": "San Marino", "NAME_FREN": "Saint-Marin", "ISO3_CODE": "SMR", "SVRG_UN": "UN Member State", "CAPT": "San Marino", "EU_STAT": "F", "EFTA_STAT": "F", "CC_STAT": "F", "NAME_GERM": "San Marino" }, "geometry": { "type": "Polygon", "coordinates": [ [ [ 4519277.132400000467896, 2312611.707900000736117 ], [ 4515422.8377, 2314169.753100000321865 ], [ 4515010.3443, 2318626.543099999427795 ], [ 4522451.4583, 2322844.477800000458956 ], [ 4523138.884600000455976, 2318280.60219999961555 ], [ 4521280.774399999529123, 2312977.1546 ], [ 4519277.132400000467896, 2312611.707900000736117 ] ] ] } },
{ "type": "Feature", "properties": { "CNTR_ID": "TR", "CNTR_NAME": "Türkiye", "NAME_ENGL": "Türkiye", "NAME_FREN": "Turquie", "ISO3_CODE": "TUR", "SVRG_UN": "UN Member State", "CAPT": "Ankara", "EU_STAT": "F", "EFTA_STAT": "F", "CC_STAT": "T", "NAME_GERM": "Türkei" }, "geometry": { "type": "MultiPolygon", "coordinates": [ [ [ [ 6366111.109200000762939, 2441023.4956 ], [ 6370165.930099999532104, 2433229.0099 ], [ 6371153.181199999526143, 2431331.755400000140071 ], [ 6375856.232699999585748, 2428272.2511 ], [ 6384916.545099999755621, 2422392.818399999290705 ], [ 6387887.929400000721216, 2420468.8048 ], [ 6396886.821900000795722, 2420018.759400000795722 ], [ 6399570.11460000090301, 2419887.173800000920892 ], [ 6414849.5168999992311, 2420139.730900000780821 ], [ 6415606.444399999454618, 2420153.248299999162555 ], [ 6416919.070000000298023, 2421063.070000000298023 ], [ 6427626.234899999573827, 2428504.851099999621511 ], [ 6443231.108999999240041, 2439415.820000000298023 ], [ 6443254.493200000375509, 2439432.22859999909997 ], [ 6444113.610300000756979, 2439009.11629999987781 ], [ 6455465.3651, 2433432.824100000783801 ], [ 6459914.993000000715256, 2425680.716099999845028 ], [ 6465630.447499999776483, 2415729.8059 ], [ 6487409.9167, 2404393.801200000569224 ], [ 6496085.324999999254942, 2404671.244100000709295 ], [ 6497237.708100000396371, 2404709.032400000840425 ], [ 6497852.867000000551343, 2405332.883300000801682 ], [ 6501645.761, 2409183.736099999397993 ], [ 6503111.747199999168515, 2410674.1415 ], [ 6507864.243000000715256, 2421737.82120000012219 ], [ 6510597.5175, 2422816.899000000208616 ], [ 6512207.520899999886751, 2423453.243599999696016 ], [ 6532605.330700000748038, 2423379.116399999707937 ], [ 6534846.312400000169873, 2423375.163799999281764 ], [ 6534913.998199999332428, 2423375.057299999520183 ], [ 6534990.699999999254942, 2423308.704199999570847 ], [ 6543236.839099999517202, 2416183.768100000917912 ], [ 6545393.573799999430776, 2414323.094699999317527 ], [ 6555903.370300000533462, 2413854.228800000622869 ], [ 6564838.5888, 2416658.314999999478459 ], [ 6564877.059499999508262, 2416652.30350000038743 ], [ 6565046.334100000560284, 2416625.855499999597669 ], [ 6589644.67119999974966, 2412834.130300000309944 ], [ 6590651.835699999704957, 2412681.061599999666214 ], [ 6591389.579600000753999, 2414514.18099999986589 ], [ 6595830.306900000199676, 2425587.92960000038147 ], [ 6595904.822499999776483, 2425615.926300000399351 ], [ 6601956.136399999260902, 2427893.2631 ], [ 6603098.036499999463558, 2428323.837400000542402 ], [ 6604200.644400000572205, 2427026.124900000169873 ], [ 6608912.920199999585748, 2421483.5777000002563 ], [ 6609224.378900000825524, 2421401.129899999126792 ], [ 6617889.341600000858307, 2419114.266200000420213 ], [ 6618024.497700000181794, 2419078.700799999758601 ], [ 6629594.556600000709295, 2421309.098400000482798 ], [ 6636737.422900000587106, 2422697.682900000363588 ], [ 6639414.3235, 2423332.662599999457598 ], [ 6667825.942299999296665, 2430151.256999999284744 ], [ 6667969.870400000363588, 2430315.662599999457598 ], [ 6674525.5767, 2437818.084499999880791 ], [ 6675784.986300000920892, 2439262.512499999254942 ], [ 6675950.075799999758601, 2439451.930400000885129 ], [ 6683167.370999999344349, 2441014.4276 ], [ 6683342.955800000578165, 2441052.555299999192357 ], [ 6683757.230799999088049, 2441685.748999999836087 ], [ 6688178.126900000497699, 2448454.850199999287724 ], [ 6692486.092399999499321, 2451645.902799999341369 ], [ 6714962.0152000002563, 2468396.28969999961555 ], [ 6715310.898600000888109, 2468429.85329999960959 ], [ 6722785.875399999320507, 2469153.880100000649691 ], [ 6723327.58500000089407, 2469206.7149 ], [ 6725882.298499999567866, 2471745.309599999338388 ], [ 6733811.38429999910295, 2479645.413499999791384 ], [ 6735009.60219999961555, 2479406.001599999144673 ], [ 6738239.120400000363588, 2478761.95130000077188 ], [ 6750605.226399999111891, 2476312.38150000013411 ], [ 6753008.765799999237061, 2475839.314600000157952 ], [ 6755089.38539999909699, 2476833.316099999472499 ], [ 6760439.886199999600649, 2479394.0504 ], [ 6772956.020700000226498, 2478942.6952 ], [ 6773856.614800000563264, 2478911.217599999159575 ], [ 6778489.072599999606609, 2481233.050499999895692 ], [ 6782504.840399999171495, 2483249.906700000166893 ], [ 6783110.285499999299645, 2483297.404699999839067 ], [ 6786617.814300000667572, 2483573.781600000336766 ], [ 6795826.10190000012517, 2484309.145199999213219 ], [ 6798011.2643, 2484485.7324 ], [ 6806893.559900000691414, 2497077.555299999192357 ], [ 6808783.248700000345707, 2500278.174599999561906 ], [ 6810519.262900000438094, 2503222.964199999347329 ], [ 6821856.392400000244379, 2509182.732300000265241 ], [ 6822325.442800000309944, 2509429.985300000756979 ], [ 6826183.483200000599027, 2513715.2631 ], [ 6828977.770199999213219, 2516824.657400000840425 ], [ 6836435.591399999335408, 2530827.360600000247359 ], [ 6836677.458399999886751, 2531283.160199999809265 ], [ 6837226.960400000214577, 2532319.093299999833107 ], [ 6852156.877100000157952, 2544450.998199999332428 ], [ 6852761.026399999856949, 2544943.707900000736117 ], [ 6863154.320499999448657, 2562844.218100000172853 ], [ 6872326.448000000789762, 2574880.150800000876188 ], [ 6872348.90059999935329, 2574947.093100000172853 ], [ 6873077.662900000810623, 2577121.445299999788404 ], [ 6877692.857200000435114, 2593565.474300000816584 ], [ 6900679.3619, 2594889.216 ], [ 6907078.023800000548363, 2603235.028100000694394 ], [ 6909024.474500000476837, 2607634.018799999728799 ], [ 6910919.0778, 2608261.302500000223517 ], [ 6912315.646299999207258, 2608724.14809999987483 ], [ 6933222.254599999636412, 2615699.2818 ], [ 6950035.0899, 2618216.769200000911951 ], [ 6954544.213500000536442, 2618900.3498 ], [ 6954476.054500000551343, 2625521.4123 ], [ 6954348.097100000828505, 2636604.999900000169873 ], [ 6971023.845300000160933, 2644978.345000000670552 ], [ 6973650.3169, 2637243.925100000575185 ], [ 6974391.631799999624491, 2635058.5351 ], [ 6983671.723400000482798, 2636066.373299999162555 ], [ 6986109.7149, 2636333.604699999094009 ], [ 6989513.412900000810623, 2634344.329199999570847 ], [ 6994872.891200000420213, 2631216.614900000393391 ], [ 7006808.812999999150634, 2629281.269600000232458 ], [ 7011275.171599999070168, 2628563.2994 ], [ 7010865.060399999842048, 2625940.130300000309944 ], [ 7010494.837400000542402, 2623578.6875 ], [ 7019717.815700000151992, 2618234.705600000917912 ], [ 7025230.437699999660254, 2622478.038499999791384 ], [ 7028359.831199999898672, 2624891.7027000002563 ], [ 7029492.335799999535084, 2624948.43610000051558 ], [ 7030980.676100000739098, 2625023.3246 ], [ 7034773.421599999070168, 2625215.854000000283122 ], [ 7036664.750199999660254, 2622443.088400000706315 ], [ 7041507.659099999815226, 2615344.635800000280142 ], [ 7043420.867499999701977, 2611544.405300000682473 ], [ 7044946.812599999830127, 2611291.015599999576807 ], [ 7046050.413499999791384, 2611108.003100000321865 ], [ 7062018.988399999216199, 2608482.910000000149012 ], [ 7076175.042999999597669, 2592307.339700000360608 ], [ 7079604.903599999845028, 2580665.4814 ], [ 7079211.680299999192357, 2568660.175899999216199 ], [ 7077397.524700000882149, 2563093.227700000628829 ], [ 7076621.457000000402331, 2560717.864399999380112 ], [ 7075596.344900000840425, 2557585.789000000804663 ], [ 7081367.3849, 2551115.696399999782443 ], [ 7086033.337500000372529, 2545888.829500000923872 ], [ 7097928.056900000199676, 2532581.424100000411272 ], [ 7096959.685599999502301, 2525544.490399999544024 ], [ 7102495.284600000828505, 2523128.885500000789762 ], [ 7121602.434100000187755, 2524004.6392 ], [ 7121952.106599999591708, 2524218.100299999117851 ], [ 7148264.104900000616908, 2540376.807399999350309 ], [ 7158007.438400000333786, 2540685.315199999138713 ], [ 7158067.134099999442697, 2540687.253599999472499 ], [ 7162362.823100000619888, 2540828.283500000834465 ], [ 7164114.810900000855327, 2539951.866499999538064 ], [ 7182211.584799999371171, 2530931.540100000798702 ], [ 7182509.9145, 2530783.3322 ], [ 7184012.658299999311566, 2530307.363900000229478 ], [ 7192684.7599, 2529414.351600000634789 ], [ 7198220.148199999704957, 2525826.399000000208616 ], [ 7200407.4035, 2525139.600700000301003 ], [ 7203095.6765, 2522670.841499999165535 ], [ 7206070.365499999374151, 2520747.703199999406934 ], [ 7204922.654100000858307, 2520993.790100000798702 ], [ 7200856.062100000679493, 2521867.484899999573827 ], [ 7186019.068199999630451, 2525078.4112 ], [ 7180673.6195, 2513735.043600000441074 ], [ 7179202.787699999287724, 2510625.63289999961853 ], [ 7181928.422700000926852, 2506789.213300000876188 ], [ 7182781.230399999767542, 2505588.9879 ], [ 7182555.215900000184774, 2503308.5044 ], [ 7181797.421, 2495722.957599999383092 ], [ 7185815.921, 2485079.198000000789762 ], [ 7187196.969200000166893, 2481416.352900000289083 ], [ 7180003.304999999701977, 2473432.097300000488758 ], [ 7177041.774000000208616, 2473444.41499999910593 ], [ 7173212.243300000205636, 2473462.449999999254942 ], [ 7164902.907600000500679, 2469131.704800000414252 ], [ 7162707.674699999392033, 2467990.323799999430776 ], [ 7161860.562599999830127, 2467550.186899999156594 ], [ 7160701.336500000208616, 2461134.5921 ], [ 7168528.198200000450015, 2455548.01410000026226 ], [ 7173721.17710000090301, 2447432.623199999332428 ], [ 7183747.497700000181794, 2443642.5143 ], [ 7185038.342700000852346, 2443155.810599999502301 ], [ 7188326.398299999535084, 2432744.516699999570847 ], [ 7187308.844499999657273, 2428845.60190000012517 ], [ 7187292.555099999532104, 2428783.276000000536442 ], [ 7187335.014799999073148, 2428736.540400000289083 ], [ 7195408.588300000876188, 2419855.349700000137091 ], [ 7196065.336100000888109, 2419133.379499999806285 ], [ 7204004.347400000318885, 2416233.055400000885129 ], [ 7205451.0164, 2415705.7051 ], [ 7206621.7752, 2405026.250499999150634 ], [ 7206805.97749999910593, 2403334.4835 ], [ 7213160.671, 2397085.474999999627471 ], [ 7216243.532400000840425, 2394056.448100000619888 ], [ 7224677.8893, 2373727.579 ], [ 7225397.9627, 2371989.282500000670552 ], [ 7235502.336200000718236, 2375815.5515 ], [ 7235983.340500000864267, 2375998.199799999594688 ], [ 7241821.868300000205636, 2374088.376700000837445 ], [ 7239713.219900000840425, 2366126.591700000688434 ], [ 7238640.701199999079108, 2362094.146500000730157 ], [ 7239679.535199999809265, 2357423.31980000063777 ], [ 7240228.142699999734759, 2354952.714800000190735 ], [ 7239628.289599999785423, 2347497.6711 ], [ 7238041.949300000444055, 2328265.781700000166893 ], [ 7239428.774000000208616, 2321437.094900000840425 ], [ 7239785.722899999469519, 2319675.701199999079108 ], [ 7240052.045700000599027, 2318360.494999999180436 ], [ 7247109.843100000172853, 2319244.065700000151992 ], [ 7253801.584100000560284, 2320089.298800000920892 ], [ 7255611.680800000205636, 2318753.587999999523163 ], [ 7259020.9616, 2316239.4101 ], [ 7264119.65819999948144, 2314353.38260000012815 ], [ 7269417.25789999961853, 2317072.5406 ], [ 7272013.604499999433756, 2318407.551400000229478 ], [ 7277913.894600000232458, 2315531.196000000461936 ], [ 7277873.379899999126792, 2312702.95549999922514 ], [ 7277785.108799999579787, 2306792.27170000039041 ], [ 7281571.1162, 2303005.903100000694394 ], [ 7283543.46030000038445, 2301034.324100000783801 ], [ 7285825.733999999240041, 2291827.887800000607967 ], [ 7287215.357300000265241, 2288172.187100000679493 ], [ 7289119.026699999347329, 2287096.700099999085069 ], [ 7310122.119899999350309, 2281169.406199999153614 ], [ 7313827.565300000831485, 2276247.357799999415874 ], [ 7316088.086100000888109, 2263899.9748 ], [ 7302280.598500000312924, 2260132.767699999734759 ], [ 7299750.9156, 2255437.997400000691414 ], [ 7296990.761099999770522, 2248339.149299999698997 ], [ 7292966.773299999535084, 2242898.511800000444055 ], [ 7287703.0142, 2235801.5318 ], [ 7286119.572100000455976, 2230316.908800000324845 ], [ 7284884.649599999189377, 2226052.952600000426173 ], [ 7279501.441199999302626, 2227419.457499999552965 ], [ 7270683.408900000154972, 2235301.037100000306964 ], [ 7273258.893400000408292, 2242088.969900000840425 ], [ 7274496.564300000667572, 2245360.010700000450015 ], [ 7271848.289000000804663, 2251380.5504 ], [ 7270055.468299999833107, 2251808.496099999174476 ], [ 7261132.23340000025928, 2253946.078299999237061 ], [ 7257269.60359999909997, 2254875.313999999314547 ], [ 7251708.742200000211596, 2252335.1952 ], [ 7248974.1064, 2251088.456299999728799 ], [ 7248213.084499999880791, 2250741.782700000330806 ], [ 7248134.299900000914931, 2250489.807399999350309 ], [ 7244118.994799999520183, 2237699.311599999666214 ], [ 7243771.887199999764562, 2237345.613600000739098 ], [ 7243125.360500000417233, 2236686.969100000336766 ], [ 7238107.745300000533462, 2231582.255100000649691 ], [ 7222192.581199999898672, 2226877.894400000572205 ], [ 7217797.708200000226498, 2225586.783600000664592 ], [ 7210729.045499999076128, 2223517.398800000548363 ], [ 7210155.527499999850988, 2223565.497700000181794 ], [ 7193190.190600000321865, 2225011.428400000557303 ], [ 7191537.724700000137091, 2223101.00650000013411 ], [ 7190282.60050000064075, 2221651.061599999666214 ], [ 7176594.546, 2221636.441299999132752 ], [ 7175197.818099999800324, 2221636.589199999347329 ], [ 7169479.318399999290705, 2215930.173000000417233 ], [ 7163106.58530000038445, 2209589.126000000163913 ], [ 7148118.100199999287724, 2209249.109400000423193 ], [ 7139743.986099999397993, 2178478.051300000399351 ], [ 7130364.015799999237061, 2171066.623199999332428 ], [ 7125539.778100000694394, 2167266.423800000920892 ], [ 7122748.475999999791384, 2168996.531099999323487 ], [ 7119497.753200000151992, 2171013.201899999752641 ], [ 7116162.822799999266863, 2178204.171399999409914 ], [ 7109164.121600000187755, 2179679.81110000051558 ], [ 7104066.122199999168515, 2180759.602900000289083 ], [ 7102834.121999999508262, 2178185.989299999549985 ], [ 7102426.870799999684095, 2177335.963600000366569 ], [ 7095059.487299999222159, 2162019.020500000566244 ], [ 7067739.424100000411272, 2141265.6886 ], [ 7063099.819599999114871, 2137679.3772 ], [ 7061049.221100000664592, 2135623.459000000730157 ], [ 7057234.361999999731779, 2131804.000800000503659 ], [ 7042026.793999999761581, 2125129.12470000050962 ], [ 7038837.426699999719858, 2123735.248800000175834 ], [ 7037297.928600000217557, 2122533.554099999368191 ], [ 7033142.533399999141693, 2119293.887399999424815 ], [ 7030038.021099999547005, 2120164.74100000038743 ], [ 7028582.85190000012517, 2120573.4737 ], [ 7019546.101299999281764, 2118348.524700000882149 ], [ 7014998.253900000825524, 2117305.473200000822544 ], [ 7007676.530200000852346, 2115633.511900000274181 ], [ 7006142.502599999308586, 2115284.344499999657273 ], [ 7001564.571699999272823, 2112426.761900000274181 ], [ 6994251.0767, 2107872.997300000861287 ], [ 6991193.3805, 2105973.25620000064373 ], [ 6970900.628000000491738, 2086085.770600000396371 ], [ 6959158.250499999150634, 2068721.933199999853969 ], [ 6936759.881799999624491, 2044741.590500000864267 ], [ 6917308.645300000905991, 2028990.21000000089407 ], [ 6916881.7971, 2028646.015900000929832 ], [ 6914789.149599999189377, 2027361.307199999690056 ], [ 6901765.230699999257922, 2018968.174100000411272 ], [ 6891779.6097, 2012588.9561 ], [ 6887879.331199999898672, 2009759.434800000861287 ], [ 6884963.05599999986589, 2008241.398299999535084 ], [ 6880597.2369, 2007009.537900000810623 ], [ 6873251.954800000414252, 2007153.3651 ], [ 6868178.083000000566244, 2006455.563200000673532 ], [ 6865447.931800000369549, 2005100.186200000345707 ], [ 6862562.488299999386072, 2002910.312300000339746 ], [ 6859001.294700000435114, 2001268.500499999150634 ], [ 6846622.067500000819564, 1996632.795299999415874 ], [ 6842207.950400000438094, 1995634.489099999889731 ], [ 6838155.049000000581145, 1996548.8267 ], [ 6832410.996200000867248, 1998965.340700000524521 ], [ 6819131.534299999475479, 2004593.331399999558926 ], [ 6800546.420700000599027, 2003178.773199999704957 ], [ 6795977.160399999469519, 2002839.143100000917912 ], [ 6788065.992900000885129, 1997872.089700000360608 ], [ 6785522.417999999597669, 1994249.308499999344349 ], [ 6779644.931600000709295, 1985899.967599999159575 ], [ 6760263.612400000914931, 1969781.140900000929832 ], [ 6746281.088300000876188, 1958235.13399999961257 ], [ 6743085.92339999973774, 1954976.195599999278784 ], [ 6741948.1239, 1952842.310499999672174 ], [ 6739070.06220000050962, 1947453.83500000089407 ], [ 6726122.240199999883771, 1945221.395600000396371 ], [ 6719196.245400000363588, 1944038.129899999126792 ], [ 6709722.857899999246001, 1940333.8581000007689 ], [ 6709322.637499999254942, 1939766.836500000208616 ], [ 6706507.159700000658631, 1935781.880300000309944 ], [ 6701346.52309999987483, 1937557.428099999204278 ], [ 6700308.348099999129772, 1943102.347899999469519 ], [ 6700239.957699999213219, 1943467.209499999880791 ], [ 6697060.921399999409914, 1944507.773 ], [ 6694764.643799999728799, 1945260.449899999424815 ], [ 6693721.601800000295043, 1945602.632999999448657 ], [ 6692125.416799999773502, 1945487.068399999290705 ], [ 6673862.478399999439716, 1944192.537699999287724 ], [ 6670094.5175, 1943931.79590000025928 ], [ 6669666.766799999400973, 1943774.17989999987185 ], [ 6666138.1831, 1942475.274000000208616 ], [ 6666131.641200000420213, 1933385.469799999147654 ], [ 6666098.734999999403954, 1917567.234200000762939 ], [ 6667710.371099999174476, 1909320.771600000560284 ], [ 6669252.770700000226498, 1901406.38399999961257 ], [ 6669263.637499999254942, 1901350.546299999579787 ], [ 6669312.634400000795722, 1901304.502900000661612 ], [ 6683101.737500000745058, 1888369.141000000759959 ], [ 6684992.920499999076128, 1886598.545099999755621 ], [ 6685806.105200000107288, 1884301.769500000402331 ], [ 6686363.961799999698997, 1882725.883099999278784 ], [ 6686553.533500000834465, 1882190.31389999948442 ], [ 6686313.3608, 1881823.242000000551343 ], [ 6684247.390900000929832, 1878668.078199999406934 ], [ 6683323.0153, 1877257.752399999648333 ], [ 6680890.8311, 1876920.962200000882149 ], [ 6674558.91440000012517, 1876048.450200000777841 ], [ 6664219.366599999368191, 1868598.458100000396371 ], [ 6664275.937100000679493, 1868309.302400000393391 ], [ 6666461.306700000539422, 1857117.11769999936223 ], [ 6668061.938699999824166, 1848892.458100000396371 ], [ 6659444.867499999701977, 1838090.409 ], [ 6657558.939999999478459, 1835732.956800000742078 ], [ 6657134.9342, 1820569.96169999986887 ], [ 6645901.127399999648333, 1822396.04869999922812 ], [ 6643628.47859999909997, 1822734.581800000742078 ], [ 6643581.002299999818206, 1822775.60329999960959 ], [ 6632534.832599999383092, 1824594.007099999114871 ], [ 6632497.111700000241399, 1824593.261299999430776 ], [ 6633133.020899999886751, 1831517.752800000831485 ], [ 6632964.908500000834465, 1837428.664100000634789 ], [ 6624300.981799999251962, 1846425.096200000494719 ], [ 6609654.164300000295043, 1861676.713500000536442 ], [ 6617076.433299999684095, 1881027.447499999776483 ], [ 6617077.376599999144673, 1881029.918600000441074 ], [ 6633279.359899999573827, 1906361.98589999973774 ], [ 6626285.049900000914931, 1925248.5351 ], [ 6626141.5153, 1925635.874099999666214 ], [ 6625043.566400000825524, 1926394.446399999782443 ], [ 6618922.72719999961555, 1930628.037599999457598 ], [ 6618420.176400000229478, 1930975.991100000217557 ], [ 6614763.595100000500679, 1931774.987099999561906 ], [ 6609621.877800000831485, 1932902.118899999186397 ], [ 6607415.900100000202656, 1933386.996099999174476 ], [ 6605522.35869999974966, 1929813.064200000837445 ], [ 6595419.534700000658631, 1910841.347899999469519 ], [ 6587114.904200000688434, 1905820.928999999538064 ], [ 6582050.941099999472499, 1902768.064999999478459 ], [ 6583079.391699999570847, 1898204.805500000715256 ], [ 6587528.3267, 1899528.750900000333786 ], [ 6588899.192900000140071, 1899937.389799999073148 ], [ 6586082.168199999257922, 1888363.1425 ], [ 6581619.489299999549985, 1882426.280200000852346 ], [ 6579067.14949999935925, 1881881.669199999421835 ], [ 6570473.638299999758601, 1880055.718499999493361 ], [ 6569658.616499999538064, 1878622.251299999654293 ], [ 6567985.282600000500679, 1875682.005999999120831 ], [ 6563743.955700000748038, 1872887.207800000905991 ], [ 6550633.61849999986589, 1876000.3377 ], [ 6544119.18129999935627, 1877268.252299999818206 ], [ 6542223.287100000306964, 1877638.509800000116229 ], [ 6529701.893400000408292, 1880288.283700000494719 ], [ 6520256.534099999815226, 1880294.970799999311566 ], [ 6520009.874399999156594, 1880343.385900000110269 ], [ 6505945.869300000369549, 1883119.825899999588728 ], [ 6505438.909900000318885, 1883220.491699999198318 ], [ 6505196.14130000025034, 1883075.726500000804663 ], [ 6493471.6081000007689, 1876101.593599999323487 ], [ 6470671.90430000051856, 1842673.274900000542402 ], [ 6461785.663100000470877, 1816337.107300000265241 ], [ 6458310.006899999454618, 1806134.003499999642372 ], [ 6457297.614, 1803172.1557 ], [ 6455384.4276, 1801270.178899999707937 ], [ 6445875.593399999663234, 1804481.610400000587106 ], [ 6441133.05629999935627, 1796619.760500000789762 ], [ 6439666.086899999529123, 1794193.270999999716878 ], [ 6439798.254599999636412, 1793846.041999999433756 ], [ 6441913.535199999809265, 1788288.4496 ], [ 6437566.307399999350309, 1789215.763599999248981 ], [ 6437186.767799999564886, 1789296.865299999713898 ], [ 6429827.681500000879169, 1785443.415100000798702 ], [ 6428126.02170000039041, 1784554.06870000064373 ], [ 6427911.427899999544024, 1784441.959699999541044 ], [ 6422898.798800000920892, 1777788.079 ], [ 6422886.341, 1777771.565600000321865 ], [ 6415122.465199999511242, 1777445.065199999138713 ], [ 6400045.1963, 1771306.628000000491738 ], [ 6390017.263000000268221, 1767247.769600000232458 ], [ 6389872.322300000116229, 1767079.646199999377131 ], [ 6386720.734200000762939, 1763427.003200000151992 ], [ 6383860.070800000801682, 1760116.5395 ], [ 6372502.697200000286102, 1757475.329900000244379 ], [ 6372314.220599999651313, 1757302.831199999898672 ], [ 6367904.567500000819564, 1753271.042199999094009 ], [ 6362250.91609999909997, 1748113.160000000149012 ], [ 6354559.972699999809265, 1746074.20130000077188 ], [ 6350810.089400000870228, 1745083.5844 ], [ 6341200.187699999660254, 1747240.584300000220537 ], [ 6338967.113099999725819, 1747743.905999999493361 ], [ 6334711.214400000870228, 1748896.084799999371171 ], [ 6314446.278999999165535, 1754422.819299999624491 ], [ 6283465.362099999561906, 1777367.582299999892712 ], [ 6280250.857100000604987, 1779761.16950000077486 ], [ 6277854.582900000736117, 1780164.119400000199676 ], [ 6262535.0320999994874, 1782761.29590000025928 ], [ 6211666.112299999222159, 1791647.745999999344349 ], [ 6188818.287200000137091, 1788227.236400000751019 ], [ 6158272.918700000271201, 1783779.862600000575185 ], [ 6156589.011900000274181, 1783538.85840000025928 ], [ 6155377.2993, 1781844.745300000533462 ], [ 6151352.8293999992311, 1776226.7829 ], [ 6149224.89299999922514, 1773261.679300000891089 ], [ 6149671.063699999824166, 1770775.9054000005126 ], [ 6153622.275699999183416, 1748694.054999999701977 ], [ 6153598.036499999463558, 1748502.147299999371171 ], [ 6152865.6623, 1742719.55379999987781 ], [ 6151308.936499999836087, 1730528.031400000676513 ], [ 6151037.494599999859929, 1728415.88230000063777 ], [ 6152230.9682, 1725830.283099999651313 ], [ 6154472.8893, 1720974.606200000271201 ], [ 6149562.188500000163913, 1708437.564200000837445 ], [ 6136035.971300000324845, 1710204.702500000596046 ], [ 6129036.419099999591708, 1711130.07039999961853 ], [ 6127573.698300000280142, 1709521.256899999454618 ], [ 6121876.7007, 1703266.0417 ], [ 6110476.892699999734759, 1697111.340800000354648 ], [ 6106962.168299999088049, 1695219.6316 ], [ 6106208.93779999949038, 1694026.86009999923408 ], [ 6101825.778999999165535, 1687097.646099999547005 ], [ 6087187.770999999716878, 1680839.940099999308586 ], [ 6081326.061200000345707, 1683633.466299999505281 ], [ 6078671.3191, 1684900.816199999302626 ], [ 6064471.840299999341369, 1686088.2369 ], [ 6060759.439500000327826, 1686403.641100000590086 ], [ 6055190.648700000718236, 1683885.371300000697374 ], [ 6046754.048499999567866, 1687641.728900000452995 ], [ 6032711.070599999278784, 1696929.569499999284744 ], [ 6029813.173499999567866, 1702549.6469 ], [ 6019301.507099999114871, 1722966.67119999974966 ], [ 6009968.331399999558926, 1723958.738700000569224 ], [ 6007488.237400000914931, 1721917.895099999383092 ], [ 5999763.82289999909699, 1715575.190300000831485 ], [ 5966620.199100000783801, 1726914.9616 ], [ 5951588.040400000289083, 1720046.427899999544024 ], [ 5945908.77559999935329, 1708825.121899999678135 ], [ 5932925.926999999210238, 1694563.9276 ], [ 5929019.763499999418855, 1701095.035800000652671 ], [ 5930676.545700000599027, 1710247.096899999305606 ], [ 5930284.88260000012815, 1710612.55489999987185 ], [ 5928512.887599999085069, 1712266.560000000521541 ], [ 5908920.25029999949038, 1705160.4671 ], [ 5906714.70920000039041, 1704364.874199999496341 ], [ 5906324.440899999812245, 1704224.18610000051558 ], [ 5904928.617900000885129, 1703045.9945 ], [ 5893944.777699999511242, 1693798.9858 ], [ 5892037.478399999439716, 1693555.619599999859929 ], [ 5883981.763399999588728, 1692533.786000000312924 ], [ 5878324.487500000745058, 1691822.033600000664592 ], [ 5878302.103399999439716, 1697173.987500000745058 ], [ 5890252.554199999198318, 1704942.171 ], [ 5914213.07289999909699, 1713069.869200000539422 ], [ 5923811.692500000819564, 1716354.2785 ], [ 5929703.692399999126792, 1729624.281199999153614 ], [ 5932626.802799999713898, 1736236.5384 ], [ 5933325.243899999186397, 1737819.3092 ], [ 5913718.637599999085069, 1737209.308399999514222 ], [ 5898289.415699999779463, 1731196.934399999678135 ], [ 5884579.226399999111891, 1725891.720599999651313 ], [ 5882146.993200000375509, 1725484.369000000879169 ], [ 5879577.1908, 1725054.969799999147654 ], [ 5854554.035900000482798, 1720927.011499999091029 ], [ 5852864.938500000163913, 1725248.155799999833107 ], [ 5855607.095799999311566, 1733998.497999999672174 ], [ 5870940.052699999883771, 1739871.224500000476837 ], [ 5874614.292099999263883, 1747599.8432 ], [ 5858367.640100000426173, 1762071.277000000700355 ], [ 5856965.887299999594688, 1764074.6305 ], [ 5854533.023499999195337, 1763301.6402000002563 ], [ 5845530.802200000733137, 1760450.340900000184774 ], [ 5845172.052500000223517, 1760337.005300000309944 ], [ 5836236.070000000298023, 1783041.102800000458956 ], [ 5835927.457800000905991, 1783825.935399999842048 ], [ 5829532.237600000575185, 1786084.509999999776483 ], [ 5822081.624199999496341, 1788725.079600000753999 ], [ 5835522.800799999386072, 1799700.661299999803305 ], [ 5835841.323200000450015, 1799961.521600000560284 ], [ 5835842.780799999833107, 1800057.08420000039041 ], [ 5836086.043199999257922, 1816732.953299999237061 ], [ 5836148.796700000762939, 1821298.649800000712276 ], [ 5830845.9287, 1823611.41499999910593 ], [ 5820721.512700000777841, 1828042.223099999129772 ], [ 5820016.429500000551343, 1828351.537100000306964 ], [ 5819022.291600000113249, 1828418.465099999681115 ], [ 5800993.009400000795722, 1829658.424900000914931 ], [ 5799428.974999999627471, 1829768.331399999558926 ], [ 5796009.097799999639392, 1832001.926999999210238 ], [ 5785159.702600000426173, 1839106.573300000280142 ], [ 5774942.255000000819564, 1834722.095300000160933 ], [ 5768997.148199999704957, 1832180.554400000721216 ], [ 5743999.644500000402331, 1842264.497099999338388 ], [ 5744506.533500000834465, 1846333.694399999454618 ], [ 5747363.386, 1848417.049499999731779 ], [ 5750920.446100000292063, 1851014.551799999549985 ], [ 5753666.572599999606609, 1857349.75 ], [ 5745563.879599999636412, 1874831.342700000852346 ], [ 5745479.268999999389052, 1875014.09940000064671 ], [ 5747171.604800000786781, 1882911.156400000676513 ], [ 5759710.942500000819564, 1879601.362400000914931 ], [ 5768362.819599999114871, 1867253.799100000411272 ], [ 5774084.175300000235438, 1859107.3608 ], [ 5776385.588199999183416, 1859604.194199999794364 ], [ 5790232.582900000736117, 1862611.725700000301003 ], [ 5790314.865399999544024, 1862670.226099999621511 ], [ 5800351.926400000229478, 1869821.5592 ], [ 5775852.7994, 1891119.980799999088049 ], [ 5775838.977800000458956, 1897008.8015 ], [ 5776438.481899999082088, 1897623.220200000330806 ], [ 5778828.6064, 1900074.564099999144673 ], [ 5784634.394799999892712, 1906040.7972 ], [ 5790430.314200000837445, 1920656.441199999302626 ], [ 5776261.189400000497699, 1925320.624500000849366 ], [ 5773118.817700000479817, 1938658.520500000566244 ], [ 5765719.0793999992311, 1946430.132799999788404 ], [ 5758711.800899999216199, 1954542.248299999162555 ], [ 5747819.331800000742078, 1955054.103399999439716 ], [ 5746975.520199999213219, 1963093.287499999627471 ], [ 5746791.215800000354648, 1964845.223300000652671 ], [ 5747246.603800000622869, 1965524.725600000470877 ], [ 5748632.626900000497699, 1967594.099999999627471 ], [ 5755942.6064, 1965784.778200000524521 ], [ 5761634.816400000825524, 1969276.470599999651313 ], [ 5762324.044099999591708, 1970386.377399999648333 ], [ 5770934.902000000700355, 1984298.360500000417233 ], [ 5771285.821699999272823, 1984867.110400000587106 ], [ 5771041.095000000670552, 1991354.316800000146031 ], [ 5766308.030600000172853, 1993325.122300000861287 ], [ 5747981.861999999731779, 1986194.122899999842048 ], [ 5711781.822300000116229, 1968182.748299999162555 ], [ 5708671.964600000530481, 1967773.449699999764562 ], [ 5703005.563799999654293, 1967031.616599999368191 ], [ 5700862.948799999430776, 1976232.771500000730157 ], [ 5702067.838999999687076, 1982967.957299999892712 ], [ 5703287.8969, 1989819.499199999496341 ], [ 5700260.707100000232458, 2002444.5559 ], [ 5698540.517300000414252, 2009615.841199999675155 ], [ 5698898.741800000891089, 2023714.539899999275804 ], [ 5705759.122500000521541, 2029064.87639999948442 ], [ 5709464.027000000700355, 2031961.057900000363588 ], [ 5713597.559699999168515, 2047485.084000000730157 ], [ 5714509.307800000533462, 2050927.469900000840425 ], [ 5718541.930600000545382, 2054024.520500000566244 ], [ 5721904.481899999082088, 2056611.19400000013411 ], [ 5724264.07289999909699, 2060231.97859999909997 ], [ 5735886.365000000223517, 2078151.598999999463558 ], [ 5747720.8849, 2081381.687000000849366 ], [ 5758868.879200000315905, 2084447.065999999642372 ], [ 5762277.276499999687076, 2087762.962500000372529 ], [ 5764921.901399999856949, 2090339.590099999681115 ], [ 5766137.93779999949038, 2091525.470000000670552 ], [ 5773832.551300000399351, 2094652.923000000417233 ], [ 5778403.82010000012815, 2096516.610500000417233 ], [ 5782393.564899999648333, 2092532.08669999986887 ], [ 5787022.14299999922514, 2087916.4496 ], [ 5802311.109300000593066, 2084257.064899999648333 ], [ 5802655.238500000908971, 2084175.16499999910593 ], [ 5822276.434800000861287, 2089511.0320999994874 ], [ 5822572.801100000739098, 2089830.607599999755621 ], [ 5829169.019999999552965, 2096956.007099999114871 ], [ 5828389.053099999204278, 2099711.7138 ], [ 5823573.0713, 2098532.265699999406934 ], [ 5813136.888699999079108, 2106613.878000000491738 ], [ 5815506.832900000736117, 2112240.283500000834465 ], [ 5838913.936699999496341, 2113651.044600000604987 ], [ 5839175.147299999371171, 2112921.878900000825524 ], [ 5840062.982200000435114, 2110443.6853 ], [ 5840192.162499999627471, 2110083.131100000813603 ], [ 5840103.241699999198318, 2109937.428099999204278 ], [ 5839892.267899999395013, 2109591.770600000396371 ], [ 5834522.228900000452995, 2100811.59940000064671 ], [ 5834159.810599999502301, 2100220.281199999153614 ], [ 5835803.082599999383092, 2099674.234200000762939 ], [ 5837273.514799999073148, 2099186.046800000593066 ], [ 5838142.702299999073148, 2098897.663699999451637 ], [ 5846668.86460000090301, 2103442.913699999451637 ], [ 5854350.201899999752641, 2107166.708000000566244 ], [ 5855185.951899999752641, 2107572.666899999603629 ], [ 5876474.721999999135733, 2112498.493699999526143 ], [ 5881612.513399999588728, 2113698.935100000351667 ], [ 5881918.027699999511242, 2113770.461200000718236 ], [ 5894625.486400000751019, 2113691.489 ], [ 5905566.823300000280142, 2119546.374099999666214 ], [ 5905736.954199999570847, 2119544.285599999129772 ], [ 5920648.165899999439716, 2119379.0844 ], [ 5922677.215299999341369, 2120416.425100000575185 ], [ 5927887.323400000110269, 2123084.462099999189377 ], [ 5933297.54109999909997, 2131268.028899999335408 ], [ 5932823.998299999162555, 2131565.012399999424815 ], [ 5928170.805700000375509, 2134486.155500000342727 ], [ 5927749.722200000658631, 2134368.996899999678135 ], [ 5924229.122300000861287, 2133390.694399999454618 ], [ 5921930.761600000783801, 2132753.220300000160933 ], [ 5913015.103199999779463, 2131222.176000000908971 ], [ 5903337.631100000813603, 2135561.029400000348687 ], [ 5902755.8918999992311, 2135822.464400000870228 ], [ 5911203.863500000908971, 2144731.978000000119209 ], [ 5917170.5778, 2151047.926999999210238 ], [ 5920599.418700000271201, 2152423.565099999308586 ], [ 5938333.654999999329448, 2159576.706299999728799 ], [ 5944112.473899999633431, 2161921.4814 ], [ 5949768.479900000616908, 2166499.1524 ], [ 5956054.648199999704957, 2171600.700099999085069 ], [ 5960093.771800000220537, 2168676.899800000712276 ], [ 5961214.055099999532104, 2167866.722100000828505 ], [ 5982968.776599999517202, 2176446.758300000801682 ], [ 5984613.950500000268221, 2179722.801799999549985 ], [ 5965223.418500000610948, 2179154.557399999350309 ], [ 5954361.535800000652671, 2175557.577299999073148 ], [ 5947016.58390000090003, 2173137.870799999684095 ], [ 5940744.597699999809265, 2176249.006899999454618 ], [ 5940162.355799999088049, 2176538.250600000843406 ], [ 5939715.5175, 2176577.966900000348687 ], [ 5933620.083799999207258, 2177122.993899999186397 ], [ 5907737.021099999547005, 2190717.99970000050962 ], [ 5907877.247999999672174, 2192630.605699999257922 ], [ 5910284.318099999800324, 2195955.100700000301003 ], [ 5910390.814500000327826, 2196102.304500000551343 ], [ 5912181.2664, 2204526.042999999597669 ], [ 5913963.950400000438094, 2214531.887700000777841 ], [ 5914057.523199999704957, 2215059.231499999761581 ], [ 5916171.748400000855327, 2216190.540500000119209 ], [ 5921033.540300000458956, 2218796.2149 ], [ 5953578.844000000506639, 2222143.944599999114871 ], [ 5977461.68610000051558, 2224710.878399999812245 ], [ 5978485.28800000064075, 2224822.98340000025928 ], [ 5996888.620400000363588, 2229691.8936 ], [ 5996918.2752, 2229722.839800000190735 ], [ 5998921.242599999532104, 2231814.124099999666214 ], [ 6005903.2226, 2239120.907600000500679 ], [ 6013792.784499999135733, 2238883.162599999457598 ], [ 6022631.259700000286102, 2238163.293500000610948 ], [ 6049212.99239999987185, 2238007.165699999779463 ], [ 6058753.963500000536442, 2240014.740000000223517 ], [ 6065181.278799999505281, 2241375.996300000697374 ], [ 6089222.53319999948144, 2252879.757099999114871 ], [ 6090271.408700000494719, 2253384.631999999284744 ], [ 6090286.154400000348687, 2253414.584699999541044 ], [ 6095402.279699999839067, 2263833.450799999758601 ], [ 6096262.361500000581145, 2265590.207699999213219 ], [ 6096254.339199999347329, 2265622.932600000873208 ], [ 6093686.392000000923872, 2276089.93720000050962 ], [ 6094139.6699, 2276578.00730000063777 ], [ 6098005.8037, 2280745.663200000301003 ], [ 6098173.049100000411272, 2280926.145099999383092 ], [ 6099110.570000000298023, 2281852.366699999198318 ], [ 6140722.70299999974668, 2323408.993200000375509 ], [ 6141166.269899999722838, 2324099.834799999371171 ], [ 6149527.029400000348687, 2337164.00929999910295 ], [ 6152259.421, 2341451.179300000891089 ], [ 6152568.158500000834465, 2341936.144400000572205 ], [ 6153162.807099999859929, 2342331.004899999126792 ], [ 6161375.941500000655651, 2347795.60700000077486 ], [ 6166970.4638, 2355828.649800000712276 ], [ 6167185.756899999454618, 2356138.398600000888109 ], [ 6167983.182, 2356629.4243 ], [ 6185473.192500000819564, 2367444.034399999305606 ], [ 6190460.304500000551343, 2370407.517300000414252 ], [ 6192294.598099999129772, 2371911.52250000089407 ], [ 6225638.25650000013411, 2399479.317500000819564 ], [ 6226473.389000000432134, 2400175.386199999600649 ], [ 6226661.457299999892712, 2400332.176000000908971 ], [ 6279698.690899999812245, 2412309.085100000724196 ], [ 6297842.148499999195337, 2416521.824899999424815 ], [ 6332308.24860000051558, 2427958.761399999260902 ], [ 6338525.49349999986589, 2430046.602700000628829 ], [ 6338552.717700000852346, 2430055.761700000613928 ], [ 6338863.079800000414252, 2430340.759500000625849 ], [ 6344977.180800000205636, 2435964.10700000077486 ], [ 6346012.317199999466538, 2438106.136199999600649 ], [ 6352018.245500000193715, 2450581.338999999687076 ], [ 6357136.604699999094009, 2450463.113500000908971 ], [ 6367175.832499999552965, 2450243.934399999678135 ], [ 6370593.512800000607967, 2450173.159 ], [ 6368263.086899999529123, 2448056.632400000467896 ], [ 6366486.875399999320507, 2446445.080399999395013 ], [ 6366111.109200000762939, 2441023.4956 ] ] ], [ [ [ 5922190.831000000238419, 2175142.097899999469519 ], [ 5921917.8465, 2175034.223099999129772 ], [ 5917764.11600000038743, 2176851.654899999499321 ], [ 5914229.30629999935627, 2178401.072599999606609 ], [ 5918875.708000000566244, 2178633.409900000318885 ], [ 5921619.302799999713898, 2178772.227900000289083 ], [ 5922971.102, 2177510.134600000455976 ], [ 5924521.211500000208616, 2176063.605100000277162 ], [ 5922190.831000000238419, 2175142.097899999469519 ] ] ], [ [ [ 5741548.455, 2274039.932700000703335 ], [ 5765061.444199999794364, 2261624.677999999374151 ], [ 5767233.347300000488758, 2260484.304300000891089 ], [ 5767783.769899999722838, 2260195.472899999469519 ], [ 5779605.554099999368191, 2268862.903000000864267 ], [ 5780027.845899999141693, 2269173.3838 ], [ 5787303.122600000351667, 2268767.100400000810623 ], [ 5789446.342700000852346, 2274538.009600000455976 ], [ 5789813.568, 2274582.774399999529123 ], [ 5792784.119000000879169, 2274945.709599999710917 ], [ 5804912.651399999856949, 2276442.796399999409914 ], [ 5806909.073200000450015, 2270000.580299999564886 ], [ 5808319.560599999502301, 2267446.289799999445677 ], [ 5806712.640100000426173, 2264863.266200000420213 ], [ 5804237.56900000013411, 2260890.805299999192357 ], [ 5805227.60700000077486, 2259368.030099999159575 ], [ 5807562.268400000408292, 2255778.996799999848008 ], [ 5812365.5768, 2248403.344200000166893 ], [ 5823272.143400000408292, 2236079.356799999251962 ], [ 5823666.491399999707937, 2235771.79759999923408 ], [ 5824471.292300000786781, 2235144.257799999788404 ], [ 5825822.104399999603629, 2234404.448100000619888 ], [ 5834592.023399999365211, 2229611.633099999278784 ], [ 5834780.309000000357628, 2229565.216600000858307 ], [ 5874605.056199999526143, 2219889.595100000500679 ], [ 5891877.84569999948144, 2218835.914799999445677 ], [ 5906523.075999999418855, 2217980.60359999909997 ], [ 5909664.080800000578165, 2215064.574699999764562 ], [ 5910010.561499999836087, 2214743.103800000622869 ], [ 5910229.786599999293685, 2214539.722699999809265 ], [ 5910160.776699999347329, 2214389.939300000667572 ], [ 5907080.961500000208616, 2207716.371200000867248 ], [ 5906670.284499999135733, 2205242.503699999302626 ], [ 5903998.530899999663234, 2189266.70240000076592 ], [ 5903986.36849999986589, 2189194.439600000157952 ], [ 5903529.27449999935925, 2188893.276599999517202 ], [ 5892619.11089999973774, 2181723.090700000524521 ], [ 5891706.586300000548363, 2181124.951400000602007 ], [ 5879411.376800000667572, 2178555.400000000372529 ], [ 5873456.447499999776483, 2181197.212200000882149 ], [ 5871801.961200000718236, 2181219.520700000226498 ], [ 5843745.4638, 2181664.803400000557303 ], [ 5843333.087999999523163, 2181465.242799999192357 ], [ 5835488.951500000432134, 2177676.598999999463558 ], [ 5826191.269799999892712, 2173203.986400000751019 ], [ 5825033.837400000542402, 2171210.42879999987781 ], [ 5824118.176000000908971, 2169634.585100000724196 ], [ 5821485.301899999380112, 2165109.756100000813603 ], [ 5815507.448400000110269, 2164999.613600000739098 ], [ 5803901.03969999961555, 2164802.101099999621511 ], [ 5788400.4386, 2157120.25029999949038 ], [ 5786396.021999999880791, 2151992.25929999910295 ], [ 5774746.97440000064671, 2122444.526599999517202 ], [ 5746777.42090000025928, 2097915.204800000414252 ], [ 5737459.641100000590086, 2089827.231000000610948 ], [ 5733255.207399999722838, 2086189.0899 ], [ 5733010.999800000339746, 2085977.99100000038743 ], [ 5724901.742499999701977, 2068757.601399999111891 ], [ 5713798.591, 2055843.664899999275804 ], [ 5710797.459499999880791, 2052366.262599999085069 ], [ 5710617.228499999269843, 2045603.878799999132752 ], [ 5709759.238399999216199, 2044102.862199999392033 ], [ 5707204.8454, 2039639.95130000077188 ], [ 5697441.277499999850988, 2032625.77280000038445 ], [ 5698312.209599999710917, 2037831.6513 ], [ 5700632.046900000423193, 2051794.124900000169873 ], [ 5700687.464600000530481, 2052129.400699999183416 ], [ 5696982.492200000211596, 2062954.011499999091029 ], [ 5703192.2956000007689, 2068844.339299999177456 ], [ 5738178.889799999073148, 2102360.5768 ], [ 5735476.650800000876188, 2107128.465600000694394 ], [ 5735438.569399999454618, 2107195.686499999836087 ], [ 5732156.017400000244379, 2106449.634400000795722 ], [ 5730049.683499999344349, 2105971.882999999448657 ], [ 5729425.294099999591708, 2105830.4070999994874 ], [ 5713936.218399999663234, 2097500.114499999210238 ], [ 5680568.632799999788404, 2091100.780799999833107 ], [ 5677547.7116, 2092174.602700000628829 ], [ 5672440.867200000211596, 2101100.044600000604987 ], [ 5670221.357100000604987, 2102712.067500000819564 ], [ 5675170.8531, 2105788.847899999469519 ], [ 5677127.724899999797344, 2107007.166899999603629 ], [ 5690792.701199999079108, 2132431.846899999305606 ], [ 5690717.037599999457598, 2132679.064200000837445 ], [ 5688141.610200000926852, 2141094.934599999338388 ], [ 5685936.270899999886751, 2148303.177500000223517 ], [ 5685743.1305, 2151433.511800000444055 ], [ 5684954.090099999681115, 2164121.933900000527501 ], [ 5684939.408500000834465, 2164356.527300000190735 ], [ 5687693.230799999088049, 2166915.500099999830127 ], [ 5699136.560200000181794, 2177585.653599999845028 ], [ 5703746.16609999909997, 2181900.528300000354648 ], [ 5704549.890000000596046, 2182653.851199999451637 ], [ 5704075.49349999986589, 2184072.069399999454618 ], [ 5696647.542400000616908, 2206291.526100000366569 ], [ 5675518.538499999791384, 2215228.651000000536442 ], [ 5672769.7467, 2219223.164000000804663 ], [ 5673742.314999999478459, 2225808.526799999177456 ], [ 5682374.763900000602007, 2229389.038899999111891 ], [ 5686324.162599999457598, 2231032.394400000572205 ], [ 5686560.884199999272823, 2231664.613500000908971 ], [ 5686655.005000000819564, 2231916.040699999779463 ], [ 5688596.9912, 2237110.886800000444055 ], [ 5687962.496200000867248, 2239555.010700000450015 ], [ 5687246.910000000149012, 2242311.3246 ], [ 5691544.246300000697374, 2248505.287200000137091 ], [ 5695836.909299999475479, 2248883.781700000166893 ], [ 5700699.785900000482798, 2249316.209100000560284 ], [ 5711847.269899999722838, 2254915.392400000244379 ], [ 5716919.927200000733137, 2257473.079700000584126 ], [ 5718003.325500000268221, 2259301.583000000566244 ], [ 5722050.098600000143051, 2266145.267100000753999 ], [ 5723449.593599999323487, 2268517.0888 ], [ 5723794.924100000411272, 2269102.746899999678135 ], [ 5732529.0482, 2268942.142699999734759 ], [ 5732891.27140000090003, 2268935.751599999144673 ], [ 5735741.402599999681115, 2270755.346400000154972 ], [ 5741181.256300000473857, 2274234.834100000560284 ], [ 5741548.455, 2274039.932700000703335 ] ] ], [ [ [ 5883087.159700000658631, 2126209.825200000777841 ], [ 5880696.381699999794364, 2124574.676200000569224 ], [ 5880433.241800000891089, 2126433.4715 ], [ 5879741.819700000807643, 2131311.862099999561906 ], [ 5879129.552899999544024, 2135624.838300000876188 ], [ 5881636.863399999216199, 2131557.878699999302626 ], [ 5882131.574799999594688, 2130755.79109999909997 ], [ 5882849.117900000885129, 2127342.535900000482798 ], [ 5883087.159700000658631, 2126209.825200000777841 ] ] ], [ [ [ 5813352.166400000452995, 2124173.932600000873208 ], [ 5804034.366399999707937, 2115171.657700000330806 ], [ 5802964.624399999156594, 2115196.831800000742078 ], [ 5797383.969699999317527, 2115331.112999999895692 ], [ 5795335.044700000435114, 2120715.585699999704957 ], [ 5804792.865499999374151, 2125818.33500000089407 ], [ 5806185.886800000444055, 2126571.749900000169873 ], [ 5813352.166400000452995, 2124173.932600000873208 ] ] ], [ [ [ 5807923.931099999696016, 2103590.412100000306964 ], [ 5807103.16950000077486, 2102250.891100000590086 ], [ 5805314.789899999275804, 2103122.274599999189377 ], [ 5803832.954600000753999, 2103844.814899999648333 ], [ 5802460.842199999839067, 2104514.274800000712276 ], [ 5804611.066400000825524, 2108487.882500000298023 ], [ 5805603.2653, 2108350.222999999299645 ], [ 5805937.109300000593066, 2108303.941199999302626 ], [ 5810428.55489999987185, 2107683.061200000345707 ], [ 5808060.912699999287724, 2103814.050699999555945 ], [ 5807923.931099999696016, 2103590.412100000306964 ] ] ], [ [ [ 5799434.942500000819564, 2105922.924000000581145 ], [ 5798558.314099999144673, 2103725.8257 ], [ 5795559.827299999073148, 2104562.05460000038147 ], [ 5795884.801699999719858, 2106766.982899999246001 ], [ 5796436.018300000578165, 2110516.092000000178814 ], [ 5799139.6075, 2108500.057700000703335 ], [ 5799869.325999999418855, 2107956.260099999606609 ], [ 5800159.313100000843406, 2107740.197799999266863 ], [ 5799434.942500000819564, 2105922.924000000581145 ] ] ], [ [ [ 5778570.781400000676513, 1869287.645999999716878 ], [ 5778714.35950000025332, 1868801.102399999275804 ], [ 5776254.696100000292063, 1869638.087099999189377 ], [ 5774789.57149999961257, 1870137.165500000119209 ], [ 5774702.130799999460578, 1870166.963500000536442 ], [ 5774485.007200000807643, 1870846.165999999269843 ], [ 5773250.530500000342727, 1874708.143400000408292 ], [ 5772440.170199999585748, 1877243.586799999698997 ], [ 5774740.642799999564886, 1876687.606699999421835 ], [ 5775962.895999999716878, 1876392.572599999606609 ], [ 5776513.417999999597669, 1876259.7664 ], [ 5777394.841099999845028, 1873272.670700000599027 ], [ 5778570.781400000676513, 1869287.645999999716878 ] ] ], [ [ [ 5748858.966199999675155, 1859794.643200000748038 ], [ 5745689.3553, 1855571.441700000315905 ], [ 5743407.969200000166893, 1858033.9605 ], [ 5742619.256799999624491, 1858885.731000000610948 ], [ 5746639.337999999523163, 1861882.466199999675155 ], [ 5746796.678400000557303, 1861999.8585 ], [ 5747157.864700000733137, 1861613.529999999329448 ], [ 5747814.396600000560284, 1860911.416600000113249 ], [ 5748858.966199999675155, 1859794.643200000748038 ] ] ], [ [ [ 5691447.6184, 2000779.910800000652671 ], [ 5691135.278200000524521, 2000631.216900000348687 ], [ 5688096.425100000575185, 2002241.967700000852346 ], [ 5686068.710899999365211, 2003317.9046 ], [ 5683380.786699999123812, 2004745.570599999278784 ], [ 5691357.0307, 2007171.716399999335408 ], [ 5692710.114499999210238, 2005254.0263 ], [ 5694509.779100000858307, 2002704.769600000232458 ], [ 5694755.941299999132752, 2002356.197200000286102 ], [ 5692571.131300000473857, 2001314.95160000026226 ], [ 5691447.6184, 2000779.910800000652671 ] ] ], [ [ [ 5664772.083100000396371, 2030493.036299999803305 ], [ 5660796.840800000354648, 2028502.239499999210238 ], [ 5660528.956900000572205, 2028602.949999999254942 ], [ 5652270.527799999341369, 2031714.49269999936223 ], [ 5651757.865299999713898, 2031908.08420000039041 ], [ 5652551.128799999132752, 2032878.6469 ], [ 5656507.137399999424815, 2037725.218399999663234 ], [ 5658914.35359999909997, 2040679.548100000247359 ], [ 5670930.722400000318885, 2047197.311699999496341 ], [ 5671078.435699999332428, 2047170.597500000149012 ], [ 5673893.576400000602007, 2046662.1689 ], [ 5675508.324999999254942, 2046371.133400000631809 ], [ 5675726.535000000149012, 2045716.579800000414252 ], [ 5676969.680600000545382, 2041988.066800000146031 ], [ 5678038.536100000143051, 2038782.95920000039041 ], [ 5681267.604299999773502, 2038792.552699999883771 ], [ 5677350.985600000247359, 2036816.314600000157952 ], [ 5664772.083100000396371, 2030493.036299999803305 ] ] ] ] } },
{ "type": "Feature", "properties": { "CNTR_ID": "UA", "CNTR_NAME": "Україна", "NAME_ENGL": "Ukraine", "NAME_FREN": "Ukraine", "ISO3_CODE": "UKR", "SVRG_UN": "UN Member State", "CAPT": "Kyïv", "EU_STAT": "F", "EFTA_STAT": "F", "CC_STAT": "T", "NAME_GERM": "Ukraine" }, "geometry": { "type": "MultiPolygon", "coordinates": [ [ [ [ 5870167.888699999079108, 3501747.422700000926852 ], [ 5885761.325099999085069, 3503796.479299999773502 ], [ 5889370.060900000855327, 3506401.595899999141693 ], [ 5891145.539300000295043, 3502283.8794 ], [ 5894383.632799999788404, 3502128.905999999493361 ], [ 5902258.615800000727177, 3510457.22859999909997 ], [ 5910599.199300000444055, 3513659.135800000280142 ], [ 5935957.72690000012517, 3497153.1162 ], [ 5937072.974700000137091, 3489349.912200000137091 ], [ 5941377.355900000780821, 3483127.791999999433756 ], [ 5956002.808499999344349, 3473543.236300000920892 ], [ 5965487.387000000104308, 3471748.9561 ], [ 5971341.471300000324845, 3463582.834599999710917 ], [ 5971558.8004, 3460031.825300000607967 ], [ 5954156.517400000244379, 3447298.476199999451637 ], [ 5971573.2906, 3434902.45299999974668 ], [ 5971430.405799999833107, 3431432.50029999949038 ], [ 5971068.535499999299645, 3422849.187100000679493 ], [ 5979084.868100000545382, 3418485.927799999713898 ], [ 5977462.299900000914931, 3408017.444599999114871 ], [ 5982183.382400000467896, 3406357.741699999198318 ], [ 5986751.5471, 3410748.88289999961853 ], [ 6003396.082299999892712, 3414377.808499999344349 ], [ 6011108.8256, 3408333.34940000064671 ], [ 6018643.503000000491738, 3411216.557399999350309 ], [ 6026780.534800000488758, 3420581.616599999368191 ], [ 6036323.728900000452995, 3423372.798499999567866 ], [ 6046612.769300000742078, 3407974.29450000077486 ], [ 6054993.785700000822544, 3412214.193299999460578 ], [ 6060010.322599999606609, 3410978.218900000676513 ], [ 6061153.925100000575185, 3408303.9781 ], [ 6058664.335699999704957, 3405169.391699999570847 ], [ 6060588.96030000038445, 3402213.449899999424815 ], [ 6061262.3158, 3398734.037100000306964 ], [ 6064607.17820000089705, 3397234.227099999785423 ], [ 6071514.430099999532104, 3386207.890900000929832 ], [ 6076730.325200000777841, 3383627.984899999573827 ], [ 6080192.668099999427795, 3374507.120100000873208 ], [ 6076257.179199999198318, 3369140.106100000441074 ], [ 6079155.3081, 3361617.033700000494719 ], [ 6082212.099300000816584, 3358753.936899999156594 ], [ 6086568.390100000426173, 3354679.173900000751019 ], [ 6094934.306500000879169, 3352348.754499999806285 ], [ 6100546.813500000163913, 3344615.136600000783801 ], [ 6104289.058199999853969, 3343956.472999999299645 ], [ 6104332.30599999986589, 3343948.8783 ], [ 6109654.601299999281764, 3347223.331199999898672 ], [ 6112348.941400000825524, 3356035.729399999603629 ], [ 6129116.2697, 3364643.243599999696016 ], [ 6135215.0789, 3364079.571399999782443 ], [ 6136869.867900000885129, 3362938.825500000268221 ], [ 6149692.482300000265241, 3354126.372700000181794 ], [ 6156593.6634, 3360006.693299999460578 ], [ 6174340.454199999570847, 3355253.926400000229478 ], [ 6175004.285599999129772, 3356292.344699999317527 ], [ 6186079.399700000882149, 3373790.799699999392033 ], [ 6202494.236700000241399, 3382479.694700000807643 ], [ 6211292.714800000190735, 3394764.352700000628829 ], [ 6219898.245899999514222, 3400534.035000000149012 ], [ 6223689.135700000450015, 3391763.4934 ], [ 6228831.193199999630451, 3390509.61009999923408 ], [ 6235579.391799999400973, 3388872.7804000005126 ], [ 6242157.0877, 3376232.750199999660254 ], [ 6252565.5285, 3369881.3936 ], [ 6266062.269500000402331, 3368610.47829999960959 ], [ 6276649.91499999910593, 3362393.97580000013113 ], [ 6278906.700300000607967, 3357783.0143 ], [ 6287171.636900000274181, 3369846.4507 ], [ 6282095.892699999734759, 3380115.432299999520183 ], [ 6289937.201199999079108, 3384142.767799999564886 ], [ 6296774.941500000655651, 3377484.881999999284744 ], [ 6307488.340600000694394, 3377263.50620000064373 ], [ 6316774.894799999892712, 3381179.366399999707937 ], [ 6318566.165300000458956, 3385791.4134 ], [ 6323232.369300000369549, 3378283.453600000590086 ], [ 6337717.20160000026226, 3377129.056800000369549 ], [ 6341594.29079999960959, 3374056.721000000834465 ], [ 6343131.361700000241399, 3372839.870899999514222 ], [ 6350435.9397, 3378352.807499999180436 ], [ 6354629.7972, 3388095.956499999389052 ], [ 6367049.028799999505281, 3377818.329500000923872 ], [ 6388155.841900000348687, 3383543.020400000736117 ], [ 6396962.230499999597669, 3374179.573100000619888 ], [ 6409999.786299999803305, 3372190.244599999859929 ], [ 6428829.699999999254942, 3387218.716700000688434 ], [ 6430763.343299999833107, 3382496.314099999144673 ], [ 6429132.037499999627471, 3370697.215199999511242 ], [ 6443336.824799999594688, 3360435.459499999880791 ], [ 6448260.6570999994874, 3351308.603399999439716 ], [ 6441816.802799999713898, 3338038.895199999213219 ], [ 6438797.873099999502301, 3324590.864800000563264 ], [ 6427200.6722, 3312498.130599999800324 ], [ 6432003.581499999389052, 3309715.052500000223517 ], [ 6440045.297700000926852, 3305067.993200000375509 ], [ 6454375.226099999621511, 3307798.825999999418855 ], [ 6453118.155999999493361, 3298960.828700000420213 ], [ 6441321.497600000351667, 3293517.0899 ], [ 6440308.299499999731779, 3283708.824100000783801 ], [ 6442152.362700000405312, 3272948.897199999541044 ], [ 6445838.822499999776483, 3268901.1206 ], [ 6448743.715099999681115, 3268418.050899999216199 ], [ 6456697.620400000363588, 3267104.013699999079108 ], [ 6468220.699699999764562, 3253103.2043999992311 ], [ 6468572.658099999651313, 3245131.692199999466538 ], [ 6476238.794700000435114, 3245196.393799999728799 ], [ 6479130.413100000470877, 3240052.375099999830127 ], [ 6479486.230399999767542, 3239419.425599999725819 ], [ 6476071.885900000110269, 3214650.659299999475479 ], [ 6479580.6502, 3202431.271800000220537 ], [ 6478050.377599999308586, 3191188.203700000420213 ], [ 6458655.149000000208616, 3184145.719000000506639 ], [ 6432980.880699999630451, 3174957.1557 ], [ 6420054.115599999204278, 3170064.493000000715256 ], [ 6419723.591199999675155, 3169634.2281 ], [ 6417735.89640000090003, 3167048.917400000616908 ], [ 6416765.266200000420213, 3160106.235600000247359 ], [ 6419112.13120000064373, 3147904.572599999606609 ], [ 6395140.217499999329448, 3128054.048100000247359 ], [ 6394931.107599999755621, 3127361.013000000268221 ], [ 6392821.887000000104308, 3120391.187000000849366 ], [ 6398870.948000000789762, 3104295.971599999815226 ], [ 6397344.935200000181794, 3093391.716399999335408 ], [ 6405738.967199999839067, 3092142.63150000013411 ], [ 6402181.0351, 3083524.961300000548363 ], [ 6405650.853700000792742, 3072413.2195999994874 ], [ 6401665.455199999734759, 3063917.814999999478459 ], [ 6395190.295199999585748, 3066514.991699999198318 ], [ 6382844.511800000444055, 3060562.432700000703335 ], [ 6361805.661599999293685, 3050510.053099999204278 ], [ 6358031.411299999803305, 3046362.261900000274181 ], [ 6352201.2804000005126, 3024756.03800000064075 ], [ 6342668.659399999305606, 3025770.60080000013113 ], [ 6333130.67090000025928, 3014983.4342 ], [ 6326133.206800000742078, 3006427.296700000762939 ], [ 6323381.082800000905991, 2992191.1064 ], [ 6321721.61849999986589, 2992580.1919 ], [ 6316016.1842, 2993922.079299999400973 ], [ 6313920.378100000321865, 2994416.62360000051558 ], [ 6306648.074400000274181, 2992008.990900000557303 ], [ 6294140.7972999997437, 2981285.6535 ], [ 6286235.079500000923872, 2966556.506899999454618 ], [ 6279022.254100000485778, 2968545.540300000458956 ], [ 6260928.6458, 2959336.05519999936223 ], [ 6257618.104399999603629, 2957660.4836 ], [ 6235640.443600000813603, 2924816.48960000090301 ], [ 6231556.6118, 2914738.232899999246001 ], [ 6225736.950899999588728, 2911553.72719999961555 ], [ 6220542.22069999948144, 2916071.457000000402331 ], [ 6215107.948999999091029, 2901499.8739 ], [ 6215064.082100000232458, 2901454.605900000780821 ], [ 6201846.26410000026226, 2887867.007999999448657 ], [ 6198676.378599999472499, 2877497.856699999421835 ], [ 6191021.642799999564886, 2877951.339199999347329 ], [ 6185740.356799999251962, 2874674.969100000336766 ], [ 6188133.67850000038743, 2861038.672499999403954 ], [ 6182319.284199999645352, 2851817.866499999538064 ], [ 6180970.8235, 2852384.630300000309944 ], [ 6179049.946699999272823, 2853192.676100000739098 ], [ 6177722.506400000303984, 2853751.560100000351667 ], [ 6176736.733899999409914, 2854166.845899999141693 ], [ 6174702.165300000458956, 2861385.105499999597669 ], [ 6180688.867000000551343, 2866524.670700000599027 ], [ 6182867.777699999511242, 2868399.286800000816584 ], [ 6179707.985999999567866, 2874004.117200000211596 ], [ 6175016.44649999961257, 2869571.26410000026226 ], [ 6163431.201099999248981, 2871433.990900000557303 ], [ 6162198.680400000885129, 2864454.061300000175834 ], [ 6150795.2434, 2873278.891000000759959 ], [ 6151396.240499999374151, 2868828.84940000064671 ], [ 6157714.24349999986589, 2863698.819399999454618 ], [ 6156783.032800000160933, 2856839.4145 ], [ 6151371.965700000524521, 2863032.757500000298023 ], [ 6149462.359999999403954, 2858304.751199999824166 ], [ 6144662.866599999368191, 2857548.362600000575185 ], [ 6142565.026200000196695, 2858399.187699999660254 ], [ 6140379.17259999923408, 2859286.737800000235438 ], [ 6137450.962500000372529, 2860477.363600000739098 ], [ 6130592.591099999845028, 2863273.408600000664592 ], [ 6111856.209000000730157, 2857264.4627 ], [ 6113773.443199999630451, 2856300.9101 ], [ 6123154.8136, 2851598.644999999552965 ], [ 6128825.970499999821186, 2853047.862500000745058 ], [ 6136345.968800000846386, 2846998.269999999552965 ], [ 6143811.42339999973774, 2851028.716600000858307 ], [ 6147801.959000000730157, 2851201.545099999755621 ], [ 6169749.069599999114871, 2852203.697300000116229 ], [ 6179180.817099999636412, 2844612.964700000360608 ], [ 6184750.992900000885129, 2844418.144999999552965 ], [ 6191105.908800000324845, 2850924.011900000274181 ], [ 6193294.988700000569224, 2839461.18099999986589 ], [ 6201309.9693, 2840256.584000000730157 ], [ 6204819.767200000584126, 2840608.588500000536442 ], [ 6207769.268899999558926, 2837859.261099999770522 ], [ 6208024.841700000688434, 2831090.2043999992311 ], [ 6216199.1634, 2833378.660900000482798 ], [ 6219098.1349, 2832711.249900000169873 ], [ 6228851.515599999576807, 2830477.729800000786781 ], [ 6236599.444199999794364, 2825030.160499999299645 ], [ 6237866.129599999636412, 2822991.320499999448657 ], [ 6242508.882799999788404, 2815522.734099999070168 ], [ 6242120.695000000298023, 2812174.824799999594688 ], [ 6240788.21680000051856, 2800797.788499999791384 ], [ 6257846.567500000819564, 2801062.2195999994874 ], [ 6270450.7445, 2797684.846200000494719 ], [ 6292465.455800000578165, 2814372.813400000333786 ], [ 6299227.9539, 2830268.209799999371171 ], [ 6312633.808499999344349, 2827464.273900000378489 ], [ 6318782.2785, 2836435.064500000327826 ], [ 6319399.06980000063777, 2837337.325400000438094 ], [ 6320865.299100000411272, 2839483.895199999213219 ], [ 6332263.119699999690056, 2845900.514499999582767 ], [ 6351791.136700000613928, 2848409.025299999862909 ], [ 6357737.25650000013411, 2845038.935200000181794 ], [ 6349994.453199999406934, 2833664.545 ], [ 6349969.451899999752641, 2821107.813100000843406 ], [ 6353077.714600000530481, 2812566.574100000783801 ], [ 6354168.86570000089705, 2809566.5318 ], [ 6352303.610400000587106, 2804796.454199999570847 ], [ 6317281.282800000160933, 2785131.713899999856949 ], [ 6300862.393400000408292, 2789444.148900000378489 ], [ 6290311.971400000154972, 2787075.469200000166893 ], [ 6288189.180700000375509, 2786601.4539 ], [ 6283217.872999999672174, 2781050.9528 ], [ 6280841.1097999997437, 2770196.381100000813603 ], [ 6278537.612400000914931, 2765921.195499999448657 ], [ 6267359.138699999079108, 2745313.026100000366569 ], [ 6266583.398700000718236, 2743891.32289999909699 ], [ 6255426.042099999263883, 2741495.386299999430776 ], [ 6240416.706599999219179, 2732560.329500000923872 ], [ 6237383.612199999392033, 2730762.653999999165535 ], [ 6224609.875, 2716337.890900000929832 ], [ 6219505.869100000709295, 2697006.9189 ], [ 6206625.331199999898672, 2677486.229599999263883 ], [ 6196957.4945, 2669973.345899999141693 ], [ 6182060.357699999585748, 2664273.206599999219179 ], [ 6181544.572599999606609, 2664076.710200000554323 ], [ 6172585.124199999496341, 2665857.482899999246001 ], [ 6167224.277499999850988, 2670619.317600000649691 ], [ 6157686.035000000149012, 2669308.226299999281764 ], [ 6150439.175599999725819, 2673119.274299999698997 ], [ 6155948.233200000599027, 2687246.9024 ], [ 6151878.5801, 2701630.744200000539422 ], [ 6152723.36600000038743, 2707010.516200000420213 ], [ 6153766.789100000634789, 2713674.651200000196695 ], [ 6152283.178400000557303, 2717601.374399999156594 ], [ 6149812.182900000363588, 2724140.400900000706315 ], [ 6149568.6097999997437, 2724784.901100000366569 ], [ 6138364.710999999195337, 2737196.337600000202656 ], [ 6128331.864700000733137, 2740552.356799999251962 ], [ 6117505.0077, 2733222.982100000604987 ], [ 6086006.297700000926852, 2746624.322200000286102 ], [ 6076169.5197, 2743959.26659999974072 ], [ 6068066.3816, 2736508.691700000315905 ], [ 6057421.994999999180436, 2736095.487400000914931 ], [ 6054311.602, 2740925.369400000199676 ], [ 6058967.116599999368191, 2752112.5504 ], [ 6073569.243699999526143, 2765821.747500000521541 ], [ 6076868.308199999853969, 2775602.792999999597669 ], [ 6089321.901000000536442, 2788942.295800000429153 ], [ 6091072.358200000599027, 2790825.102700000628829 ], [ 6092202.649900000542402, 2797117.746999999508262 ], [ 6100045.031899999827147, 2797921.299000000581145 ], [ 6110781.494999999180436, 2811223.101399999111891 ], [ 6117188.000800000503659, 2813785.837200000882149 ], [ 6120937.8838, 2819326.974700000137091 ], [ 6125582.461799999698997, 2819553.197499999776483 ], [ 6129342.197499999776483, 2828340.062699999660254 ], [ 6120444.280799999833107, 2828511.520099999383092 ], [ 6112972.93129999935627, 2846446.867200000211596 ], [ 6109858.137900000438094, 2846909.91300000064075 ], [ 6107128.645199999213219, 2842515.554700000211596 ], [ 6106925.184699999168515, 2833367.02559999935329 ], [ 6100700.464099999517202, 2832070.598600000143051 ], [ 6094765.593599999323487, 2836130.354499999433756 ], [ 6084734.123999999836087, 2837702.7083 ], [ 6081396.622899999842048, 2841425.12470000050962 ], [ 6078285.185799999162555, 2835120.601199999451637 ], [ 6070531.665999999269843, 2834391.198999999091029 ], [ 6068371.072699999436736, 2829119.9704 ], [ 6055974.506999999284744, 2825663.603499999269843 ], [ 6051340.956199999898672, 2824379.668400000780821 ], [ 6036520.122500000521541, 2815901.633099999278784 ], [ 6032276.354599999263883, 2813485.674499999731779 ], [ 6014003.23369999974966, 2813498.224600000306964 ], [ 6009776.50789999961853, 2818334.280899999663234 ], [ 5984526.5801, 2823538.081499999389052 ], [ 5974444.494799999520183, 2819008.203700000420213 ], [ 5974230.003499999642372, 2823655.907700000330806 ], [ 5986644.054199999198318, 2831874.810799999162555 ], [ 5989899.581599999219179, 2837917.154400000348687 ], [ 5985633.631300000473857, 2841976.127900000661612 ], [ 5969780.547800000756979, 2841047.10190000012517 ], [ 5961529.341600000858307, 2837217.916500000283122 ], [ 5956423.339500000700355, 2841150.203299999237061 ], [ 5962570.993000000715256, 2845823.448300000280142 ], [ 5962610.894400000572205, 2845853.82799999974668 ], [ 5962657.555800000205636, 2845855.787200000137091 ], [ 5967166.4868, 2846046.966 ], [ 5972372.92200000025332, 2846272.321100000292063 ], [ 6000382.776100000366569, 2850667.727600000798702 ], [ 6004261.38289999961853, 2854271.430299999192357 ], [ 6004160.260600000619888, 2854513.449899999424815 ], [ 6000879.176400000229478, 2862367.051899999380112 ], [ 5991820.595899999141693, 2858274.239499999210238 ], [ 5977069.911499999463558, 2864065.740599999204278 ], [ 5976798.219900000840425, 2864582.583000000566244 ], [ 5967856.807099999859929, 2881608.50760000012815 ], [ 5965903.269799999892712, 2876736.0921 ], [ 5970051.134199999272823, 2865159.39130000025034 ], [ 5967962.42710000090301, 2857887.764000000432134 ], [ 5953277.058199999853969, 2855294.73509999923408 ], [ 5946854.733899999409914, 2850200.005300000309944 ], [ 5946088.135700000450015, 2849593.006799999624491 ], [ 5944870.007200000807643, 2848628.978499999269843 ], [ 5919179.048900000751019, 2843120.341299999505281 ], [ 5891096.645899999886751, 2825093.075999999418855 ], [ 5895056.71169999986887, 2807722.987199999392033 ], [ 5887180.484300000593066, 2780291.38289999961853 ], [ 5883752.112500000745058, 2768509.299499999731779 ], [ 5871610.250700000673532, 2741461.10700000077486 ], [ 5838139.460699999704957, 2692372.416400000452995 ], [ 5837970.684699999168515, 2692128.0066 ], [ 5839197.6776, 2686210.6656 ], [ 5839364.26630000025034, 2685406.707800000905991 ], [ 5843103.959000000730157, 2687505.695000000298023 ], [ 5845715.544399999082088, 2688973.820299999788404 ], [ 5846053.790899999439716, 2688684.699500000104308 ], [ 5848049.028599999845028, 2686980.0055 ], [ 5852473.4726, 2663264.086100000888109 ], [ 5852120.57630000077188, 2662829.575999999418855 ], [ 5850745.2335, 2661137.093000000342727 ], [ 5848989.462500000372529, 2658978.612999999895692 ], [ 5846739.698000000789762, 2662216.140900000929832 ], [ 5846921.67200000025332, 2665559.667500000447035 ], [ 5845212.408800000324845, 2669588.136 ], [ 5839506.903400000184774, 2674821.979499999433756 ], [ 5833861.644999999552965, 2677391.996500000357628 ], [ 5822110.7884, 2677829.412100000306964 ], [ 5808945.359400000423193, 2672975.856599999591708 ], [ 5790751.5320999994874, 2652367.008899999782443 ], [ 5779688.697499999776483, 2654175.138000000268221 ], [ 5779380.448799999430776, 2643668.170499999076128 ], [ 5774739.705600000917912, 2641160.9189 ], [ 5745777.462099999189377, 2644516.492799999192357 ], [ 5736345.885600000619888, 2655962.090500000864267 ], [ 5731142.541899999603629, 2657534.991900000721216 ], [ 5733343.2478, 2663824.291200000792742 ], [ 5736169.63429999910295, 2667960.061799999326468 ], [ 5750739.466299999505281, 2665634.697000000625849 ], [ 5752538.838500000536442, 2677734.040400000289083 ], [ 5749000.302300000563264, 2684413.259600000455976 ], [ 5746848.649299999698997, 2683677.3092 ], [ 5745993.142899999395013, 2685757.772299999371171 ], [ 5747083.444900000467896, 2687969.919299999251962 ], [ 5747300.036699999123812, 2690619.1184 ], [ 5750084.8684, 2693303.6107 ], [ 5759235.48509999923408, 2700722.235400000587106 ], [ 5758588.57179999910295, 2704845.898800000548363 ], [ 5763883.707499999552965, 2708242.815700000151992 ], [ 5762145.457299999892712, 2713460.893500000238419 ], [ 5760078.927500000223517, 2720129.268999999389052 ], [ 5762323.466099999845028, 2723946.949899999424815 ], [ 5769207.081499999389052, 2727519.437400000169873 ], [ 5774982.91469999961555, 2734033.464299999177456 ], [ 5770949.186300000175834, 2740678.2083 ], [ 5775223.821100000292063, 2752234.158500000834465 ], [ 5770215.069199999794364, 2755622.441600000485778 ], [ 5765763.043800000101328, 2757623.308700000867248 ], [ 5766680.128200000151992, 2765849.212500000372529 ], [ 5760093.576899999752641, 2777339.089700000360608 ], [ 5761752.334799999371171, 2783015.526499999687076 ], [ 5767131.023900000378489, 2787152.880599999800324 ], [ 5778632.045499999076128, 2794069.739700000733137 ], [ 5782834.537100000306964, 2776619.3902000002563 ], [ 5787929.892699999734759, 2781801.793199999257922 ], [ 5788418.499600000679493, 2789874.4452 ], [ 5793860.596599999815226, 2788550.259099999442697 ], [ 5795667.773, 2792595.535499999299645 ], [ 5811426.140000000596046, 2783586.478199999779463 ], [ 5819147.151100000366569, 2792767.398399999365211 ], [ 5831065.005100000649691, 2789042.9858 ], [ 5841281.5777000002563, 2795542.4419 ], [ 5826141.65059999935329, 2807091.9101 ], [ 5830090.365499999374151, 2809728.575200000777841 ], [ 5830627.183199999853969, 2814826.988299999386072 ], [ 5829727.701899999752641, 2818072.549100000411272 ], [ 5823834.99210000038147, 2839312.926999999210238 ], [ 5819892.366499999538064, 2838490.306900000199676 ], [ 5816249.761, 2842942.659800000488758 ], [ 5808810.215500000864267, 2839396.839600000530481 ], [ 5804351.456399999558926, 2843619.349500000476837 ], [ 5792459.78319999948144, 2844396.212200000882149 ], [ 5792316.433199999853969, 2859018.80629999935627 ], [ 5785443.067600000649691, 2858532.811899999156594 ], [ 5782820.840500000864267, 2861809.157400000840425 ], [ 5786951.963899999856949, 2865820.864499999210238 ], [ 5783365.860999999567866, 2875510.138699999079108 ], [ 5784830.276399999856949, 2880095.623500000685453 ], [ 5781341.0987, 2888185.805400000885129 ], [ 5776623.305700000375509, 2887504.666999999433756 ], [ 5774884.165300000458956, 2880643.995200000703335 ], [ 5770480.61119999922812, 2879224.034600000828505 ], [ 5767931.4836, 2884119.686000000685453 ], [ 5766921.16190000064671, 2886061.010500000789762 ], [ 5763339.893100000917912, 2887023.742000000551343 ], [ 5760110.802200000733137, 2892017.249800000339746 ], [ 5751474.747099999338388, 2890049.681500000879169 ], [ 5748560.405200000852346, 2896738.657299999147654 ], [ 5743943.858999999240041, 2899655.773399999365211 ], [ 5747669.802200000733137, 2910911.486400000751019 ], [ 5745076.757099999114871, 2920912.0789 ], [ 5746593.430500000715256, 2928852.9781 ], [ 5742150.6908, 2931077.956299999728799 ], [ 5742243.999299999326468, 2935857.5614 ], [ 5742316.731100000441074, 2938710.86739999987185 ], [ 5739110.702299999073148, 2939900.020500000566244 ], [ 5734014.783299999311566, 2948393.659399999305606 ], [ 5726821.4232, 2942187.721799999475479 ], [ 5716652.86119999922812, 2942313.898700000718236 ], [ 5710169.63880000077188, 2947874.156300000846386 ], [ 5708627.3169, 2952655.75760000012815 ], [ 5706104.752499999478459, 2956894.534800000488758 ], [ 5686627.420099999755621, 2957613.352099999785423 ], [ 5682597.501800000667572, 2949907.66609999909997 ], [ 5681537.782999999821186, 2946429.768400000408292 ], [ 5675628.200099999085069, 2952944.82799999974668 ], [ 5670450.190999999642372, 2951563.21199999935925 ], [ 5668204.5055, 2959614.356100000441074 ], [ 5660082.08699999935925, 2955795.598899999633431 ], [ 5650883.603399999439716, 2956954.4594 ], [ 5645487.9507, 2963374.998800000175834 ], [ 5633609.069499999284744, 2964956.318800000473857 ], [ 5630860.168199999257922, 2967916.9868 ], [ 5620669.785199999809265, 2972873.474999999627471 ], [ 5613405.299900000914931, 2970116.345899999141693 ], [ 5607858.943900000303984, 2973048.955299999564886 ], [ 5604292.992000000551343, 2971196.581000000238419 ], [ 5597873.3081, 2962909.609999999403954 ], [ 5590346.474300000816584, 2964159.5329 ], [ 5588450.456499999389052, 2957009.6392 ], [ 5585160.982699999585748, 2955312.537499999627471 ], [ 5577033.166400000452995, 2954781.78940000012517 ], [ 5571875.851299999281764, 2958428.831800000742078 ], [ 5566959.403100000694394, 2950169.077299999073148 ], [ 5556955.902300000190735, 2953752.971200000494719 ], [ 5551516.728199999779463, 2952344.808199999853969 ], [ 5549016.9123, 2948227.554400000721216 ], [ 5555576.584699999541044, 2944622.932299999520183 ], [ 5556388.791799999773502, 2940901.678600000217557 ], [ 5547796.769600000232458, 2942275.137299999594688 ], [ 5544403.692500000819564, 2932763.284800000488758 ], [ 5539702.137599999085069, 2926716.80629999935627 ], [ 5537987.368599999696016, 2925825.784600000828505 ], [ 5525767.605599999427795, 2919499.950400000438094 ], [ 5518466.462099999189377, 2897652.363099999725819 ], [ 5512616.732899999246001, 2893427.464299999177456 ], [ 5466206.989399999380112, 2877173.848600000143051 ], [ 5458330.967199999839067, 2874463.186000000685453 ], [ 5451174.171, 2866281.5428 ], [ 5444545.079299999400973, 2852524.248700000345707 ], [ 5434196.972799999639392, 2848154.741900000721216 ], [ 5432383.965600000694394, 2847508.429500000551343 ], [ 5429665.563300000503659, 2847691.058700000867248 ], [ 5422510.737299999222159, 2856023.7215 ], [ 5412082.348500000312924, 2858223.458799999207258 ], [ 5407325.253699999302626, 2865826.687300000339746 ], [ 5400932.752399999648333, 2868610.69539999961853 ], [ 5390932.612600000575185, 2866078.941299999132752 ], [ 5378544.840299999341369, 2856639.807199999690056 ], [ 5366790.478499999269843, 2858738.786100000143051 ], [ 5359211.307700000703335, 2860008.152300000190735 ], [ 5356906.909800000488758, 2858969.495999999344349 ], [ 5350159.1042, 2855935.782600000500679 ], [ 5343350.576400000602007, 2859884.837099999189377 ], [ 5325229.949699999764562, 2858817.368200000375509 ], [ 5322716.995699999853969, 2853435.561699999496341 ], [ 5317937.407299999147654, 2855093.885900000110269 ], [ 5307912.648299999535084, 2858588.794099999591708 ], [ 5306549.077500000596046, 2860320.463500000536442 ], [ 5303532.404999999329448, 2864155.311699999496341 ], [ 5296344.018200000748038, 2864629.353800000622869 ], [ 5293237.6381, 2861345.418800000101328 ], [ 5291596.270400000736117, 2852204.019300000742078 ], [ 5281125.481499999761581, 2850742.651000000536442 ], [ 5281697.301400000229478, 2846504.083499999716878 ], [ 5279162.072699999436736, 2843993.092700000852346 ], [ 5275309.665500000119209, 2846586.242000000551343 ], [ 5275520.179199999198318, 2854275.299200000241399 ], [ 5270648.168299999088049, 2860097.408900000154972 ], [ 5255245.502000000327826, 2857060.2182 ], [ 5250548.122099999338388, 2865613.569499999284744 ], [ 5244648.552400000393391, 2870346.524000000208616 ], [ 5234851.018100000917912, 2870068.047700000926852 ], [ 5228320.877000000327826, 2879148.528000000864267 ], [ 5223334.664200000464916, 2886101.122400000691414 ], [ 5216710.214400000870228, 2884027.482699999585748 ], [ 5216484.818900000303984, 2885928.059499999508262 ], [ 5214506.319599999114871, 2902570.224099999293685 ], [ 5224830.631300000473857, 2918023.718100000172853 ], [ 5224943.154699999839067, 2937261.64640000090003 ], [ 5228897.9836, 2950806.947599999606609 ], [ 5233422.1283, 2955898.060200000181794 ], [ 5234032.685900000855327, 2964367.435699999332428 ], [ 5257269.786800000816584, 2958761.813400000333786 ], [ 5256238.752100000157952, 2968934.616900000721216 ], [ 5243825.81110000051558, 2976536.021600000560284 ], [ 5241509.047499999403954, 2996852.319700000807643 ], [ 5236164.080900000408292, 3009006.482999999076128 ], [ 5231872.0581, 3013318.276200000196695 ], [ 5233492.5778, 3019106.497600000351667 ], [ 5242416.180800000205636, 3036703.103199999779463 ], [ 5265187.924000000581145, 3082396.815400000661612 ], [ 5275836.272399999201298, 3097325.963400000706315 ], [ 5280978.569199999794364, 3104580.374299999326468 ], [ 5287449.348999999463558, 3115466.778999999165535 ], [ 5290801.077600000426173, 3121131.798900000751019 ], [ 5309404.003200000151992, 3129454.122999999672174 ], [ 5312360.660299999639392, 3144888.559900000691414 ], [ 5311296.868699999526143, 3154204.62360000051558 ], [ 5300323.394999999552965, 3169999.066099999472499 ], [ 5306174.868300000205636, 3180681.118200000375509 ], [ 5296530.1908, 3187475.903300000354648 ], [ 5290809.448100000619888, 3195903.990299999713898 ], [ 5283795.845200000330806, 3206268.815999999642372 ], [ 5271129.054999999701977, 3219181.112199999392033 ], [ 5271027.49070000089705, 3219227.008899999782443 ], [ 5266296.043199999257922, 3221368.257999999448657 ], [ 5267124.663499999791384, 3234078.535700000822544 ], [ 5260075.669800000265241, 3243410.152899999171495 ], [ 5263101.291400000452995, 3243976.951099999248981 ], [ 5258493.930600000545382, 3255079.4452 ], [ 5261197.971799999475479, 3259342.637199999764562 ], [ 5267494.416999999433756, 3261954.426599999889731 ], [ 5276340.089999999850988, 3260478.116800000891089 ], [ 5277311.235999999567866, 3256643.482100000604987 ], [ 5283593.352700000628829, 3256570.810900000855327 ], [ 5289458.057199999690056, 3262945.750499999150634 ], [ 5301344.519899999722838, 3277325.062400000169873 ], [ 5300686.994300000369549, 3287620.521500000730157 ], [ 5305074.797800000756979, 3294441.038200000301003 ], [ 5341676.83559999987483, 3304317.651100000366569 ], [ 5342848.517899999395013, 3304638.848799999803305 ], [ 5357364.825099999085069, 3315179.382999999448657 ], [ 5371533.218800000846386, 3313095.821599999442697 ], [ 5384156.237600000575185, 3315970.516799999400973 ], [ 5411628.663899999111891, 3322455.59569999948144 ], [ 5423946.2675, 3318420.574899999424815 ], [ 5438655.015900000929832, 3321722.0658 ], [ 5446993.356300000101328, 3315938.005599999800324 ], [ 5460556.340299999341369, 3321317.316500000655651 ], [ 5468652.971200000494719, 3316754.811899999156594 ], [ 5477876.036399999633431, 3316270.164200000464916 ], [ 5494293.492599999532104, 3323720.987400000914931 ], [ 5498944.731100000441074, 3313835.30489999987185 ], [ 5502810.144799999892712, 3311884.304099999368191 ], [ 5503893.479599999263883, 3307004.587300000712276 ], [ 5520706.263000000268221, 3310268.618200000375509 ], [ 5520323.991800000891089, 3314633.9452 ], [ 5534325.5767, 3313867.949899999424815 ], [ 5535474.223300000652671, 3309980.665200000628829 ], [ 5533274.148600000888109, 3304025.825899999588728 ], [ 5540571.0482, 3302115.99269999936223 ], [ 5543949.795499999076128, 3309972.430500000715256 ], [ 5542720.315199999138713, 3318666.521800000220537 ], [ 5546595.886299999430776, 3318752.782199999317527 ], [ 5551224.472899999469519, 3313983.400900000706315 ], [ 5556591.036499999463558, 3315551.03690000064671 ], [ 5568267.246400000527501, 3330719.519300000742078 ], [ 5579192.10950000025332, 3319378.368300000205636 ], [ 5585605.126499999314547, 3325534.279999999329448 ], [ 5595814.448599999770522, 3325959.300200000405312 ], [ 5602940.049499999731779, 3315545.0320999994874 ], [ 5608771.64780000038445, 3313428.334799999371171 ], [ 5610123.271199999377131, 3328800.17369999922812 ], [ 5620947.281600000336766, 3334382.465299999341369 ], [ 5628191.805800000205636, 3344294.848400000482798 ], [ 5637873.08809999935329, 3335903.884400000795722 ], [ 5640606.042999999597669, 3328549.2652000002563 ], [ 5647549.216, 3319869.975700000301003 ], [ 5650262.737299999222159, 3319693.738900000229478 ], [ 5658737.664899999275804, 3323723.462600000202656 ], [ 5660003.888000000268221, 3331926.167999999597669 ], [ 5669756.625099999830127, 3340842.694399999454618 ], [ 5677465.350299999117851, 3334115.583399999886751 ], [ 5691611.973799999803305, 3344213.872199999168515 ], [ 5702209.3509, 3347820.486700000241399 ], [ 5714156.030200000852346, 3342347.761 ], [ 5718374.257200000807643, 3333383.402200000360608 ], [ 5732914.10840000025928, 3328529.313300000503659 ], [ 5735795.203500000759959, 3331737.565099999308586 ], [ 5737004.269999999552965, 3341654.361600000411272 ], [ 5731140.348999999463558, 3348433.477399999275804 ], [ 5719989.318900000303984, 3369018.457499999552965 ], [ 5724385.5, 3380674.290200000628829 ], [ 5723903.332299999892712, 3391696.66609999909997 ], [ 5734271.293199999257922, 3414494.403000000864267 ], [ 5734785.435900000855327, 3424285.71030000038445 ], [ 5745191.239, 3429704.572499999776483 ], [ 5756166.993899999186397, 3427235.637199999764562 ], [ 5763365.490599999204278, 3440111.918199999257922 ], [ 5787847.878399999812245, 3444371.53969999961555 ], [ 5790162.857300000265241, 3444162.043500000610948 ], [ 5809297.170499999076128, 3442473.929999999701977 ], [ 5816834.230399999767542, 3450090.31279999949038 ], [ 5819762.016100000590086, 3453059.238500000908971 ], [ 5822146.992599999532104, 3459661.0943 ], [ 5819692.593399999663234, 3468656.449200000613928 ], [ 5821957.96680000051856, 3471934.453400000929832 ], [ 5818389.815500000491738, 3477767.150800000876188 ], [ 5819316.631899999454618, 3480253.1327 ], [ 5830216.738099999725819, 3482284.910700000822544 ], [ 5842281.604299999773502, 3478726.567299999296665 ], [ 5851454.198200000450015, 3483937.459000000730157 ], [ 5856059.226399999111891, 3483164.387700000777841 ], [ 5870167.888699999079108, 3501747.422700000926852 ] ] ], [ [ [ 6228470.38910000026226, 2838736.777000000700355 ], [ 6231807.1711, 2832577.079600000753999 ], [ 6229769.152200000360608, 2832543.904999999329448 ], [ 6225068.833200000226498, 2837821.551200000569224 ], [ 6228470.38910000026226, 2838736.777000000700355 ] ] ], [ [ [ 6225478.398, 2884316.471000000834465 ], [ 6222334.747600000351667, 2878939.101399999111891 ], [ 6218393.810000000521541, 2878950.438400000333786 ], [ 6215168.694499999284744, 2878961.817299999296665 ], [ 6213528.446599999442697, 2878968.3301 ], [ 6217835.765100000426173, 2885410.0175 ], [ 6219229.568399999290705, 2885209.7675 ], [ 6224003.071000000461936, 2884526.714299999177456 ], [ 6225478.398, 2884316.471000000834465 ] ] ], [ [ [ 6216556.616100000217557, 2850355.995100000873208 ], [ 6210762.186799999326468, 2843589.413499999791384 ], [ 6209155.966, 2855806.677500000223517 ], [ 6210920.556900000199676, 2857731.643300000578165 ], [ 6211029.9342, 2857851.0285 ], [ 6216556.616100000217557, 2850355.995100000873208 ] ] ], [ [ [ 6207448.522399999201298, 2850792.027499999850988 ], [ 6206550.579199999570847, 2846502.701199999079108 ], [ 6202400.864399999380112, 2847127.102800000458956 ], [ 6204746.57630000077188, 2851725.462600000202656 ], [ 6207580.885500000789762, 2851425.684399999678135 ], [ 6207448.522399999201298, 2850792.027499999850988 ] ] ], [ [ [ 6206061.349300000816584, 2868498.592800000682473 ], [ 6200512.291999999433756, 2863215.230599999427795 ], [ 6193019.091299999505281, 2865765.642699999734759 ], [ 6196381.292999999597669, 2868801.020099999383092 ], [ 6196828.000600000843406, 2869204.718699999153614 ], [ 6200062.189899999648333, 2872130.417999999597669 ], [ 6206061.349300000816584, 2868498.592800000682473 ] ] ], [ [ [ 6201239.310799999162555, 2860969.190300000831485 ], [ 6201584.161499999463558, 2853730.795099999755621 ], [ 6198522.672900000587106, 2854734.539200000464916 ], [ 6198727.614, 2859967.492200000211596 ], [ 6201239.310799999162555, 2860969.190300000831485 ] ] ], [ [ [ 6162283.355200000107288, 2855346.008500000461936 ], [ 6159337.9912, 2853916.979800000786781 ], [ 6159145.356699999421835, 2859969.1239 ], [ 6162411.33559999987483, 2860442.571399999782443 ], [ 6162283.355200000107288, 2855346.008500000461936 ] ] ], [ [ [ 6067811.7467, 2818056.998500000685453 ], [ 6063969.130300000309944, 2815257.849899999797344 ], [ 6057634.950099999085069, 2817840.031500000506639 ], [ 6062915.008899999782443, 2821259.8147 ], [ 6067811.7467, 2818056.998500000685453 ] ] ], [ [ [ 5953016.982300000265241, 2824357.510500000789762 ], [ 5955821.1985, 2814779.344399999827147 ], [ 5953749.810499999672174, 2815696.604100000113249 ], [ 5952055.435799999162555, 2819237.16330000013113 ], [ 5951795.911800000816584, 2823242.702299999073148 ], [ 5953016.982300000265241, 2824357.510500000789762 ] ] ] ] } },
{ "type": "Feature", "properties": { "CNTR_ID": "UK", "CNTR_NAME": "United Kingdom", "NAME_ENGL": "United Kingdom", "NAME_FREN": "Royaume-Uni", "ISO3_CODE": "GBR", "SVRG_UN": "UN Member State", "CAPT": "London", "EU_STAT": "F", "EFTA_STAT": "F", "CC_STAT": "F", "NAME_GERM": "Vereinigtes Königreich" }, "geometry": { "type": "MultiPolygon", "coordinates": [ [ [ [ 3563321.621400000527501, 4015881.919099999591708 ], [ 3560418.16300000064075, 3998540.520700000226498 ], [ 3554955.49860000051558, 3989069.412900000810623 ], [ 3504615.498700000345707, 3957727.438200000673532 ], [ 3494440.687400000169873, 3947564.41190000064671 ], [ 3493422.017000000923872, 3940959.278799999505281 ], [ 3499454.604800000786781, 3934645.200300000607967 ], [ 3494255.340299999341369, 3929076.499099999666214 ], [ 3486700.748199999332428, 3926061.059299999848008 ], [ 3481977.361999999731779, 3913052.148199999704957 ], [ 3503692.653200000524521, 3915541.902599999681115 ], [ 3509252.282800000160933, 3917435.78830000013113 ], [ 3513571.727099999785423, 3915127.780899999663234 ], [ 3515621.481699999421835, 3916353.360300000756979 ], [ 3521952.858999999240041, 3920149.276699999347329 ], [ 3529951.864299999549985, 3921031.776399999856949 ], [ 3546349.30519999936223, 3911562.993100000545382 ], [ 3549984.224099999293685, 3911660.088700000196695 ], [ 3561340.883600000292063, 3911983.7719 ], [ 3577781.322300000116229, 3906106.297800000756979 ], [ 3607130.66499999910593, 3903768.4145 ], [ 3616168.387299999594688, 3893546.845000000670552 ], [ 3616346.575799999758601, 3876012.46199999935925 ], [ 3601502.940700000151992, 3860960.104000000283122 ], [ 3595370.063100000843406, 3851273.617000000551343 ], [ 3591523.791899999603629, 3837679.392699999734759 ], [ 3584127.19400000013411, 3828203.063300000503659 ], [ 3578820.3147, 3815799.920800000429153 ], [ 3563404.587600000202656, 3804720.657500000670552 ], [ 3561997.881699999794364, 3798477.665699999779463 ], [ 3554409.289599999785423, 3786104.780899999663234 ], [ 3540211.143100000917912, 3777225.873199999332428 ], [ 3534044.797800000756979, 3778519.04450000077486 ], [ 3524796.811200000345707, 3778960.980399999767542 ], [ 3520818.790100000798702, 3779157.113099999725819 ], [ 3506261.2697, 3769784.687100000679493 ], [ 3523774.527300000190735, 3773541.028300000354648 ], [ 3532171.142100000753999, 3775369.42879999987781 ], [ 3533853.692600000649691, 3773329.071000000461936 ], [ 3533238.184100000187755, 3766004.797900000587106 ], [ 3542633.84569999948144, 3754197.929999999701977 ], [ 3530973.2851, 3747446.177400000393391 ], [ 3520259.276799999177456, 3749681.119200000539422 ], [ 3519120.650900000706315, 3748833.010700000450015 ], [ 3504864.583100000396371, 3738262.213199999183416 ], [ 3490660.310399999842048, 3735441.823899999260902 ], [ 3480780.02250000089407, 3740450.14670000039041 ], [ 3471013.225199999287724, 3745433.518400000408292 ], [ 3470486.543099999427795, 3744869.759700000286102 ], [ 3474215.913799999281764, 3737859.844200000166893 ], [ 3479842.616800000891089, 3735678.066800000146031 ], [ 3482955.545499999076128, 3734474.934399999678135 ], [ 3488324.151599999517202, 3732509.934599999338388 ], [ 3493156.045700000599027, 3732129.024000000208616 ], [ 3496535.683199999853969, 3729532.7555 ], [ 3503453.116900000721216, 3728677.168800000101328 ], [ 3508609.527699999511242, 3723349.167600000277162 ], [ 3514486.970200000330806, 3724176.466399999335408 ], [ 3518531.995500000193715, 3724750.592499999329448 ], [ 3528987.258199999108911, 3732641.706299999728799 ], [ 3536842.587799999862909, 3730436.211899999529123 ], [ 3552259.767899999395013, 3715449.351299999281764 ], [ 3564830.704700000584126, 3709640.608200000599027 ], [ 3570113.252699999138713, 3697116.829 ], [ 3579405.399000000208616, 3676925.327099999412894 ], [ 3589622.355399999767542, 3667088.906500000506639 ], [ 3591242.093299999833107, 3655449.18099999986589 ], [ 3589056.5351, 3644431.910800000652671 ], [ 3589464.9507, 3632228.200500000268221 ], [ 3592147.724700000137091, 3610207.951999999582767 ], [ 3593450.230900000780821, 3604180.438799999654293 ], [ 3590635.474099999293685, 3600582.0417 ], [ 3594623.113199999555945, 3600596.202600000426173 ], [ 3595984.26410000026226, 3594892.268200000748038 ], [ 3595530.924900000914931, 3585523.44370000064373 ], [ 3597433.171599999070168, 3578377.958599999547005 ], [ 3599852.616399999707937, 3569343.767699999734759 ], [ 3602564.261800000444055, 3565941.917700000107288 ], [ 3602543.886600000783801, 3560625.712500000372529 ], [ 3600654.106100000441074, 3557878.688999999314547 ], [ 3603579.14299999922514, 3557187.529100000858307 ], [ 3625509.056900000199676, 3546857.985600000247359 ], [ 3632643.670499999076128, 3540232.988099999725819 ], [ 3638779.254300000146031, 3534560.840800000354648 ], [ 3646966.169299999251962, 3510886.988099999725819 ], [ 3656263.8684, 3497139.712999999523163 ], [ 3660789.547900000587106, 3491674.166999999433756 ], [ 3655553.882500000298023, 3483504.668700000271201 ], [ 3655996.96199999935925, 3470917.361999999731779 ], [ 3667389.003200000151992, 3439404.457299999892712 ], [ 3656154.959699999541044, 3439292.92960000038147 ], [ 3647064.976199999451637, 3450671.132400000467896 ], [ 3645621.26630000025034, 3451649.775900000706315 ], [ 3644267.234099999070168, 3452116.537599999457598 ], [ 3641474.816600000485778, 3451947.672399999573827 ], [ 3639680.2127, 3451313.878100000321865 ], [ 3635818.330600000917912, 3450744.724300000816584 ], [ 3622857.323100000619888, 3452840.376800000667572 ], [ 3619122.543999999761581, 3450581.155600000172853 ], [ 3626152.401599999517202, 3449963.638499999418855 ], [ 3643157.408500000834465, 3448513.373999999836087 ], [ 3648813.338400000706315, 3439912.889399999752641 ], [ 3653512.862299999222159, 3434395.641799999400973 ], [ 3661315.280600000172853, 3425277.63990000076592 ], [ 3669965.549799999222159, 3418370.55460000038147 ], [ 3671955.906099999323487, 3410712.69400000013411 ], [ 3678132.093900000676513, 3387198.89809999987483 ], [ 3676001.532299999147654, 3376305.142799999564886 ], [ 3662076.999800000339746, 3366415.878399999812245 ], [ 3655289.2653, 3357870.783700000494719 ], [ 3667136.925599999725819, 3344651.578299999237061 ], [ 3677482.948599999770522, 3346369.302699999883771 ], [ 3687477.816700000315905, 3359224.3717 ], [ 3718397.863399999216199, 3355700.395600000396371 ], [ 3738585.661299999803305, 3347801.390599999576807 ], [ 3760176.310399999842048, 3324800.427500000223517 ], [ 3763112.870699999853969, 3312789.159199999645352 ], [ 3761866.2303, 3301000.208200000226498 ], [ 3762131.387000000104308, 3295442.893899999558926 ], [ 3759177.254100000485778, 3286749.771099999547005 ], [ 3751338.484300000593066, 3271943.709899999201298 ], [ 3744964.717000000178814, 3253644.061000000685453 ], [ 3726695.856499999761581, 3239648.000199999660254 ], [ 3707735.3114, 3242481.535299999639392 ], [ 3721639.187300000339746, 3238862.342499999329448 ], [ 3721666.75, 3230435.19539999961853 ], [ 3710355.086400000378489, 3222483.72859999909997 ], [ 3702708.72859999909997, 3225603.757799999788404 ], [ 3690981.856699999421835, 3225236.070000000298023 ], [ 3691558.30379999987781, 3220264.554500000551343 ], [ 3695531.538699999451637, 3218312.773499999195337 ], [ 3695609.250199999660254, 3213018.207100000232458 ], [ 3692935.551699999719858, 3208467.174499999731779 ], [ 3686776.662599999457598, 3208061.225299999117851 ], [ 3692290.5142, 3204684.589999999850988 ], [ 3686109.5778, 3198920.018899999558926 ], [ 3682970.673000000417233, 3197487.813100000843406 ], [ 3672681.434100000187755, 3199691.617000000551343 ], [ 3669654.405799999833107, 3197913.591900000348687 ], [ 3664815.265699999406934, 3200649.754100000485778 ], [ 3654436.631699999794364, 3192642.498800000175834 ], [ 3660024.794099999591708, 3192698.59940000064671 ], [ 3661491.683599999174476, 3195011.470599999651313 ], [ 3664442.37639999948442, 3195584.6601 ], [ 3675332.018200000748038, 3192741.536299999803305 ], [ 3677236.2281, 3190720.707499999552965 ], [ 3676409.464500000700355, 3188696.618000000715256 ], [ 3672452.627299999818206, 3189390.567500000819564 ], [ 3668686.277100000530481, 3187162.581900000572205 ], [ 3667037.883600000292063, 3186038.505200000479817 ], [ 3670413.065300000831485, 3182266.060599999502301 ], [ 3682230.03800000064075, 3187800.341199999675155 ], [ 3689420.834300000220537, 3184167.717700000852346 ], [ 3692328.920199999585748, 3176208.69789999909699 ], [ 3723939.39670000039041, 3177359.268699999898672 ], [ 3726411.569499999284744, 3174787.794399999082088 ], [ 3721557.060000000521541, 3168888.758500000461936 ], [ 3721728.581399999558926, 3156352.079700000584126 ], [ 3719188.910199999809265, 3150566.556800000369549 ], [ 3693911.601199999451637, 3142179.417400000616908 ], [ 3689607.245899999514222, 3137663.877299999818206 ], [ 3687477.08, 3128652.612099999561906 ], [ 3679914.015100000426173, 3130427.085200000554323 ], [ 3674476.302500000223517, 3131456.677400000393391 ], [ 3663783.411100000143051, 3125827.116900000721216 ], [ 3645921.47550000064075, 3123370.3871 ], [ 3634830.869899999350309, 3115639.45240000076592 ], [ 3615813.502399999648333, 3124867.118100000545382 ], [ 3612442.610200000926852, 3126688.489399999380112 ], [ 3606544.790699999779463, 3128973.491900000721216 ], [ 3603878.698899999260902, 3129740.4923 ], [ 3579193.162599999457598, 3129353.344799999147654 ], [ 3571580.19539999961853, 3129258.04590000025928 ], [ 3561217.89640000090003, 3125963.789100000634789 ], [ 3556588.235200000926852, 3130479.4419 ], [ 3554300.432099999859929, 3139076.403000000864267 ], [ 3550776.824999999254942, 3133311.9934 ], [ 3548068.768200000748038, 3139200.413599999621511 ], [ 3543133.013000000268221, 3133719.269400000572205 ], [ 3541426.950400000438094, 3140666.267400000244379 ], [ 3538128.208200000226498, 3134318.9123 ], [ 3524831.334599999710917, 3147427.899599999189377 ], [ 3520126.570499999448657, 3151011.701500000432134 ], [ 3526152.361500000581145, 3141895.263699999079108 ], [ 3525859.883300000801682, 3138286.621400000527501 ], [ 3508306.71059999987483, 3132175.295399999246001 ], [ 3499602.671900000423193, 3135335.78940000012517 ], [ 3482441.707699999213219, 3134029.059399999678135 ], [ 3475088.713500000536442, 3137427.929700000211596 ], [ 3480869.536299999803305, 3129497.841600000858307 ], [ 3478500.441999999806285, 3123140.090099999681115 ], [ 3472308.173100000247359, 3122363.621400000527501 ], [ 3460984.755000000819564, 3128337.784900000318885 ], [ 3448158.628100000321865, 3132019.280200000852346 ], [ 3441894.807700000703335, 3128194.164300000295043 ], [ 3423690.435000000521541, 3145396.687000000849366 ], [ 3412073.766200000420213, 3148111.703700000420213 ], [ 3409173.315899999812245, 3147945.246799999848008 ], [ 3391526.330299999564886, 3146968.420299999415874 ], [ 3381409.264599999412894, 3142090.498099999502301 ], [ 3375818.583499999716878, 3146083.603700000792742 ], [ 3369073.68720000050962, 3133141.5176 ], [ 3368605.115499999374151, 3127514.011199999600649 ], [ 3364327.4978, 3123489.3277000002563 ], [ 3366401.496600000187755, 3118045.59569999948144 ], [ 3361271.9792, 3114208.412499999627471 ], [ 3355843.461500000208616, 3110158.091900000348687 ], [ 3352520.995300000533462, 3103051.541999999433756 ], [ 3348982.423100000247359, 3102032.296399999409914 ], [ 3341256.696000000461936, 3105144.993899999186397 ], [ 3336311.24269999936223, 3114212.477 ], [ 3327156.2949, 3116583.885800000280142 ], [ 3322827.864499999210238, 3122705.511299999430776 ], [ 3319068.166300000622869, 3127286.230499999597669 ], [ 3320022.2741, 3132091.622899999842048 ], [ 3318487.92, 3137202.893200000748038 ], [ 3316567.445900000631809, 3121040.827199999243021 ], [ 3308756.687699999660254, 3127038.446599999442697 ], [ 3286773.857799999415874, 3127109.636099999770522 ], [ 3280443.92820000089705, 3129928.082599999383092 ], [ 3273144.536699999123812, 3119633.453199999406934 ], [ 3268401.357999999076128, 3120016.298100000247359 ], [ 3258175.872199999168515, 3114640.364099999889731 ], [ 3254629.833499999716878, 3119518.87470000050962 ], [ 3249676.647299999371171, 3109279.690700000151992 ], [ 3249384.437699999660254, 3102323.385600000619888 ], [ 3239618.089999999850988, 3096960.567299999296665 ], [ 3236763.657700000330806, 3099063.4543999992311 ], [ 3233580.700799999758601, 3110358.7039 ], [ 3224192.413499999791384, 3116922.215299999341369 ], [ 3220260.788100000470877, 3117498.8432 ], [ 3213877.010500000789762, 3111606.744899999350309 ], [ 3206669.20890000090003, 3114143.413499999791384 ], [ 3210514.714199999347329, 3124266.664000000804663 ], [ 3222187.5625, 3128281.731100000441074 ], [ 3228679.630200000479817, 3126018.061499999836087 ], [ 3240804.872600000351667, 3130943.538499999791384 ], [ 3253454.517400000244379, 3142805.465800000354648 ], [ 3260008.1173, 3145754.602600000798702 ], [ 3264882.791400000452995, 3156593.666400000452995 ], [ 3282259.503599999472499, 3160813.8597 ], [ 3286378.1085, 3166759.088300000876188 ], [ 3301417.401799999177456, 3177030.077500000596046 ], [ 3306080.370300000533462, 3192210.61009999923408 ], [ 3310646.325300000607967, 3201518.025699999183416 ], [ 3319934.447200000286102, 3196831.8882 ], [ 3326543.574400000274181, 3198389.186200000345707 ], [ 3331037.986600000411272, 3202734.785900000482798 ], [ 3332085.422800000756979, 3211027.6458 ], [ 3335646.925000000745058, 3216355.366499999538064 ], [ 3369157.781300000846386, 3214450.813300000503659 ], [ 3379193.917600000277162, 3210528.094900000840425 ], [ 3398240.779100000858307, 3203153.550799999386072 ], [ 3415689.529200000688434, 3203965.260700000450015 ], [ 3420400.981599999591708, 3213261.2972 ], [ 3424896.37470000050962, 3221738.6963 ], [ 3443437.14919999986887, 3230630.955299999564886 ], [ 3446876.346899999305606, 3235489.03319999948144 ], [ 3449298.204500000923872, 3239647.495999999344349 ], [ 3458889.926200000569224, 3248423.6524 ], [ 3454917.478499999269843, 3248723.1974 ], [ 3448967.642799999564886, 3242860.648399999365211 ], [ 3436995.302799999713898, 3238336.970300000160933 ], [ 3425437.432, 3239009.641799999400973 ], [ 3418209.201899999752641, 3235686.133899999782443 ], [ 3411420.101099999621511, 3230719.29619999974966 ], [ 3407481.5844, 3226151.269300000742078 ], [ 3393780.3421, 3226950.799499999731779 ], [ 3384188.8278, 3231185.971200000494719 ], [ 3381092.197599999606609, 3239840.1316 ], [ 3375193.8918999992311, 3241371.162900000810623 ], [ 3372588.262700000777841, 3248254.781600000336766 ], [ 3365916.254799999296665, 3258745.685900000855327 ], [ 3359433.715199999511242, 3258514.620200000703335 ], [ 3356761.803300000727177, 3254883.55519999936223 ], [ 3352359.001599999144673, 3254922.104800000786781 ], [ 3348437.447499999776483, 3256703.271500000730157 ], [ 3345732.659499999135733, 3254425.034 ], [ 3341123.47719999961555, 3254984.8443 ], [ 3337166.483899999409914, 3258559.113800000399351 ], [ 3337730.54109999909997, 3263287.5318 ], [ 3341745.680400000885129, 3265832.1393 ], [ 3347121.114800000563264, 3263655.52309999987483 ], [ 3353371.94649999961257, 3265842.242599999532104 ], [ 3354673.288899999111891, 3268597.79109999909997 ], [ 3350451.714199999347329, 3266582.098200000822544 ], [ 3339169.187400000169873, 3270392.876800000667572 ], [ 3334720.942199999466538, 3281661.814099999144673 ], [ 3324529.077099999412894, 3280881.410700000822544 ], [ 3317953.592499999329448, 3281652.897399999201298 ], [ 3307778.261199999600649, 3274295.468699999153614 ], [ 3290786.04619999974966, 3274010.801799999549985 ], [ 3285784.417899999767542, 3283433.763399999588728 ], [ 3280649.222699999809265, 3287337.444199999794364 ], [ 3285495.084499999880791, 3294147.280799999833107 ], [ 3286344.940400000661612, 3298795.134700000286102 ], [ 3278688.26549999974668, 3307362.848500000312924 ], [ 3295771.52419999986887, 3317951.354599999263883 ], [ 3304501.33049999922514, 3316398.284399999305606 ], [ 3317940.272600000724196, 3322070.055700000375509 ], [ 3322489.14780000038445, 3320696.648399999365211 ], [ 3323011.729000000283122, 3323929.550599999725819 ], [ 3325329.775800000876188, 3325332.803999999538064 ], [ 3333285.428600000217557, 3324203.53319999948144 ], [ 3358409.7708, 3334369.752299999818206 ], [ 3367199.675300000235438, 3344373.698300000280142 ], [ 3374198.106699999421835, 3359490.458699999377131 ], [ 3381800.252299999818206, 3362693.221100000664592 ], [ 3375822.424200000241399, 3363665.324300000444055 ], [ 3373375.91469999961555, 3367529.770400000736117 ], [ 3376407.507200000807643, 3382514.08530000038445 ], [ 3374703.941800000146031, 3402887.941600000485778 ], [ 3358697.595599999651313, 3403369.3816 ], [ 3348241.078400000929832, 3397557.042700000107288 ], [ 3337899.892799999564886, 3402029.318299999460578 ], [ 3343821.370100000873208, 3409359.906500000506639 ], [ 3362286.7642, 3419074.537799999117851 ], [ 3376211.688200000673532, 3434036.134099999442697 ], [ 3392650.91440000012517, 3438784.157400000840425 ], [ 3402968.383099999278784, 3442268.126199999824166 ], [ 3405339.972999999299645, 3445637.362600000575185 ], [ 3414710.597100000828505, 3439796.78999999910593 ], [ 3422358.995300000533462, 3438932.6392 ], [ 3427139.279400000348687, 3438398.874500000849366 ], [ 3436861.432600000873208, 3442399.022099999710917 ], [ 3449900.870400000363588, 3429417.521500000730157 ], [ 3451995.137900000438094, 3430342.374900000169873 ], [ 3452060.187000000849366, 3432938.714400000870228 ], [ 3449009.453099999576807, 3443103.144999999552965 ], [ 3454073.349500000476837, 3445520.971100000664592 ], [ 3458489.044700000435114, 3447635.5384 ], [ 3459689.255100000649691, 3444493.385900000110269 ], [ 3461699.486999999731779, 3439244.968699999153614 ], [ 3464408.348899999633431, 3432200.723099999129772 ], [ 3476076.502599999308586, 3430848.980499999597669 ], [ 3471544.0395, 3433576.644500000402331 ], [ 3463714.196399999782443, 3440106.333799999207258 ], [ 3461782.136, 3447432.6557 ], [ 3458703.998700000345707, 3461980.113399999216199 ], [ 3467736.8103, 3472218.1656 ], [ 3470407.184299999848008, 3475254.289599999785423 ], [ 3477369.058599999174476, 3478129.563799999654293 ], [ 3469180.590800000354648, 3480088.3838 ], [ 3465499.450999999418855, 3485118.142100000753999 ], [ 3468057.246799999848008, 3495891.085999999195337 ], [ 3469992.363399999216199, 3500417.287699999287724 ], [ 3473053.967499999329448, 3501174.034499999135733 ], [ 3480877.656700000166893, 3503118.096100000664592 ], [ 3480283.335999999195337, 3511465.514399999752641 ], [ 3488203.3915, 3519101.5066 ], [ 3487630.385199999436736, 3526164.515599999576807 ], [ 3485713.423499999567866, 3528574.988399999216199 ], [ 3478413.880300000309944, 3525737.1426 ], [ 3477892.735200000926852, 3527456.801100000739098 ], [ 3476599.008600000292063, 3531735.046399999409914 ], [ 3475191.5778, 3531992.380100000649691 ], [ 3471786.315600000321865, 3526293.799900000914931 ], [ 3465989.111099999397993, 3520983.404100000858307 ], [ 3460916.394899999722838, 3524520.817700000479817 ], [ 3464234.131699999794364, 3534011.137299999594688 ], [ 3465519.976800000295043, 3536876.432800000533462 ], [ 3464824.376000000163913, 3541966.671399999409914 ], [ 3461348.727, 3534531.674000000581145 ], [ 3456484.838300000876188, 3535474.027499999850988 ], [ 3453554.615299999713898, 3543547.470000000670552 ], [ 3453176.272399999201298, 3551962.908500000834465 ], [ 3445694.660199999809265, 3573052.946900000795722 ], [ 3450298.583599999547005, 3584883.356799999251962 ], [ 3468990.508600000292063, 3609664.07289999909699 ], [ 3476773.153000000864267, 3614203.212200000882149 ], [ 3484924.792400000616908, 3612323.650000000372529 ], [ 3486951.35329999960959, 3616808.5702 ], [ 3471601.75, 3619931.74210000038147 ], [ 3457918.586300000548363, 3623464.799000000581145 ], [ 3453569.121799999848008, 3613420.862099999561906 ], [ 3440218.8772, 3613256.436300000175834 ], [ 3435402.5559, 3608380.118200000375509 ], [ 3427100.760099999606609, 3605823.284399999305606 ], [ 3422604.740399999544024, 3610352.15430000051856 ], [ 3417682.916200000792742, 3608514.4254 ], [ 3413560.41440000012517, 3616623.533700000494719 ], [ 3403858.596599999815226, 3622751.66469999961555 ], [ 3402443.949200000613928, 3619156.278999999165535 ], [ 3403101.387499999254942, 3609266.331199999898672 ], [ 3399028.202199999243021, 3601950.3136 ], [ 3374608.211899999529123, 3625080.7325 ], [ 3368152.512000000104308, 3620532.824899999424815 ], [ 3368409.364099999889731, 3606806.659 ], [ 3366529.543299999088049, 3604060.133099999278784 ], [ 3360780.782700000330806, 3622240.009500000625849 ], [ 3356931.072799999266863, 3629129.660900000482798 ], [ 3355594.420800000429153, 3636445.733300000429153 ], [ 3357371.531700000166893, 3643712.992200000211596 ], [ 3361659.714199999347329, 3646272.747999999672174 ], [ 3363716.216900000348687, 3635942.223999999463558 ], [ 3366200.191299999132752, 3634606.708200000226498 ], [ 3366185.008199999108911, 3643662.095599999651313 ], [ 3367172.2804000005126, 3649889.305299999192357 ], [ 3372895.700999999418855, 3658483.025499999523163 ], [ 3382644.596200000494719, 3666839.929199999198318 ], [ 3386906.707800000905991, 3676840.46169999986887 ], [ 3394323.644899999722838, 3685264.337600000202656 ], [ 3401780.2324, 3689404.816999999806285 ], [ 3403232.472300000488758, 3701208.335200000554323 ], [ 3392479.084599999710917, 3717517.634700000286102 ], [ 3395326.366699999198318, 3726427.162699999287724 ], [ 3396090.309800000861287, 3737434.260099999606609 ], [ 3398811.914200000464916, 3743997.367000000551343 ], [ 3402348.293800000101328, 3745365.012299999594688 ], [ 3414261.458000000566244, 3739984.738299999386072 ], [ 3422158.63370000012219, 3738120.517799999564886 ], [ 3414915.3421, 3741694.038799999281764 ], [ 3399700.906199999153614, 3754393.994599999859929 ], [ 3391169.4206000007689, 3740171.9518 ], [ 3386049.030200000852346, 3742422.608300000429153 ], [ 3385936.156400000676513, 3730354.5362 ], [ 3383302.648499999195337, 3726277.039799999445677 ], [ 3377783.853000000119209, 3740681.129200000315905 ], [ 3373899.260600000619888, 3739996.355100000277162 ], [ 3370280.512000000104308, 3746117.325500000268221 ], [ 3372290.075799999758601, 3755268.923599999397993 ], [ 3379592.976399999111891, 3764953.30320000089705 ], [ 3378972.0713, 3766776.506300000473857 ], [ 3366243.191999999806285, 3757416.511199999600649 ], [ 3366156.718699999153614, 3733470.145600000396371 ], [ 3356796.25760000012815, 3722973.319599999114871 ], [ 3343338.443099999800324, 3689732.793299999088049 ], [ 3337721.332699999213219, 3685951.156500000506639 ], [ 3328652.037499999627471, 3688248.409600000828505 ], [ 3329601.922399999573827, 3695210.39780000038445 ], [ 3348606.364700000733137, 3732355.784600000828505 ], [ 3350347.787399999797344, 3754385.0362 ], [ 3353480.685900000855327, 3757888.807 ], [ 3354444.973799999803305, 3763603.416899999603629 ], [ 3362111.862800000235438, 3773136.268200000748038 ], [ 3363275.299799999222159, 3786167.379300000146031 ], [ 3360194.00870000012219, 3787891.948000000789762 ], [ 3360763.376199999824166, 3791124.520600000396371 ], [ 3369350.330299999564886, 3802807.4506 ], [ 3376831.448200000450015, 3807915.661599999293685 ], [ 3380071.945599999278784, 3815506.689099999144673 ], [ 3387715.644099999219179, 3824432.67200000025332 ], [ 3389461.289300000295043, 3830238.009199999272823 ], [ 3361259.4605, 3820383.92339999973774 ], [ 3352675.710899999365211, 3827162.63399999961257 ], [ 3347582.186799999326468, 3838817.5767 ], [ 3341927.200300000607967, 3844235.885299999266863 ], [ 3343743.740800000727177, 3848370.920099999755621 ], [ 3354558.261099999770522, 3849174.931199999526143 ], [ 3361750.3092, 3853728.96059999987483 ], [ 3366978.236099999397993, 3869804.5482 ], [ 3379728.796700000762939, 3882992.533299999311566 ], [ 3380869.654400000348687, 3886799.094100000336766 ], [ 3375243.0011, 3889031.483200000599027 ], [ 3361094.348200000822544, 3882426.300499999895692 ], [ 3359672.17879999987781, 3892357.527699999511242 ], [ 3345244.899900000542402, 3898852.64919999986887 ], [ 3337187.485300000756979, 3919318.795 ], [ 3327294.019200000911951, 3926664.03830000013113 ], [ 3327383.309499999508262, 3933533.055500000715256 ], [ 3337196.341399999335408, 3942343.9594 ], [ 3345933.232100000604987, 3940548.131400000303984 ], [ 3351821.026000000536442, 3948387.354100000113249 ], [ 3356840.418199999257922, 3950076.401799999177456 ], [ 3361085.612800000235438, 3940843.148299999535084 ], [ 3360985.093499999493361, 3921060.463400000706315 ], [ 3369460.52309999987483, 3927285.122400000691414 ], [ 3364751.799699999392033, 3908761.286399999633431 ], [ 3373773.876900000497699, 3903232.0449 ], [ 3382043.248099999502301, 3907139.192199999466538 ], [ 3383560.510900000110269, 3910115.362099999561906 ], [ 3380049.971000000834465, 3915013.521600000560284 ], [ 3379367.503100000321865, 3922380.7195999994874 ], [ 3381928.929700000211596, 3929511.671299999579787 ], [ 3387287.160700000822544, 3936613.8333 ], [ 3391574.308800000697374, 3959445.77170000039041 ], [ 3419485.474199999123812, 3967654.214700000360608 ], [ 3420694.05210000090301, 3979333.600999999791384 ], [ 3426932.775100000202656, 3998032.5033 ], [ 3437657.4792, 4005180.479499999433756 ], [ 3447327.098400000482798, 4025454.89670000039041 ], [ 3455198.548599999397993, 4033886.170199999585748 ], [ 3488751.043099999427795, 4019695.747600000351667 ], [ 3551585.914300000295043, 4021015.973600000143051 ], [ 3563321.621400000527501, 4015881.919099999591708 ] ] ], [ [ [ 3734966.400000000372529, 4236053.410299999639392 ], [ 3728481.375399999320507, 4220930.395999999716878 ], [ 3721787.050100000575185, 4222382.684599999338388 ], [ 3714127.721100000664592, 4202076.848999999463558 ], [ 3708656.119200000539422, 4203657.303899999707937 ], [ 3708079.440600000321865, 4216076.7116 ], [ 3715595.0746, 4227959.795099999755621 ], [ 3722248.397099999710917, 4226862.1371 ], [ 3729602.01630000025034, 4238113.547399999573827 ], [ 3734966.400000000372529, 4236053.410299999639392 ] ] ], [ [ [ 3729926.938799999654293, 4211188.729299999773502 ], [ 3724775.17710000090301, 4208576.898600000888109 ], [ 3720634.709599999710917, 4215050.945699999108911 ], [ 3725833.596400000154972, 4217086.1228 ], [ 3729926.938799999654293, 4211188.729299999773502 ] ] ], [ [ [ 3718329.6733, 4187456.295199999585748 ], [ 3714619.879100000485778, 4183215.958399999886751 ], [ 3711709.559399999678135, 4187405.850400000810623 ], [ 3716614.622700000181794, 4189422.863900000229478 ], [ 3718329.6733, 4187456.295199999585748 ] ] ], [ [ [ 3712309.691299999132752, 4164067.697300000116229 ], [ 3710205.011, 4160315.787699999287724 ], [ 3708034.071699999272823, 4163634.903300000354648 ], [ 3710130.238500000908971, 4166149.145999999716878 ], [ 3712309.691299999132752, 4164067.697300000116229 ] ] ], [ [ [ 3678329.434699999168515, 4188952.672800000756979 ], [ 3675647.337400000542402, 4187560.431399999186397 ], [ 3673528.0329, 4191046.4759 ], [ 3676972.074100000783801, 4192155.183599999174476 ], [ 3678329.434699999168515, 4188952.672800000756979 ] ] ], [ [ [ 3667101.434000000357628, 4103875.782400000840425 ], [ 3664872.590900000184774, 4099101.030300000682473 ], [ 3662780.767899999395013, 4101569.413899999111891 ], [ 3665176.157800000160933, 4105148.869599999859929 ], [ 3667101.434000000357628, 4103875.782400000840425 ] ] ], [ [ [ 3654045.2785, 4171222.5735 ], [ 3651919.266100000590086, 4169403.136099999770522 ], [ 3649412.019200000911951, 4172686.438500000163913 ], [ 3652856.028799999505281, 4174499.229399999603629 ], [ 3654045.2785, 4171222.5735 ] ] ], [ [ [ 3619131.688100000843406, 4092194.581000000238419 ], [ 3617540.618699999526143, 4088570.852399999275804 ], [ 3614540.479000000283122, 4090237.306700000539422 ], [ 3617551.367799999192357, 4094142.976199999451637 ], [ 3619131.688100000843406, 4092194.581000000238419 ] ] ], [ [ [ 3617862.160900000482798, 4084429.661299999803305 ], [ 3604913.173000000417233, 4076601.32909999974072 ], [ 3598761.630699999630451, 4077437.659399999305606 ], [ 3604713.998800000175834, 4084418.847300000488758 ], [ 3610338.9846, 4083094.341900000348687 ], [ 3617862.160900000482798, 4084429.661299999803305 ] ] ], [ [ [ 3605667.614900000393391, 4062662.50760000012815 ], [ 3603376.503499999642372, 4060670.093100000172853 ], [ 3600528.812000000849366, 4063468.94480000063777 ], [ 3597593.92090000025928, 4061014.932700000703335 ], [ 3595136.378100000321865, 4062615.302500000223517 ], [ 3600997.4901, 4069021.985999999567866 ], [ 3605667.614900000393391, 4062662.50760000012815 ] ] ], [ [ [ 3597438.308900000527501, 4080523.309699999168515 ], [ 3593646.264599999412894, 4070678.71169999986887 ], [ 3591234.086500000208616, 4073861.719799999147654 ], [ 3594624.583799999207258, 4080866.47440000064671 ], [ 3597438.308900000527501, 4080523.309699999168515 ] ] ], [ [ [ 3592693.58669999986887, 4097268.781500000506639 ], [ 3590498.051400000229478, 4091065.986300000920892 ], [ 3589158.088400000706315, 4091358.261600000783801 ], [ 3589130.080900000408292, 4094132.922800000756979 ], [ 3591386.5494, 4097982.009199999272823 ], [ 3592693.58669999986887, 4097268.781500000506639 ] ] ], [ [ [ 3590032.082599999383092, 4060314.744100000709295 ], [ 3587006.345300000160933, 4057881.409499999135733 ], [ 3581198.675899999216199, 4061060.931900000199676 ], [ 3585473.268699999898672, 4063919.44370000064373 ], [ 3590032.082599999383092, 4060314.744100000709295 ] ] ], [ [ [ 3588879.692800000309944, 4086323.9695999994874 ], [ 3583464.3761, 4085912.9934 ], [ 3580426.233899999409914, 4093220.679999999701977 ], [ 3586431.975299999117851, 4094171.802699999883771 ], [ 3588879.692800000309944, 4086323.9695999994874 ] ] ], [ [ [ 3585792.971699999645352, 4052703.509500000625849 ], [ 3587252.610200000926852, 4046905.755599999800324 ], [ 3575030.725299999117851, 4030913.439300000667572 ], [ 3574313.987600000575185, 4035448.9978 ], [ 3577649.125499999150634, 4043589.99860000051558 ], [ 3576487.061799999326468, 4049256.26799999922514 ], [ 3565771.687699999660254, 4050786.569599999114871 ], [ 3559322.909, 4056120.383500000461936 ], [ 3557271.187300000339746, 4059896.276699999347329 ], [ 3558005.875099999830127, 4065896.22859999909997 ], [ 3561484.036100000143051, 4072450.258899999782443 ], [ 3570555.644200000911951, 4073519.22859999909997 ], [ 3575573.284, 4067691.224999999627471 ], [ 3577283.450999999418855, 4059518.177799999713898 ], [ 3585792.971699999645352, 4052703.509500000625849 ] ] ], [ [ [ 3586708.336500000208616, 4072433.002599999308586 ], [ 3581601.739099999889731, 4068788.11570000089705 ], [ 3580454.405300000682473, 4070086.211200000718236 ], [ 3573281.039100000634789, 4078231.854499999433756 ], [ 3578745.380999999120831, 4079628.595100000500679 ], [ 3581772.376599999144673, 4076888.0844 ], [ 3586708.336500000208616, 4072433.002599999308586 ] ] ], [ [ [ 3584561.240599999204278, 3678245.876700000837445 ], [ 3581432.459599999710917, 3677469.531500000506639 ], [ 3580063.739099999889731, 3680847.182700000703335 ], [ 3583628.361600000411272, 3682483.737800000235438 ], [ 3584561.240599999204278, 3678245.876700000837445 ] ] ], [ [ [ 3568408.258500000461936, 4037105.729399999603629 ], [ 3565429.302500000223517, 4037506.280999999493361 ], [ 3564571.42339999973774, 4039653.5932 ], [ 3570186.9178, 4041115.182600000873208 ], [ 3568408.258500000461936, 4037105.729399999603629 ] ] ], [ [ [ 3565735.66499999910593, 4022672.627699999138713 ], [ 3563418.7336, 4020509.612500000745058 ], [ 3561707.410700000822544, 4023310.40430000051856 ], [ 3564399.944199999794364, 4026826.64670000039041 ], [ 3565735.66499999910593, 4022672.627699999138713 ] ] ], [ [ [ 3563048.251700000837445, 4037282.6744 ], [ 3555895.096300000324845, 4036668.48340000025928 ], [ 3549537.698799999430776, 4049545.128599999472499 ], [ 3553640.029400000348687, 4053336.551000000908971 ], [ 3558664.461300000548363, 4052821.875399999320507 ], [ 3563048.251700000837445, 4037282.6744 ] ] ], [ [ [ 3536501.757400000467896, 3114852.864 ], [ 3529019.0395, 3112443.041300000622869 ], [ 3511876.275499999523163, 3126158.470899999141693 ], [ 3531193.081800000742078, 3134188.598200000822544 ], [ 3538811.395600000396371, 3130245.800499999895692 ], [ 3541402.880799999460578, 3122881.911299999803305 ], [ 3536501.757400000467896, 3114852.864 ] ] ], [ [ [ 3521934.360999999567866, 3136635.3048 ], [ 3521600.75620000064373, 3136235.023800000548363 ], [ 3521302.2357, 3136453.149800000712276 ], [ 3521717.538499999791384, 3136769.494300000369549 ], [ 3521934.360999999567866, 3136635.3048 ] ] ], [ [ [ 3499929.587099999189377, 3731891.230200000107288 ], [ 3497451.635600000619888, 3729449.288699999451637 ], [ 3495874.466299999505281, 3733394.502699999138713 ], [ 3498814.714800000190735, 3735854.191999999806285 ], [ 3499929.587099999189377, 3731891.230200000107288 ] ] ], [ [ [ 3451990.8277000002563, 3432893.6053 ], [ 3451146.430700000375509, 3432335.286599999293685 ], [ 3451050.068499999120831, 3432615.582299999892712 ], [ 3451135.5793999992311, 3432764.504100000485778 ], [ 3451708.3772, 3433016.89640000090003 ], [ 3451990.8277000002563, 3432893.6053 ] ] ], [ [ [ 3445173.487500000745058, 3121253.864199999719858 ], [ 3441262.653699999675155, 3120358.549100000411272 ], [ 3443744.9923, 3126000.825099999085069 ], [ 3446320.432700000703335, 3125821.886 ], [ 3445173.487500000745058, 3121253.864199999719858 ] ] ], [ [ [ 3423451.501199999824166, 4101611.42259999923408 ], [ 3418694.104000000283122, 4101542.262900000438094 ], [ 3419687.199999999254942, 4103404.8432 ], [ 3423054.829299999400973, 4106303.310200000181794 ], [ 3423451.501199999824166, 4101611.42259999923408 ] ] ], [ [ [ 3419283.996300000697374, 3974913.778100000694394 ], [ 3416442.074799999594688, 3974416.021999999880791 ], [ 3415054.804700000211596, 3978061.125499999150634 ], [ 3417746.773, 3979727.373700000345707 ], [ 3419283.996300000697374, 3974913.778100000694394 ] ] ], [ [ [ 3415606.050000000745058, 3222148.279799999669194 ], [ 3413630.998800000175834, 3219890.2204 ], [ 3410040.267100000753999, 3222657.833599999547005 ], [ 3413621.188999999314547, 3225506.933599999174476 ], [ 3415606.050000000745058, 3222148.279799999669194 ] ] ], [ [ [ 3400462.251000000163913, 3697086.500600000843406 ], [ 3397339.658800000324845, 3694891.818800000473857 ], [ 3394806.098200000822544, 3697635.622999999672174 ], [ 3398712.4178, 3699774.302999999374151 ], [ 3400462.251000000163913, 3697086.500600000843406 ] ] ], [ [ [ 3394740.010299999266863, 3727742.278000000864267 ], [ 3392519.285299999639392, 3724300.971400000154972 ], [ 3389133.29109999909997, 3725889.74379999935627 ], [ 3392418.096400000154972, 3729295.973099999129772 ], [ 3394740.010299999266863, 3727742.278000000864267 ] ] ], [ [ [ 3386342.161000000312924, 3444507.229900000616908 ], [ 3368263.229100000113249, 3431449.436699999496341 ], [ 3352128.941099999472499, 3451341.897900000214577 ], [ 3361456.407199999317527, 3462381.672800000756979 ], [ 3374259.696100000292063, 3461510.029899999499321 ], [ 3386342.161000000312924, 3444507.229900000616908 ] ] ], [ [ [ 3379643.690300000831485, 4022768.019899999722838 ], [ 3366790.011099999770522, 4008873.379899999126792 ], [ 3361637.811499999836087, 3992983.4649 ], [ 3353003.231799999251962, 3984589.724300000816584 ], [ 3343579.719699999317527, 3983874.349099999293685 ], [ 3339814.362400000914931, 3978649.894300000742078 ], [ 3336054.870899999514222, 3978983.385800000280142 ], [ 3332263.792700000107288, 3974714.340500000864267 ], [ 3320228.308800000697374, 3969874.412100000306964 ], [ 3316488.677899999544024, 3977704.907500000670552 ], [ 3327764.088199999183416, 3986972.69480000063777 ], [ 3318379.558399999514222, 4000000.338999999687076 ], [ 3322373.420399999246001, 4002867.69789999909699 ], [ 3323210.357799999415874, 4013180.28800000064075 ], [ 3330016.5461, 4021402.204199999570847 ], [ 3337081.844200000166893, 4018650.582900000736117 ], [ 3343046.325799999758601, 4020498.971100000664592 ], [ 3347570.968399999663234, 4027328.964199999347329 ], [ 3378899.375, 4040596.020400000736117 ], [ 3383193.445499999448657, 4035593.7127 ], [ 3379643.690300000831485, 4022768.019899999722838 ] ] ], [ [ [ 3374819.03999999910593, 4006382.4035 ], [ 3372658.954600000753999, 4006559.756699999794364 ], [ 3371356.1645, 4009059.1963 ], [ 3378047.537799999117851, 4013050.57010000012815 ], [ 3380849.6919, 4012916.777499999850988 ], [ 3379007.166500000283122, 4008967.89949999935925 ], [ 3374819.03999999910593, 4006382.4035 ] ] ], [ [ [ 3372573.3224, 3811314.1118 ], [ 3370423.549799999222159, 3811150.4561 ], [ 3369216.593399999663234, 3812499.459300000220537 ], [ 3377458.804999999701977, 3817897.564799999818206 ], [ 3378565.449400000274181, 3817290.971999999135733 ], [ 3372573.3224, 3811314.1118 ] ] ], [ [ [ 3374726.468599999323487, 3696646.916600000113249 ], [ 3367141.957599999383092, 3693397.212300000712276 ], [ 3361013.225700000301003, 3698290.1601 ], [ 3359089.098600000143051, 3716439.477600000798702 ], [ 3362002.151900000870228, 3721360.097300000488758 ], [ 3368411.021800000220537, 3724731.961899999529123 ], [ 3373152.153000000864267, 3721562.505899999290705 ], [ 3375098.255000000819564, 3716312.471200000494719 ], [ 3374726.468599999323487, 3696646.916600000113249 ] ] ], [ [ [ 3351309.304099999368191, 3799235.398900000378489 ], [ 3322365.106599999591708, 3799871.671399999409914 ], [ 3317104.690500000491738, 3804582.052200000733137 ], [ 3329721.1743, 3806954.359899999573827 ], [ 3336820.3498, 3815659.898600000888109 ], [ 3330618.809000000357628, 3821386.536000000312924 ], [ 3327877.845599999651313, 3830630.508600000292063 ], [ 3330684.295800000429153, 3835567.232200000435114 ], [ 3337929.133500000461936, 3837872.605599999427795 ], [ 3344439.635299999266863, 3833546.462500000372529 ], [ 3349160.349999999627471, 3823595.8377 ], [ 3357318.418099999427795, 3816933.939500000327826 ], [ 3361430.689300000667572, 3807714.835999999195337 ], [ 3351309.304099999368191, 3799235.398900000378489 ] ] ], [ [ [ 3351016.7665, 3770937.956499999389052 ], [ 3331778.473500000312924, 3747043.778100000694394 ], [ 3322438.079600000753999, 3746022.425000000745058 ], [ 3321524.983300000429153, 3733479.844499999657273 ], [ 3319327.670299999415874, 3730053.479599999263883 ], [ 3304430.380400000140071, 3726414.281300000846386 ], [ 3305306.595899999141693, 3743860.3651 ], [ 3294952.018200000748038, 3738695.836200000718236 ], [ 3291433.9695999994874, 3739566.348300000652671 ], [ 3302554.540100000798702, 3756501.956399999558926 ], [ 3306301.57039999961853, 3757667.250900000333786 ], [ 3309193.886199999600649, 3754647.585200000554323 ], [ 3320153.564500000327826, 3759357.486600000411272 ], [ 3323453.064200000837445, 3754982.306800000369549 ], [ 3337560.882999999448657, 3770099.32149999961257 ], [ 3354253.436000000685453, 3779308.457800000905991 ], [ 3351016.7665, 3770937.956499999389052 ] ] ], [ [ [ 3351888.666799999773502, 3963714.877000000327826 ], [ 3352734.512599999085069, 3957955.00650000013411 ], [ 3350618.900800000876188, 3958479.018300000578165 ], [ 3348906.738099999725819, 3963250.723799999803305 ], [ 3351888.666799999773502, 3963714.877000000327826 ] ] ], [ [ [ 3348368.412200000137091, 3865794.69679999910295 ], [ 3345976.454199999570847, 3862505.01380000077188 ], [ 3341626.5142, 3866320.17850000038743 ], [ 3346731.176000000908971, 3869780.9474 ], [ 3348368.412200000137091, 3865794.69679999910295 ] ] ], [ [ [ 3340308.877499999478459, 3874065.944700000807643 ], [ 3336513.002499999478459, 3872282.020199999213219 ], [ 3331958.068199999630451, 3879455.70920000039041 ], [ 3331799.0559, 3882460.25029999949038 ], [ 3338859.242499999701977, 3885402.789200000464916 ], [ 3342152.898499999195337, 3882178.21000000089407 ], [ 3342205.115599999204278, 3877063.185699999332428 ], [ 3340308.877499999478459, 3874065.944700000807643 ] ] ], [ [ [ 3341014.405799999833107, 3729907.284600000828505 ], [ 3338268.9518, 3723329.542700000107288 ], [ 3336764.710899999365211, 3727637.958799999207258 ], [ 3339467.575899999588728, 3730618.424599999561906 ], [ 3341014.405799999833107, 3729907.284600000828505 ] ] ], [ [ [ 3340734.6053, 4027452.247300000861287 ], [ 3337631.35700000077486, 4024233.086799999698997 ], [ 3335168.897199999541044, 4026799.0779 ], [ 3338596.873199999332428, 4029082.778999999165535 ], [ 3340734.6053, 4027452.247300000861287 ] ] ], [ [ [ 3304306.310399999842048, 3682168.332499999552965 ], [ 3308285.356000000610948, 3675722.029999999329448 ], [ 3305560.914200000464916, 3664854.4156 ], [ 3309324.529400000348687, 3662898.096699999645352 ], [ 3308400.288599999621511, 3654079.000499999150634 ], [ 3314959.078099999576807, 3636869.259999999776483 ], [ 3318739.394799999892712, 3635739.289799999445677 ], [ 3320412.048499999567866, 3631019.443099999800324 ], [ 3316948.168600000441074, 3625028.4824 ], [ 3306910.949500000104308, 3621319.396199999377131 ], [ 3303102.936499999836087, 3617512.206700000911951 ], [ 3306364.408099999651313, 3615145.198999999091029 ], [ 3314344.07010000012815, 3617405.93610000051558 ], [ 3326026.33, 3611611.465299999341369 ], [ 3328341.004799999296665, 3593362.692700000479817 ], [ 3324250.960100000724196, 3582840.4211 ], [ 3321675.427799999713898, 3579844.499900000169873 ], [ 3319879.905899999663234, 3581576.5746 ], [ 3322133.930299999192357, 3596697.32880000025034 ], [ 3315668.6381, 3604959.2292 ], [ 3314095.818099999800324, 3601606.607899999246001 ], [ 3315219.378799999132752, 3593194.301300000399351 ], [ 3314878.11600000038743, 3585556.257799999788404 ], [ 3318336.873999999836087, 3579496.306900000199676 ], [ 3316242.94480000063777, 3573478.888499999418855 ], [ 3309095.1371, 3569299.340900000184774 ], [ 3299668.424699999392033, 3572339.955 ], [ 3293649.998199999332428, 3568972.598400000482798 ], [ 3290222.039599999785423, 3558290.050100000575185 ], [ 3279813.44510000012815, 3552422.424599999561906 ], [ 3267014.159499999135733, 3563205.955800000578165 ], [ 3261337.30489999987185, 3564371.676899999380112 ], [ 3257450.43019999936223, 3560599.207800000905991 ], [ 3244766.92879999987781, 3561754.35359999909997 ], [ 3241508.129899999126792, 3565215.308900000527501 ], [ 3245165.724899999797344, 3577208.32010000012815 ], [ 3236888.061300000175834, 3582907.341700000688434 ], [ 3235160.656999999657273, 3596830.44480000063777 ], [ 3233835.760900000110269, 3598904.057 ], [ 3227774.497899999842048, 3608426.24970000050962 ], [ 3216220.307099999859929, 3603162.020300000905991 ], [ 3214939.145400000736117, 3602580.729100000113249 ], [ 3213873.196900000795722, 3591529.926000000908971 ], [ 3204786.457000000402331, 3583752.570599999278784 ], [ 3186109.965399999171495, 3586294.677699999883771 ], [ 3179714.408299999311566, 3595601.810399999842048 ], [ 3171910.9543999992311, 3598620.938500000163913 ], [ 3169981.266200000420213, 3608249.579600000753999 ], [ 3164332.748099999502301, 3616133.995799999684095 ], [ 3161553.969799999147654, 3620027.622899999842048 ], [ 3158430.294800000265241, 3629719.852099999785423 ], [ 3168712.792600000277162, 3636497.82909999974072 ], [ 3178518.36570000089705, 3634959.017899999395013 ], [ 3190028.450899999588728, 3639927.6601 ], [ 3181793.898299999535084, 3645656.2884 ], [ 3179899.167899999767542, 3651536.434800000861287 ], [ 3185445.515799999237061, 3654940.270700000226498 ], [ 3190108.463400000706315, 3651683.928999999538064 ], [ 3203259.94510000012815, 3652812.884800000116229 ], [ 3207465.686799999326468, 3657640.075400000438094 ], [ 3212333.933800000697374, 3663240.046700000762939 ], [ 3220774.679199999198318, 3679132.401399999856949 ], [ 3230329.813999999314547, 3682748.464600000530481 ], [ 3236415.892300000414252, 3678692.24210000038147 ], [ 3243837.9989, 3679060.7533 ], [ 3252343.0746, 3691066.5658 ], [ 3264155.970100000500679, 3686672.057299999520183 ], [ 3283496.211400000378489, 3690656.052500000223517 ], [ 3304306.310399999842048, 3682168.332499999552965 ] ] ], [ [ [ 3324300.344399999827147, 3986885.217299999669194 ], [ 3321765.937599999830127, 3984157.41950000077486 ], [ 3319172.262700000777841, 3987127.129000000655651 ], [ 3322641.53830000013113, 3989311.74269999936223 ], [ 3324300.344399999827147, 3986885.217299999669194 ] ] ], [ [ [ 3324235.70299999974668, 3779978.22069999948144 ], [ 3318871.308599999174476, 3770038.2642 ], [ 3314327.689099999144673, 3772987.650900000706315 ], [ 3320162.792500000447035, 3779891.770899999886751 ], [ 3324235.70299999974668, 3779978.22069999948144 ] ] ], [ [ [ 3321690.824200000613928, 3121428.763399999588728 ], [ 3321223.551300000399351, 3121426.47829999960959 ], [ 3320277.221100000664592, 3121693.067099999636412 ], [ 3319909.690500000491738, 3121898.306700000539422 ], [ 3321690.824200000613928, 3121428.763399999588728 ] ] ], [ [ [ 3314267.7489, 3838305.497199999168515 ], [ 3304382.335699999704957, 3835922.490399999544024 ], [ 3302279.3399, 3838670.250399999320507 ], [ 3316324.93129999935627, 3846388.107100000604987 ], [ 3320838.379599999636412, 3845584.83500000089407 ], [ 3314267.7489, 3838305.497199999168515 ] ] ], [ [ [ 3318226.798000000417233, 3809329.225600000470877 ], [ 3314544.960799999535084, 3804752.195299999788404 ], [ 3313309.371999999508262, 3805808.011099999770522 ], [ 3313577.86629999987781, 3808431.226099999621511 ], [ 3316663.053899999707937, 3810380.109899999573827 ], [ 3318226.798000000417233, 3809329.225600000470877 ] ] ], [ [ [ 3287481.455900000408292, 3904256.8585 ], [ 3282036.107200000435114, 3897764.529400000348687 ], [ 3281962.808199999853969, 3903416.619799999520183 ], [ 3278439.2171, 3908933.946900000795722 ], [ 3278908.342199999839067, 3919111.106499999761581 ], [ 3284587.337099999189377, 3935321.557499999180436 ], [ 3288093.302200000733137, 3938590.96059999987483 ], [ 3289441.738700000569224, 3949095.734400000423193 ], [ 3283772.280500000342727, 3960575.317299999296665 ], [ 3288395.007999999448657, 3966481.0099 ], [ 3299859.197200000286102, 3965250.867000000551343 ], [ 3306709.998099999502301, 3970354.9543999992311 ], [ 3311925.389399999752641, 3960584.558700000867248 ], [ 3298707.463600000366569, 3940505.972799999639392 ], [ 3297246.150000000372529, 3935406.92850000038743 ], [ 3293047.512900000438094, 3934483.339199999347329 ], [ 3293747.9211, 3923905.979800000786781 ], [ 3288751.908399999141693, 3915401.699999999254942 ], [ 3287481.455900000408292, 3904256.8585 ] ] ], [ [ [ 3308904.995899999514222, 3975260.254499999806285 ], [ 3305927.739199999719858, 3973097.061799999326468 ], [ 3303240.267300000414252, 3975947.224700000137091 ], [ 3307092.6402000002563, 3977676.416400000452995 ], [ 3308904.995899999514222, 3975260.254499999806285 ] ] ], [ [ [ 3304401.533700000494719, 3691674.246999999508262 ], [ 3301660.736700000241399, 3688116.549699999392033 ], [ 3300226.548800000920892, 3692637.6404 ], [ 3302847.024700000882149, 3694676.950799999758601 ], [ 3304401.533700000494719, 3691674.246999999508262 ] ] ], [ [ [ 3302256.815300000831485, 3834351.789200000464916 ], [ 3299887.300100000575185, 3832335.436799999326468 ], [ 3297130.983300000429153, 3835227.461300000548363 ], [ 3300949.248400000855327, 3837546.994699999690056 ], [ 3302256.815300000831485, 3834351.789200000464916 ] ] ], [ [ [ 3295292.155500000342727, 3832411.099500000476837 ], [ 3286636.686599999666214, 3826248.4309 ], [ 3283274.235600000247359, 3829159.2983 ], [ 3282506.682199999690056, 3836573.114499999210238 ], [ 3295292.155500000342727, 3832411.099500000476837 ] ] ], [ [ [ 3277828.600600000470877, 3953681.081800000742078 ], [ 3274866.309000000357628, 3951620.794299999251962 ], [ 3273058.942800000309944, 3955303.647199999541044 ], [ 3276733.074899999424815, 3956630.603800000622869 ], [ 3277828.600600000470877, 3953681.081800000742078 ] ] ], [ [ [ 3266089.6721, 3889421.747700000181794 ], [ 3264239.26039999909699, 3884686.590299999341369 ], [ 3263323.92989999987185, 3889909.546700000762939 ], [ 3267551.065600000321865, 3895107.813699999824166 ], [ 3268367.982100000604987, 3897094.4835 ], [ 3271478.769300000742078, 3898110.314099999144673 ], [ 3273358.557199999690056, 3900670.889799999073148 ], [ 3274487.961500000208616, 3898566.092000000178814 ], [ 3274146.25029999949038, 3896085.438100000843406 ], [ 3274876.097999999299645, 3893274.023199999704957 ], [ 3266089.6721, 3889421.747700000181794 ] ] ], [ [ [ 3255428.527300000190735, 3875115.676899999380112 ], [ 3251864.034900000318885, 3875911.961500000208616 ], [ 3255130.852900000289083, 3880173.810900000855327 ], [ 3257146.809000000357628, 3878351.703199999406934 ], [ 3255428.527300000190735, 3875115.676899999380112 ] ] ], [ [ [ 3238681.489900000393391, 4005335.01659999974072 ], [ 3236202.144899999722838, 4003605.9561 ], [ 3233685.068900000303984, 4004721.115499999374151 ], [ 3237054.535800000652671, 4009047.961300000548363 ], [ 3238681.489900000393391, 4005335.01659999974072 ] ] ], [ [ [ 3231207.800799999386072, 3998565.64750000089407 ], [ 3229369.94400000013411, 3996603.101099999621511 ], [ 3227260.439500000327826, 4001113.60869999974966 ], [ 3230822.179999999701977, 4002432.338300000876188 ], [ 3231207.800799999386072, 3998565.64750000089407 ] ] ], [ [ [ 3166193.5559, 3110506.457800000905991 ], [ 3160880.6009, 3106354.562999999150634 ], [ 3158525.89809999987483, 3112979.708200000226498 ], [ 3159897.017300000414252, 3113867.462600000202656 ], [ 3165177.8728, 3113120.890699999406934 ], [ 3166193.5559, 3110506.457800000905991 ] ] ], [ [ [ 3159123.18129999935627, 3111005.23369999974966 ], [ 3158830.693099999800324, 3110743.75730000063777 ], [ 3158557.910000000149012, 3111093.008600000292063 ], [ 3158912.387299999594688, 3111300.999500000849366 ], [ 3159123.18129999935627, 3111005.23369999974966 ] ] ] ] } }
]
}
