{
"type": "FeatureCollection",
"name": "germany_states_25832",
"crs": { "type": "name", "properties": { "name": "urn:ogc:def:crs:EPSG::25832" } },
"features": [
{ "type": "Feature", "properties": { "ID_0": 86, "ISO": "DEU", "NAME_0": "Germany", "ID_1": 1, "NAME_1": "Baden-Württemberg", "NL_NAME_1": null, "VARNAME_1": null, "TYPE_1": "Land", "ENGTYPE_1": "State" }, "geometry": { "type": "MultiPolygon", "coordinates": [ [ [ [ 546832.322417645016685, 5513966.674889610148966 ], [ 545978.094794491305947, 5504406.382739939726889 ], [ 548467.852015032432973, 5503623.058369438163936 ], [ 551590.873352181399241, 5508240.303592721931636 ], [ 552999.082710555987433, 5503712.125862623564899 ], [ 557359.872551861219108, 5508357.325509054586291 ], [ 560348.863896064343862, 5505528.871828804723918 ], [ 560135.292098542093299, 5500150.73712024372071 ], [ 563623.294670045608655, 5494871.143588719889522 ], [ 559716.168314726790413, 5489000.287444323301315 ], [ 562640.515413651941344, 5487841.277557646855712 ], [ 566594.572302666027099, 5492473.75066929962486 ], [ 565463.415616580052301, 5489561.333317019045353 ], [ 567522.215978171676397, 5489615.318887650966644 ], [ 568239.713039149413817, 5481000.296086885966361 ], [ 574008.372865314944647, 5481159.856093156151474 ], [ 577469.402688354603015, 5488233.457984358072281 ], [ 578853.991208835621364, 5484165.530139219015837 ], [ 581741.369797562249005, 5484243.670369535684586 ], [ 579925.717544872080907, 5477225.924749760888517 ], [ 585080.034669152344577, 5471642.593798751011491 ], [ 581005.196473687654361, 5469885.388847634196281 ], [ 582354.115369190927595, 5466650.829079101793468 ], [ 580738.320191761711612, 5465375.93688484095037 ], [ 583675.419080821797252, 5464236.502979317680001 ], [ 584563.200330558349378, 5459154.111001202836633 ], [ 581428.511803628643975, 5456400.631041133776307 ], [ 583101.513663504039869, 5456043.046945816837251 ], [ 582435.406485535553657, 5450302.184140976518393 ], [ 592206.502800594083965, 5444079.858753746375442 ], [ 588587.43849017820321, 5439067.224876511842012 ], [ 591956.453658588696271, 5438359.10912461578846 ], [ 592112.682067553279921, 5432655.355143868364394 ], [ 599703.738774413126521, 5431685.917508208192885 ], [ 607429.590171637595631, 5421632.85207721311599 ], [ 605425.40298563381657, 5418336.30909033305943 ], [ 607505.463109579635784, 5416706.021616423502564 ], [ 605522.39725117944181, 5411767.491328001022339 ], [ 607234.029619761859067, 5407670.22792118228972 ], [ 604407.815311771119013, 5403550.545823987573385 ], [ 610763.686212898115627, 5394131.898098513484001 ], [ 604598.471177716273814, 5391229.365731758065522 ], [ 606610.995787057559937, 5394934.185068891383708 ], [ 604119.373592479387298, 5395335.741561636328697 ], [ 600047.703314759070054, 5390394.866376087069511 ], [ 599156.00386655353941, 5394496.334780842997134 ], [ 594103.363534692907706, 5396052.469063968397677 ], [ 592913.917605083435774, 5391535.036839440464973 ], [ 598040.020049264305271, 5385463.519016345962882 ], [ 595963.062448251293972, 5385048.534813920035958 ], [ 597343.521400355966762, 5376016.371719365008175 ], [ 591090.369168435456231, 5374773.217163304798305 ], [ 591963.596172912279144, 5372722.727214833721519 ], [ 587079.39668675547, 5368796.512826940044761 ], [ 576718.222986526088789, 5368322.933030840940773 ], [ 577207.261840402381495, 5365046.692931670695543 ], [ 571941.983869543415494, 5359462.215465447865427 ], [ 579252.070184866781346, 5348591.466743770986795 ], [ 580745.79961735685356, 5337449.777931866236031 ], [ 585072.686658225604333, 5328444.400396786630154 ], [ 584848.112145664752461, 5319296.289707839488983 ], [ 580851.65045247389935, 5312534.230918747372925 ], [ 582965.464769515907392, 5310103.031570851802826 ], [ 582671.685895834350958, 5303861.306599488481879 ], [ 580630.416629564715549, 5302557.735741341486573 ], [ 584862.944561946787871, 5296854.125050918199122 ], [ 579967.281370221753605, 5293390.75559054967016 ], [ 583725.033928655437194, 5290575.982060358859599 ], [ 584707.438099100254476, 5281022.422006064094603 ], [ 581375.368713672971353, 5280894.702081530354917 ], [ 580601.983560672146268, 5276680.031396302394569 ], [ 576844.078632491989993, 5282482.977197539061308 ], [ 572426.392116926959716, 5278274.218984977342188 ], [ 563349.414255368057638, 5280971.903656895272434 ], [ 556120.757946544676088, 5272944.738734322600067 ], [ 542667.509410982951522, 5270495.917834438383579 ], [ 537492.976583725889213, 5277801.511757520027459 ], [ 523656.524081221374217, 5280445.637986890040338 ], [ 503294.487480833369773, 5296705.17426985129714 ], [ 513270.395611150190234, 5287168.60090169403702 ], [ 516601.550925157382153, 5279441.436682440340519 ], [ 512322.46385067817755, 5277811.681049356237054 ], [ 499373.357286112557631, 5288290.548656038939953 ], [ 500757.648387567896862, 5286309.783914532512426 ], [ 495603.490765837486833, 5286495.825204526074231 ], [ 500477.93582389887888, 5282411.806761325336993 ], [ 491877.70866880135145, 5277986.609612566418946 ], [ 489031.580013476603199, 5281163.803826093673706 ], [ 490555.968729839019943, 5283814.308889252133667 ], [ 485622.513359066913836, 5287607.503607803955674 ], [ 482837.194810355082154, 5285179.781956945545971 ], [ 484849.857177465280984, 5280744.140285504981875 ], [ 479583.192084113892633, 5282642.244194380007684 ], [ 479801.762386096233968, 5290339.973632560111582 ], [ 476790.130429286393337, 5289995.954012525267899 ], [ 474263.144873603770975, 5294771.722683458589017 ], [ 472257.300932432641275, 5290355.898554647341371 ], [ 471534.401354255503975, 5294590.734109078533947 ], [ 467709.963121888111345, 5295761.917777386493981 ], [ 468259.914658827532548, 5292944.46597791928798 ], [ 460491.841668205976021, 5290882.882442456670105 ], [ 455302.491959230450448, 5280838.926994835957885 ], [ 460322.46457471488975, 5276809.039426444098353 ], [ 470087.464361130725592, 5280479.533645792864263 ], [ 472136.033872922474984, 5277617.301444170065224 ], [ 469722.120834210887551, 5277167.225481633096933 ], [ 468780.950390756770503, 5271961.592129174619913 ], [ 464013.153963311226107, 5276188.528182188048959 ], [ 459280.171529097598977, 5272576.869683530181646 ], [ 462074.623047330300324, 5270317.745530006475747 ], [ 457686.486297936935443, 5268819.054922118782997 ], [ 449575.854796822473872, 5269274.389012317173183 ], [ 446706.129434039059561, 5273632.639698557555676 ], [ 440256.1584510167595, 5275069.787129478529096 ], [ 431384.006148617889266, 5268121.71487552113831 ], [ 420549.900274132087361, 5266793.636075861752033 ], [ 416605.499105954659171, 5271732.228205338120461 ], [ 411348.689613138034474, 5271928.064931572414935 ], [ 399866.398796407214832, 5265712.55505214817822 ], [ 397123.145612175110728, 5268573.517542623914778 ], [ 400709.640007746173069, 5269454.979920513927937 ], [ 400053.620236552204005, 5271950.807590715587139 ], [ 395308.662804766674526, 5270666.380463482812047 ], [ 389227.676805788651109, 5279587.638947060331702 ], [ 392166.918457702209707, 5304074.942141333594918 ], [ 397167.820435841509607, 5314291.160015651956201 ], [ 393299.430446088314056, 5321330.301461452618241 ], [ 394164.985142673016526, 5330770.557741248048842 ], [ 400927.751653352752328, 5341735.072259831242263 ], [ 403144.714332452917006, 5350704.836214981041849 ], [ 406998.948081629816443, 5353720.863104933872819 ], [ 406259.361375728040002, 5361388.772420442663133 ], [ 411759.317433790769428, 5374065.491700755432248 ], [ 411886.552539911004715, 5382923.816504687070847 ], [ 424315.036544356902596, 5400868.956446841359138 ], [ 432958.075050834100693, 5405848.855126022361219 ], [ 441245.402829577273224, 5422997.609028939157724 ], [ 448460.890813462610822, 5428156.385317942127585 ], [ 453445.915142620797269, 5438733.726372788660228 ], [ 455422.586786217754707, 5453702.962229626253247 ], [ 463022.446642535389401, 5461073.920547583140433 ], [ 460071.616471596527845, 5464603.615979146212339 ], [ 463300.436837332323194, 5467626.988038302399218 ], [ 463643.60512095579179, 5471313.574192982167006 ], [ 461173.278475118393544, 5471193.9685745453462 ], [ 464375.826213321997784, 5476650.828901045955718 ], [ 459815.799669741187245, 5477658.756858112290502 ], [ 461423.99454684642842, 5480179.978841944597661 ], [ 457963.693727803882211, 5489005.19044472835958 ], [ 458730.379691761685535, 5492716.356150206178427 ], [ 470437.99651124846423, 5485897.144105036742985 ], [ 472883.674623636237811, 5488857.444414246827364 ], [ 471129.890144779521506, 5495706.163322167471051 ], [ 478173.678526583360508, 5497226.40929308719933 ], [ 476994.131544058094732, 5491887.879780893214047 ], [ 480395.070447294623591, 5485525.253259286284447 ], [ 492911.389574849104974, 5484306.280562621541321 ], [ 491281.229534075711854, 5480212.693949984386563 ], [ 487520.480907366843894, 5480512.621657155454159 ], [ 488395.061255545879249, 5476489.4019745728001 ], [ 485506.630500617378857, 5473969.531671513803303 ], [ 489686.648049994313624, 5472479.121694168075919 ], [ 496749.975088258390315, 5478691.404220157302916 ], [ 496683.08235048741335, 5484381.564919874072075 ], [ 509647.213417862018105, 5485317.446293733082712 ], [ 506679.723229402152356, 5488174.416979438625276 ], [ 507875.360997282259632, 5492274.133429321460426 ], [ 518702.423197301628534, 5492683.977382788434625 ], [ 522708.782294929435011, 5500494.020398085936904 ], [ 530180.943106382153928, 5499270.800126907415688 ], [ 530828.931345612625591, 5506693.636916983872652 ], [ 528725.804716539219953, 5508742.472307802177966 ], [ 526319.131571541889571, 5505849.586564837954938 ], [ 527912.742515375488438, 5508326.815966952592134 ], [ 522123.201345802634023, 5509541.882887566462159 ], [ 524175.829114619526081, 5509958.672855015844107 ], [ 523297.293616667157039, 5512835.469408525153995 ], [ 536731.939881214289926, 5515007.009499435313046 ], [ 541340.51079110824503, 5510114.788326147012413 ], [ 541200.85004559007939, 5514255.440598610788584 ], [ 546832.322417645016685, 5513966.674889610148966 ] ] ], [ [ [ 478126.639593404484913, 5284727.546798498369753 ], [ 479174.986402850132436, 5282608.926799197681248 ], [ 474586.681744655361399, 5282480.905765587463975 ], [ 478126.639593404484913, 5284727.546798498369753 ] ] ] ] } },
{ "type": "Feature", "properties": { "ID_0": 86, "ISO": "DEU", "NAME_0": "Germany", "ID_1": 2, "NAME_1": "Bayern", "NL_NAME_1": null, "VARNAME_1": "Bavaria", "TYPE_1": "Land", "ENGTYPE_1": "State" }, "geometry": { "type": "Polygon", "coordinates": [ [ [ 580328.598803563858382, 5600398.834788737818599 ], [ 585313.384839138831012, 5600899.955023270100355 ], [ 587492.526111972867511, 5596364.663643885403872 ], [ 594618.193898879922926, 5594413.608014175668359 ], [ 599805.058119709719904, 5586632.281601912342012 ], [ 599050.528268257738091, 5583293.750065271742642 ], [ 603621.164665704360232, 5584223.205525872297585 ], [ 606260.17490081419237, 5578884.369813547469676 ], [ 614267.84721099876333, 5576582.045045892708004 ], [ 614984.727741476614028, 5564952.401617887429893 ], [ 622967.872623727656901, 5562266.329133982770145 ], [ 623665.734905195073225, 5567683.58427470177412 ], [ 632277.472637432161719, 5567961.942428675480187 ], [ 622240.623013572650962, 5575947.851731969974935 ], [ 622504.307380528305657, 5580086.710082766599953 ], [ 630177.294986032648012, 5583592.841377802193165 ], [ 637933.248054136522114, 5583821.841230500489473 ], [ 642189.896827483549714, 5578594.172702886164188 ], [ 642107.902819024864584, 5581065.064116689376533 ], [ 645456.614132154965773, 5578697.362964604981244 ], [ 650293.977872785297222, 5581338.035727104172111 ], [ 653696.676970177446492, 5577323.630407286807895 ], [ 652615.290805826545693, 5572748.985603640787303 ], [ 660473.630972795886919, 5570541.869378829374909 ], [ 662289.295922741759568, 5581760.44841433595866 ], [ 659508.98894956544973, 5594070.194737853482366 ], [ 664871.010754986549728, 5595508.435604646801949 ], [ 666441.156164603075013, 5599290.29718264285475 ], [ 672281.212566860951483, 5598682.764159481972456 ], [ 671618.352070871274918, 5591619.513366039842367 ], [ 673779.193521958659403, 5588385.98843770287931 ], [ 676249.542774348054081, 5589721.232765274122357 ], [ 679332.878125164890662, 5583204.721230742521584 ], [ 684257.947434797999449, 5586712.301454187370837 ], [ 697967.120936442282982, 5589336.108053137548268 ], [ 700938.807684362283908, 5586138.468974282965064 ], [ 708760.709860669099726, 5590224.035362639464438 ], [ 712078.076837402535602, 5586639.027238735929132 ], [ 712078.805446758284234, 5582072.2641845587641 ], [ 722482.515895950607955, 5578120.959699380211532 ], [ 723493.003113837447017, 5574706.528903116472065 ], [ 719961.67401389463339, 5571579.053389727137983 ], [ 728304.281568572157994, 5565279.681967690587044 ], [ 728714.083887846558355, 5555965.052325538359582 ], [ 733254.231393722468056, 5553967.866000302135944 ], [ 733026.600159999798052, 5550634.490610491484404 ], [ 750101.052364344708622, 5542952.28273522015661 ], [ 749374.998140938347206, 5537762.495472391135991 ], [ 754612.144115844042972, 5536565.822096618823707 ], [ 751754.621114323963411, 5526594.908137004822493 ], [ 749691.981806703843176, 5526162.324751568958163 ], [ 749888.72016315232031, 5521098.106249216943979 ], [ 745087.739576618652791, 5516967.295219852589071 ], [ 748277.754534821491688, 5511742.907385331578553 ], [ 754438.970914246863686, 5509891.88264545891434 ], [ 754548.671307942364365, 5503725.129784602671862 ], [ 757437.875603626249358, 5502985.733923148363829 ], [ 759542.441648145555519, 5494119.787215612828732 ], [ 763790.68313827260863, 5492882.673463487066329 ], [ 763122.496228069067001, 5487164.003301182761788 ], [ 765428.055782371899113, 5481945.436123720370233 ], [ 772755.791246552136727, 5478756.011364650912583 ], [ 774793.714579223422334, 5473466.294199819676578 ], [ 787068.757739374181256, 5473690.9795754654333 ], [ 793163.488096418324858, 5469597.111977208405733 ], [ 793722.117855891119689, 5465067.801732658408582 ], [ 804661.876958332955837, 5455250.471624239347875 ], [ 804827.135045778122731, 5451930.245184292085469 ], [ 813415.004364369087853, 5449707.426620534621179 ], [ 821721.295107576763257, 5442558.931034472770989 ], [ 823709.239968726877123, 5433751.85256281401962 ], [ 829239.333430809667334, 5430554.882935577072203 ], [ 830050.28878949501086, 5433729.54832908231765 ], [ 835776.320108972722664, 5434117.907693170011044 ], [ 842420.667198087787256, 5424986.745553559623659 ], [ 848343.62526753009297, 5424397.964475762099028 ], [ 855267.165357943391427, 5413339.042185573838651 ], [ 852032.491044382564723, 5407562.264392985962331 ], [ 855440.347395902499557, 5398820.78529372997582 ], [ 854631.694105521542951, 5393156.788605438545346 ], [ 849905.71586569712963, 5385952.297530643641949 ], [ 831981.998015876393765, 5392398.456367077305913 ], [ 827219.432224447606131, 5388570.37687087059021 ], [ 828919.150775826885365, 5383275.210177415050566 ], [ 826565.519377958029509, 5367690.699484937824309 ], [ 817771.441028939327225, 5359101.809097927995026 ], [ 803447.225043017650023, 5355674.305152376182377 ], [ 787389.617801206302829, 5346175.035412107594311 ], [ 779302.342286836588755, 5336151.79681336786598 ], [ 799294.899403665098362, 5307630.512151915580034 ], [ 793253.551679080817848, 5293842.165532786399126 ], [ 801058.379571181023493, 5294068.064484538510442 ], [ 806253.043280173907988, 5290071.483200066722929 ], [ 808363.631159924436361, 5284370.601877452805638 ], [ 804345.839475551736541, 5278096.384530472569168 ], [ 805309.60627517523244, 5268127.390125384554267 ], [ 802443.060407514451072, 5264736.903243148699403 ], [ 799093.622345189331099, 5265825.578358723782003 ], [ 785824.608616473618895, 5274560.05745714623481 ], [ 784323.95320277614519, 5276723.697970058768988 ], [ 787544.011081430478953, 5280748.348690795712173 ], [ 783211.735529716592282, 5283742.500507326796651 ], [ 783921.401628751074895, 5287215.737663252279162 ], [ 770588.01259544165805, 5286949.721969650126994 ], [ 768717.643020424875431, 5281877.105683074332774 ], [ 763392.064521795138717, 5281007.458634255453944 ], [ 757771.766268896870315, 5288758.894115123897791 ], [ 744595.26115884014871, 5285459.915017018094659 ], [ 743959.452918399940245, 5292532.074544390663505 ], [ 738155.694751034490764, 5287714.201764323748648 ], [ 741225.716736949980259, 5276968.296338711865246 ], [ 726670.88029902393464, 5278674.279064424335957 ], [ 714829.490152975078672, 5273470.660257615149021 ], [ 698175.051608084118925, 5275019.108381431549788 ], [ 694336.171716764103621, 5265272.398035394027829 ], [ 683516.422874520998448, 5265082.736664370633662 ], [ 679942.307919652434066, 5260373.715267746709287 ], [ 682749.684367971494794, 5257534.92677444498986 ], [ 676511.509723469032906, 5258033.631533001549542 ], [ 671605.616933359298855, 5251124.028879400342703 ], [ 667849.624167892616242, 5251044.313486524857581 ], [ 669364.115115538937971, 5255927.027465922757983 ], [ 649225.002063051331788, 5251079.803801397792995 ], [ 645150.04251346969977, 5260092.558557278476655 ], [ 640365.255818907637149, 5259970.381979456171393 ], [ 644449.422551437513903, 5264302.268793339841068 ], [ 641720.323664566501975, 5266683.01660564634949 ], [ 633414.533453441690654, 5264045.597650554031134 ], [ 620336.02878065907862, 5270155.439778437837958 ], [ 617511.463517672731541, 5265904.259238081052899 ], [ 607690.93798246467486, 5271232.421989205293357 ], [ 607945.627481290488504, 5261464.472338732331991 ], [ 610196.494218672625721, 5260346.542616807855666 ], [ 610968.684384803986177, 5254340.353416040539742 ], [ 608215.334799643838778, 5248247.510018650442362 ], [ 604932.139233560301363, 5247823.269606373272836 ], [ 600029.891490808222443, 5239639.66648530587554 ], [ 588513.293779467698187, 5235821.957296716980636 ], [ 592586.892468077247031, 5249558.773503020405769 ], [ 582767.344229140901007, 5245183.036475948058069 ], [ 580631.981700940988958, 5251465.698785677552223 ], [ 582581.713286778889596, 5252250.95482337102294 ], [ 582215.8030320701655, 5256482.230028860270977 ], [ 575132.288734286557883, 5259680.877591879107058 ], [ 573072.945739027112722, 5266797.311781142838299 ], [ 565760.443042955361307, 5264513.661558957770467 ], [ 561180.350960850832053, 5266689.916996464133263 ], [ 560255.047967596794479, 5271839.079396615736187 ], [ 555359.378868628642522, 5265588.420298714190722 ], [ 546355.043103028554469, 5269199.954713385552168 ], [ 549528.81657739833463, 5273551.09901440422982 ], [ 556934.341603520442732, 5273380.862399050034583 ], [ 563349.414255380863324, 5280971.903656895272434 ], [ 572426.392116926959716, 5278274.218984977342188 ], [ 576844.078632491989993, 5282482.977197539061308 ], [ 580601.983560672146268, 5276680.031396302394569 ], [ 581375.368713672971353, 5280894.702081530354917 ], [ 584707.438099113176577, 5281022.422006065025926 ], [ 583725.033928655437194, 5290575.982060358859599 ], [ 579967.28137023455929, 5293390.75559054967016 ], [ 584862.944561959477141, 5296854.125050918199122 ], [ 580630.416629564715549, 5302557.735741341486573 ], [ 582671.685895834350958, 5303861.306599488481879 ], [ 582965.464769515907392, 5310103.031570851802826 ], [ 580851.65045247389935, 5312534.230918747372925 ], [ 584848.112145664752461, 5319296.289707839488983 ], [ 585072.686658225604333, 5328444.400396786630154 ], [ 580745.79961735685356, 5337449.777931866236031 ], [ 579252.070184866781346, 5348591.466743770986795 ], [ 571941.983869543415494, 5359462.215465447865427 ], [ 577207.261840402381495, 5365046.692931670695543 ], [ 576718.222986526088789, 5368322.933030840940773 ], [ 587079.39668675547, 5368796.512826940044761 ], [ 591963.596172912279144, 5372722.727214833721519 ], [ 591090.369168435456231, 5374773.217163304798305 ], [ 597343.521400355966762, 5376016.371719365008175 ], [ 595963.062448251293972, 5385048.534813920035958 ], [ 598040.020049264305271, 5385463.519016345962882 ], [ 592913.917605083435774, 5391535.036839440464973 ], [ 594103.363534692907706, 5396052.469063968397677 ], [ 599156.00386655353941, 5394496.334780842997134 ], [ 600047.703314759070054, 5390394.866376087069511 ], [ 604119.373592479387298, 5395335.741561636328697 ], [ 606610.995787057559937, 5394934.185068891383708 ], [ 604598.471177716273814, 5391229.365731758065522 ], [ 610763.686212898115627, 5394131.898098513484001 ], [ 604407.815311771119013, 5403550.545823987573385 ], [ 607234.029619761859067, 5407670.22792118228972 ], [ 605522.39725117944181, 5411767.491328001022339 ], [ 607505.463109579635784, 5416706.021616423502564 ], [ 605425.40298563381657, 5418336.30909033305943 ], [ 607429.590171637595631, 5421632.85207721311599 ], [ 599703.738774413126521, 5431685.917508208192885 ], [ 592112.682067553279921, 5432655.355143868364394 ], [ 591956.453658588696271, 5438359.10912461578846 ], [ 588587.43849017820321, 5439067.224876511842012 ], [ 592206.502800594083965, 5444079.858753746375442 ], [ 582435.406485535553657, 5450302.184140976518393 ], [ 583101.513663504039869, 5456043.046945816837251 ], [ 581428.511803628643975, 5456400.631041133776307 ], [ 584563.200330558349378, 5459154.111001202836633 ], [ 583675.419080821797252, 5464236.502979317680001 ], [ 580738.320191761711612, 5465375.93688484095037 ], [ 582354.115369190927595, 5466650.829079101793468 ], [ 581005.196473687654361, 5469885.388847634196281 ], [ 585080.034669152344577, 5471642.593798751011491 ], [ 579925.717544872080907, 5477225.924749760888517 ], [ 581741.369797562249005, 5484243.670369535684586 ], [ 578853.991208835621364, 5484165.530139219015837 ], [ 577469.402688354603015, 5488233.457984358072281 ], [ 574008.372865314944647, 5481159.856093156151474 ], [ 569489.995714470045641, 5480623.721968380734324 ], [ 566961.441610988345928, 5482197.545339837670326 ], [ 566594.572302666027099, 5492473.75066929962486 ], [ 562640.515413651941344, 5487841.277557646855712 ], [ 559716.168314726790413, 5489000.287444323301315 ], [ 563608.409821609966457, 5495283.249542744830251 ], [ 558183.543530159862712, 5508377.145612882450223 ], [ 553410.228766844258644, 5503719.554805519990623 ], [ 551590.873352181399241, 5508240.303592721931636 ], [ 547645.485966217471287, 5503607.708697875030339 ], [ 545540.640575618250296, 5505227.638711232692003 ], [ 547195.703988805180416, 5515217.254125821404159 ], [ 541200.85004559007939, 5514255.440598610788584 ], [ 541340.51079110824503, 5510114.788326147012413 ], [ 536731.939881214289926, 5515007.009499435313046 ], [ 527376.907645760453306, 5514088.808289211243391 ], [ 522123.201345802634023, 5509541.882887566462159 ], [ 527912.742515375488438, 5508326.815966952592134 ], [ 525459.728595638182014, 5507494.042478950694203 ], [ 527152.565259453491308, 5505441.028929662890732 ], [ 529556.850298756733537, 5508334.272544829174876 ], [ 531288.424687891965732, 5504635.021047996357083 ], [ 530180.943106382153928, 5499270.800126907415688 ], [ 522708.782294929435011, 5500494.020398085936904 ], [ 517051.990560907986946, 5491867.233484655618668 ], [ 509138.812781176122371, 5491463.523002895526588 ], [ 505337.358390795008745, 5494700.330126937478781 ], [ 508194.513863149622921, 5499233.367889983579516 ], [ 506872.517077992262784, 5504533.354078016243875 ], [ 511778.564383938908577, 5510334.381383700296283 ], [ 508436.827805182314478, 5511925.789623689837754 ], [ 510456.342399474291597, 5516055.16322825383395 ], [ 507559.436080019979272, 5515593.551426354795694 ], [ 507486.818989266699646, 5521324.62219743616879 ], [ 503327.248498915927485, 5521638.542605302296579 ], [ 502285.837039159436245, 5537579.334827682003379 ], [ 504782.823142600653227, 5538058.981084962375462 ], [ 503442.752487758058123, 5543347.365631869062781 ], [ 499650.648935890989378, 5544464.724253201857209 ], [ 502419.582316738145892, 5551096.289793447591364 ], [ 509892.064604545827024, 5552557.179399708285928 ], [ 512379.922754410130437, 5551820.538878675550222 ], [ 512128.074181000352837, 5548514.599051873199642 ], [ 516998.902176072937436, 5555255.708176168613136 ], [ 526968.609303268836811, 5553398.719521135091782 ], [ 529995.384038001298904, 5547642.133018366992474 ], [ 537153.651508694631048, 5549045.680157869122922 ], [ 538032.833581634680741, 5557377.768813312985003 ], [ 535983.333042085869238, 5558165.205124838277698 ], [ 535659.745713734766468, 5565644.061358837410808 ], [ 547100.569722338113934, 5564633.667557208798826 ], [ 545395.566897730808705, 5566262.10542456060648 ], [ 546525.048120124964043, 5568778.366659400984645 ], [ 552981.569370855810121, 5573480.387748258188367 ], [ 553020.69576973177027, 5585197.979688880033791 ], [ 562736.166095304302871, 5583317.424179376102984 ], [ 568108.18591656931676, 5585942.853519509546459 ], [ 576168.385802255244926, 5599480.763535968028009 ], [ 580328.598803563858382, 5600398.834788737818599 ] ] ] } },
{ "type": "Feature", "properties": { "ID_0": 86, "ISO": "DEU", "NAME_0": "Germany", "ID_1": 3, "NAME_1": "Berlin", "NL_NAME_1": null, "VARNAME_1": null, "TYPE_1": "Land", "ENGTYPE_1": "State" }, "geometry": { "type": "Polygon", "coordinates": [ [ [ 781845.875521438196301, 5835292.270602605305612 ], [ 785605.644471978535876, 5834183.559651440940797 ], [ 786266.237565504852682, 5839162.580110607668757 ], [ 789169.36416389234364, 5838851.994435577653348 ], [ 789869.782854681368917, 5842593.508343623951077 ], [ 795771.607327931444161, 5839088.879072822630405 ], [ 802665.589886853704229, 5842648.87489690259099 ], [ 801386.704282734775916, 5843839.094292521476746 ], [ 802977.356116297189146, 5845552.785753705538809 ], [ 806400.475849076989107, 5841965.382493581622839 ], [ 805778.521893068216741, 5836159.986192241311073 ], [ 816303.906906521879137, 5829961.053073167800903 ], [ 813658.312673805747181, 5823248.704768283292651 ], [ 824059.784518962958828, 5820356.779645039699972 ], [ 817467.947355782147497, 5808945.139258755370975 ], [ 816496.982886410551146, 5813036.211039448156953 ], [ 805304.657655688351952, 5814258.064290164969862 ], [ 804378.673256506444886, 5817113.448442908003926 ], [ 801118.400315610459074, 5815753.377543124370277 ], [ 801659.141637616674416, 5812058.037413804791868 ], [ 789104.839220203226432, 5816140.675846287980676 ], [ 781780.210373000241816, 5812170.389321250841022 ], [ 778360.633269673446193, 5815355.223034777678549 ], [ 783413.523580164182931, 5825436.864069459959865 ], [ 779637.434134808019735, 5826958.242141575552523 ], [ 781845.875521438196301, 5835292.270602605305612 ] ] ] } },
{ "type": "Feature", "properties": { "ID_0": 86, "ISO": "DEU", "NAME_0": "Germany", "ID_1": 4, "NAME_1": "Brandenburg", "NL_NAME_1": null, "VARNAME_1": null, "TYPE_1": "Land", "ENGTYPE_1": "State" }, "geometry": { "type": "Polygon", "coordinates": [ [ [ 823547.367611329071224, 5939099.120869500562549 ], [ 826674.635153560666367, 5930322.788840604014695 ], [ 848053.437711310340092, 5932732.337417962029576 ], [ 848217.513354135211557, 5926156.35387416370213 ], [ 840070.068947290303186, 5913495.019692404195666 ], [ 850639.038701316225342, 5913908.612791382707655 ], [ 854288.998204217292368, 5920253.969983502291143 ], [ 860857.65169818745926, 5922202.66842098440975 ], [ 863309.15525711956434, 5915238.594518285244703 ], [ 858540.230910667800345, 5905791.499280612915754 ], [ 860309.99385975045152, 5901003.853843068704009 ], [ 859337.165073665208183, 5894247.20176072139293 ], [ 845294.479892793344334, 5880328.0484489928931 ], [ 846848.476709301583469, 5871330.842544139362872 ], [ 844833.083929873420857, 5866798.401076160371304 ], [ 860312.913846200448461, 5858879.198727782815695 ], [ 869588.962257813895121, 5848179.075964415445924 ], [ 881939.65941192721948, 5840502.575282349251211 ], [ 879743.659839277854189, 5835076.817163117229939 ], [ 882114.402546267258003, 5831473.532101253047585 ], [ 876051.404973488999531, 5819523.962356973439455 ], [ 880553.362030960735865, 5810332.021524996496737 ], [ 879821.788209664868191, 5807873.160069497302175 ], [ 889012.280197992455214, 5803172.550052741542459 ], [ 887992.648016264894977, 5789730.910586567595601 ], [ 893335.677289528306574, 5784768.782361057586968 ], [ 890642.18602205067873, 5765756.613649353384972 ], [ 884661.640467614401132, 5757677.888317541219294 ], [ 896731.037697860505432, 5739595.785428411327302 ], [ 897361.864659967133775, 5732562.231225872412324 ], [ 893606.349878109176643, 5731812.87082733400166 ], [ 892666.754968600813299, 5726303.426301073282957 ], [ 885880.776630765991285, 5728198.134472474455833 ], [ 870675.077821702929214, 5719061.5071787731722 ], [ 857266.176088055595756, 5723037.20657024346292 ], [ 853349.95591971068643, 5717338.75372333265841 ], [ 854558.025046412134543, 5715611.196354628540576 ], [ 850569.877905136905611, 5715346.243800649419427 ], [ 852948.382215914316475, 5711868.789501944556832 ], [ 848977.805815259227529, 5703395.799790275283158 ], [ 845758.9794582715258, 5705923.235680056735873 ], [ 832660.446244984166697, 5700906.185334804467857 ], [ 817359.091015311423689, 5700833.507314375601709 ], [ 807150.076743880170397, 5709586.229531094431877 ], [ 805582.330063830362633, 5706232.372897985391319 ], [ 801376.109739489387721, 5707740.165133763104677 ], [ 798228.988840675679967, 5701452.111980875954032 ], [ 794446.788404624210671, 5702566.481524313800037 ], [ 793503.76430688216351, 5706240.172406179830432 ], [ 791433.062978414352983, 5705759.905877116136253 ], [ 793252.053385420236737, 5714463.495379918254912 ], [ 791409.11725293379277, 5720163.423643604852259 ], [ 781106.540279196808115, 5729701.275679818354547 ], [ 790017.829092237632722, 5737823.294570280238986 ], [ 784981.35151561209932, 5752069.701343497261405 ], [ 786551.61485680390615, 5755008.571153626777232 ], [ 778665.104182144859806, 5754330.163674645125866 ], [ 778976.322179106064141, 5757636.641921488568187 ], [ 773986.021304188412614, 5757474.697913715615869 ], [ 773038.161725968471728, 5761151.00815196428448 ], [ 765564.330745016806759, 5760501.391599519178271 ], [ 765034.01616147835739, 5764193.241832992061973 ], [ 760900.786087078158744, 5763241.057193061336875 ], [ 752832.994334653951228, 5768351.629322029650211 ], [ 743776.320256863953546, 5764792.406300664879382 ], [ 738611.446768154157326, 5770410.260553374886513 ], [ 735758.895601765019819, 5768271.11636910866946 ], [ 720300.466426207334734, 5784316.767897005192935 ], [ 725531.493715690681711, 5790641.043208282440901 ], [ 722109.975934174493887, 5793842.736463864333928 ], [ 725970.544574373285286, 5804254.690073572099209 ], [ 724261.300085430033505, 5805856.613103713840246 ], [ 725364.513378641451709, 5810835.953119480982423 ], [ 723251.619167154189199, 5812014.104654906317592 ], [ 726785.710185249103233, 5819126.605513148009777 ], [ 720000.526238765800372, 5823887.542008184827864 ], [ 717603.677471232367679, 5820520.733832645229995 ], [ 715492.020791521295905, 5821700.590688864700496 ], [ 716655.726779676508158, 5824621.829592285677791 ], [ 713772.993033854174428, 5823717.32180882897228 ], [ 716111.786053367424756, 5829146.321694491431117 ], [ 715117.478132672375068, 5834898.705021661706269 ], [ 719668.639035001746379, 5835436.978067815303802 ], [ 719064.079314653994516, 5842028.000230573117733 ], [ 716493.724371147342026, 5844848.374341582879424 ], [ 717133.428922472172417, 5851477.24400654155761 ], [ 719962.211196738062426, 5854035.889580370858312 ], [ 718103.672628739848733, 5861012.300457154400647 ], [ 691446.934556583175436, 5865272.75054882094264 ], [ 690146.350414319778793, 5867309.555842627771199 ], [ 691725.32169770845212, 5870245.490810008719563 ], [ 680860.786418960196897, 5872880.416853189468384 ], [ 680355.228971347678453, 5876182.274704914540052 ], [ 676606.936865174677223, 5876510.043763228692114 ], [ 676931.178093843976967, 5879831.20008696988225 ], [ 669025.446107322815806, 5880067.738315067254007 ], [ 664762.096488202456385, 5883704.556590181775391 ], [ 657350.779411032563075, 5880650.105090965516865 ], [ 652199.475420415983535, 5885938.002397424541414 ], [ 660506.955735370051116, 5886930.569113030098379 ], [ 660413.477944956859574, 5890245.465028814040124 ], [ 670029.930498247384094, 5888791.148655134253204 ], [ 672395.145288069266826, 5893403.571589291095734 ], [ 671411.438485141727142, 5898771.158347725868225 ], [ 675888.264321017195471, 5902190.230816047638655 ], [ 689213.705322471098043, 5900841.440912113524973 ], [ 687058.384195092599839, 5903693.222567206248641 ], [ 701801.726185364532284, 5909865.928036073222756 ], [ 703241.553520457819104, 5917375.011683341115713 ], [ 711190.450080904993229, 5914260.220128911547363 ], [ 715260.5371973447036, 5916444.91055610217154 ], [ 717434.188974033575505, 5912767.657451053149998 ], [ 726576.304992413846776, 5910943.636400051414967 ], [ 730049.403593432391062, 5905234.862623433582485 ], [ 744873.764758897945285, 5906489.917443973943591 ], [ 745373.970307390205562, 5903603.56645184289664 ], [ 751158.533447637688369, 5903362.110155862756073 ], [ 750011.387411380885169, 5900427.806139077059925 ], [ 751698.495518277981319, 5899235.511221108026803 ], [ 765660.741404896252789, 5901322.183850854635239 ], [ 763691.810744517832063, 5898362.957089181058109 ], [ 766203.217768453294411, 5897199.709182016551495 ], [ 774979.138294303440489, 5906585.980392657220364 ], [ 779057.688188782660291, 5907959.675716475583613 ], [ 782472.013853861950338, 5904348.227567513473332 ], [ 786783.993277214816771, 5911535.635829578153789 ], [ 793888.501324986456893, 5908462.113414621911943 ], [ 795763.343565506977029, 5914312.55016325879842 ], [ 801449.098406063625589, 5916992.458916995674372 ], [ 802404.615646868944168, 5926112.517668507061899 ], [ 807299.354364878265187, 5927544.937644258141518 ], [ 812432.903462623478845, 5935981.087344789877534 ], [ 820241.893252044450492, 5938336.805244702845812 ], [ 816889.665028767194599, 5939876.87049881182611 ], [ 817177.685337330796756, 5944831.32684073317796 ], [ 819371.357035587658174, 5940377.858264364302158 ], [ 823547.367611329071224, 5939099.120869500562549 ] ], [ [ 802977.356116308830678, 5845552.785753707401454 ], [ 801386.704282746184617, 5843839.094292521476746 ], [ 802665.589886865112931, 5842648.874896903522313 ], [ 795771.607327942969278, 5839088.879072823561728 ], [ 789869.782854680204764, 5842593.508343642577529 ], [ 789169.364163903985173, 5838851.994435578584671 ], [ 786266.23756551661063, 5839162.580110609531403 ], [ 785605.644471990177408, 5834183.55965144187212 ], [ 780234.625923750689253, 5833997.97956161852926 ], [ 781954.948650915641338, 5831992.858029724098742 ], [ 779637.434134819544852, 5826958.242141576483846 ], [ 783413.523580164182931, 5825436.864069459959865 ], [ 778814.659819696098566, 5814133.295310297049582 ], [ 781780.210373000241816, 5812170.389321250841022 ], [ 792839.928860482643358, 5815861.348499029874802 ], [ 801659.141637628432363, 5812058.037413804791868 ], [ 801118.400315610459074, 5815753.377543124370277 ], [ 804378.673256518086419, 5817113.448442908935249 ], [ 805304.657655687071383, 5814258.064290184527636 ], [ 816496.982886410551146, 5813036.211039448156953 ], [ 817467.947355782147497, 5808945.139258755370975 ], [ 822565.956735253101215, 5816165.28431199118495 ], [ 823604.0343394104857, 5821577.620726112276316 ], [ 813658.312673805747181, 5823248.704768283292651 ], [ 816303.906906520714983, 5829961.053073187358677 ], [ 805778.521893068216741, 5836159.986192241311073 ], [ 806400.475849076989107, 5841965.382493581622839 ], [ 802977.356116308830678, 5845552.785753707401454 ] ] ] } },
{ "type": "Feature", "properties": { "ID_0": 86, "ISO": "DEU", "NAME_0": "Germany", "ID_1": 5, "NAME_1": "Bremen", "NL_NAME_1": null, "VARNAME_1": null, "TYPE_1": "Land", "ENGTYPE_1": "State" }, "geometry": { "type": "Polygon", "coordinates": [ [ [ 499026.36151656077709, 5886534.154950153082609 ], [ 496569.707260323571973, 5886043.871576845645905 ], [ 499530.532783564238343, 5883225.754787593148649 ], [ 497497.22024413687177, 5882333.105822366662323 ], [ 498859.782679241732694, 5877803.832920937798917 ], [ 495670.867994583328255, 5873967.769803436473012 ], [ 491045.027238189184573, 5877147.071405945345759 ], [ 487805.444419007108081, 5874969.177728612907231 ], [ 484814.817049017990939, 5878608.511511195451021 ], [ 481982.863642911135685, 5876443.442914865911007 ], [ 474985.919495013717096, 5890723.397643612697721 ], [ 465747.367171390447766, 5897828.360545491799712 ], [ 473179.604333535651676, 5896463.552444146946073 ], [ 472858.916671942453831, 5893134.414760325103998 ], [ 488607.74351273663342, 5890772.585395624861121 ], [ 490759.405752808612306, 5887520.70050735771656 ], [ 496465.377606459253002, 5889779.198312915861607 ], [ 499026.36151656077709, 5886534.154950153082609 ] ] ] } },
{ "type": "Feature", "properties": { "ID_0": 86, "ISO": "DEU", "NAME_0": "Germany", "ID_1": 6, "NAME_1": "Hamburg", "NL_NAME_1": null, "VARNAME_1": null, "TYPE_1": "Land", "ENGTYPE_1": "State" }, "geometry": { "type": "Polygon", "coordinates": [ [ [ 570716.281080194050446, 5952705.791095321998 ], [ 579049.884754674858414, 5955349.34335726685822 ], [ 575482.35021925100591, 5949522.979302454739809 ], [ 581201.51233132998459, 5943490.354712672531605 ], [ 576478.092871783766896, 5934763.631433636881411 ], [ 588412.542666641180404, 5922735.86675358004868 ], [ 582972.595998502802104, 5918019.470549077726901 ], [ 578258.088296722853556, 5918298.876852668821812 ], [ 569935.182186034508049, 5925535.731577879749238 ], [ 566179.700531639624387, 5920468.110343570820987 ], [ 560198.124068718752824, 5919901.110061291605234 ], [ 560969.983881810097955, 5923660.475508507341146 ], [ 557189.934301540371962, 5921484.772021585144103 ], [ 550620.968829639139585, 5930049.641218662261963 ], [ 550906.678812486701645, 5935459.956261735409498 ], [ 547923.742062209872529, 5935813.65893770288676 ], [ 550259.58767271740362, 5943639.92467275634408 ], [ 554638.507563174003735, 5938818.705956226214767 ], [ 559926.357056735432707, 5946318.971340727061033 ], [ 570835.886009593028575, 5949422.55738294031471 ], [ 570716.281080194050446, 5952705.791095321998 ] ] ] } },
{ "type": "Feature", "properties": { "ID_0": 86, "ISO": "DEU", "NAME_0": "Germany", "ID_1": 7, "NAME_1": "Hessen", "NL_NAME_1": null, "VARNAME_1": "Hesse", "TYPE_1": "Land", "ENGTYPE_1": "State" }, "geometry": { "type": "Polygon", "coordinates": [ [ [ 534521.136366950231604, 5720173.840351328253746 ], [ 543458.421903527574614, 5720890.189116253517568 ], [ 547738.670924892881885, 5714898.438809267245233 ], [ 540962.104653870221227, 5708130.11164880823344 ], [ 544778.654823622549884, 5702543.278594213537872 ], [ 544932.709782452322543, 5696815.741735215298831 ], [ 539772.986250125220977, 5693702.492793855257332 ], [ 539127.879145127604716, 5688713.765876291319728 ], [ 550971.782308513298631, 5683531.83150261733681 ], [ 553682.88830616127234, 5688198.526248225010931 ], [ 551295.152564653661102, 5686035.26513335481286 ], [ 549135.51493708579801, 5691266.049787261523306 ], [ 556979.215042178635485, 5696362.569392285309732 ], [ 560502.91131444950588, 5691936.292382864281535 ], [ 559538.729942960082553, 5696410.494815222918987 ], [ 563361.407634747913107, 5696898.273361349478364 ], [ 567888.921211439417675, 5682101.1284418720752 ], [ 573747.615514021250419, 5681299.189486495219171 ], [ 575126.151489717885852, 5675527.501305896788836 ], [ 586446.070722866919823, 5671475.231207025237381 ], [ 584981.043366658384912, 5663626.838394132442772 ], [ 581981.4573169357609, 5667316.795335032045841 ], [ 578681.273927794070914, 5666058.552222457714379 ], [ 582487.176313633914106, 5663608.785121621564031 ], [ 580576.42711058491841, 5656584.367486951872706 ], [ 585653.409772659884766, 5653322.559159166179597 ], [ 581156.065883811097592, 5649988.836494006216526 ], [ 573156.80621471721679, 5652004.08487992733717 ], [ 571568.056247888598591, 5648280.04022051114589 ], [ 575014.808093326166272, 5644588.392669686116278 ], [ 566621.21066305146087, 5644517.390423484146595 ], [ 566678.298331539495848, 5642042.129147450439632 ], [ 569586.85043447825592, 5643312.834379069507122 ], [ 568823.19883914233651, 5640006.100635281763971 ], [ 571307.149826538050547, 5641676.889843189157546 ], [ 574769.399073996231891, 5637574.960759503766894 ], [ 571876.35967681533657, 5635496.364188641309738 ], [ 571966.347473880276084, 5631786.135778750292957 ], [ 566930.842860578675754, 5630505.561793343164027 ], [ 567442.333313801209442, 5625987.075192155316472 ], [ 564948.29580813832581, 5623896.535888517275453 ], [ 566257.050820532138459, 5621045.929448528215289 ], [ 561735.69694995728787, 5610361.293695707805455 ], [ 566913.210359095362946, 5609119.050141070969403 ], [ 567234.850092492764816, 5613662.976692088879645 ], [ 574115.20689681370277, 5614461.002084320411086 ], [ 576808.096391292638145, 5609508.421320576220751 ], [ 573450.082820947980508, 5607411.574688368476927 ], [ 575299.066291181254201, 5601137.660631625913084 ], [ 573768.871657182811759, 5594000.534399299882352 ], [ 568515.359585277969018, 5586369.378350446000695 ], [ 560220.613499565748498, 5583258.889410249888897 ], [ 553832.565807073609903, 5586059.265676845796406 ], [ 552606.6533765635686, 5572225.70824923645705 ], [ 546525.048120124964043, 5568778.366659400984645 ], [ 545395.566897730808705, 5566262.10542456060648 ], [ 547100.569722338113934, 5564633.667557208798826 ], [ 535659.745713734766468, 5565644.061358837410808 ], [ 535983.333042085869238, 5558165.205124838277698 ], [ 538032.833581634680741, 5557377.768813312985003 ], [ 537153.651508694631048, 5549045.680157869122922 ], [ 529995.384038001298904, 5547642.133018366992474 ], [ 526968.609303268836811, 5553398.719521135091782 ], [ 516998.902176072937436, 5555255.708176168613136 ], [ 512128.074181000352837, 5548514.599051873199642 ], [ 512379.922754410130437, 5551820.538878675550222 ], [ 509892.064604545827024, 5552557.179399708285928 ], [ 501220.972970822011121, 5549012.066333202645183 ], [ 499667.051658044278156, 5543645.286523160524666 ], [ 503442.752487758058123, 5543347.365631869062781 ], [ 504782.823142600653227, 5538058.981084962375462 ], [ 502285.837039159436245, 5537579.334827682003379 ], [ 503327.248498915927485, 5521638.542605302296579 ], [ 507486.818989266699646, 5521324.62219743616879 ], [ 507559.436080019979272, 5515593.551426354795694 ], [ 510456.342399474291597, 5516055.16322825383395 ], [ 508436.827805182314478, 5511925.789623689837754 ], [ 511778.564383938908577, 5510334.381383700296283 ], [ 506872.517077992262784, 5504533.354078016243875 ], [ 508194.513863149622921, 5499233.367889983579516 ], [ 505310.004006296221633, 5496743.652968174777925 ], [ 507875.360997282259632, 5492274.133429321460426 ], [ 506679.723229402152356, 5488174.416979438625276 ], [ 509647.213417862018105, 5485317.446293733082712 ], [ 496683.08235048741335, 5484381.564919874072075 ], [ 496749.975088270788547, 5478691.404220157302916 ], [ 486769.922543115098961, 5472394.213710361160338 ], [ 487520.480907379183918, 5480512.621657155454159 ], [ 491281.229534075711854, 5480212.693949984386563 ], [ 492911.389574849104974, 5484306.280562621541321 ], [ 480395.070447294623591, 5485525.253259286284447 ], [ 476994.131544070376549, 5491887.879780893214047 ], [ 478173.678526583418716, 5497226.409293105825782 ], [ 471129.890144791803323, 5495706.163322167471051 ], [ 472883.674623636237811, 5488857.444414246827364 ], [ 467954.184854020073544, 5485782.250068726018071 ], [ 456184.385784148587845, 5496286.237419818527997 ], [ 453978.333424377953634, 5504378.75942575186491 ], [ 462992.5960652292124, 5512937.40892403293401 ], [ 458838.17047522548819, 5512770.653479476459324 ], [ 455842.50382617948344, 5518801.883046777918935 ], [ 456628.977837399055716, 5522115.724072881042957 ], [ 453254.977201490080915, 5525680.52414760645479 ], [ 453146.343089890200645, 5534308.825987209565938 ], [ 448089.387211091641802, 5540712.362466919235885 ], [ 441843.58928843709873, 5542555.539522865787148 ], [ 420237.875954243761953, 5535962.395897001028061 ], [ 413030.197021709987894, 5545242.888655757531524 ], [ 419230.301041643193457, 5553537.268870377913117 ], [ 424275.414442941953894, 5550565.029352329671383 ], [ 424651.317648391821422, 5554745.878313425928354 ], [ 421271.692164898267947, 5558100.68727202527225 ], [ 422896.447065962245688, 5561838.94888845551759 ], [ 429129.283127434784546, 5565182.06661048065871 ], [ 432069.070395622460637, 5562695.98811662197113 ], [ 434124.570257644751109, 5564804.321754081174731 ], [ 432417.006124157924205, 5568951.217720231041312 ], [ 438640.157944121921901, 5569457.228030390106142 ], [ 434779.029718620120548, 5580635.054703340865672 ], [ 427826.324438168434426, 5585111.484065173193812 ], [ 431132.536137553397566, 5588912.9663250381127 ], [ 428812.738609588705003, 5593009.627203756012022 ], [ 429899.076766900718212, 5597596.746045435778797 ], [ 433166.056826298881788, 5601008.32991108391434 ], [ 440632.910536604584195, 5600262.823274568654597 ], [ 441514.597185575636104, 5605699.947362888604403 ], [ 437733.373539304360747, 5614133.926184434443712 ], [ 442128.67701830691658, 5620761.711901172064245 ], [ 438814.757591318455525, 5627037.518015697598457 ], [ 449044.695136856171302, 5636868.450409598648548 ], [ 456399.167389228008687, 5634322.778010061010718 ], [ 462844.345608249073848, 5640118.876843679696321 ], [ 462638.229526841896586, 5645874.085938293486834 ], [ 468760.950514381052926, 5651390.409697441384196 ], [ 466169.318785426439717, 5654235.029179801233113 ], [ 467658.607485158310737, 5660504.056694745086133 ], [ 481417.466243251517881, 5661700.709249906241894 ], [ 479694.00769524340285, 5664558.413780180737376 ], [ 484936.80232796468772, 5672597.694011643528938 ], [ 482709.944828726525884, 5678765.371384340338409 ], [ 472197.956622885656543, 5677235.993518996052444 ], [ 470317.23253233532887, 5681758.325795521959662 ], [ 479380.948687602358405, 5691556.990244815126061 ], [ 497048.226326675387099, 5692893.272126141004264 ], [ 497813.538145975850057, 5697482.299409175291657 ], [ 495736.216740682779346, 5697415.735966953448951 ], [ 493920.93564840540057, 5703177.516532543115318 ], [ 499343.362877208739519, 5706239.942140966653824 ], [ 507371.934627498150803, 5705236.39090187381953 ], [ 507913.133913640398532, 5699051.729073219001293 ], [ 515887.985454639187083, 5700975.650729268789291 ], [ 526251.38080102391541, 5715769.101695590652525 ], [ 523781.731818637636025, 5718137.004076132550836 ], [ 533623.971188336610794, 5723007.441959233954549 ], [ 534521.136366950231604, 5720173.840351328253746 ] ] ] } },
{ "type": "Feature", "properties": { "ID_0": 86, "ISO": "DEU", "NAME_0": "Germany", "ID_1": 8, "NAME_1": "Mecklenburg-Vorpommern", "NL_NAME_1": null, "VARNAME_1": "Mecklenburg-West Pomerania", "TYPE_1": "Land", "ENGTYPE_1": "State" }, "geometry": { "type": "MultiPolygon", "coordinates": [ [ [ [ 727983.254010140546598, 6043110.812894518487155 ], [ 737000.706283475039527, 6038925.406278409995139 ], [ 756941.809047232731245, 6039447.726066746748984 ], [ 746748.885809052735567, 6035601.61118121445179 ], [ 735914.725281838560477, 6036887.135624337010086 ], [ 732145.286701192846522, 6034309.255518034100533 ], [ 733304.146284805610776, 6032138.512252166867256 ], [ 723124.969900151831098, 6031103.849308285862207 ], [ 718604.78972937609069, 6022804.896505336277187 ], [ 720229.890606184839271, 6019879.152167232707143 ], [ 719035.424754883046262, 6018335.985755709931254 ], [ 725423.220370189519599, 6016694.714561681263149 ], [ 721926.132051884429529, 6020022.95365555677563 ], [ 729803.73522335733287, 6026975.407460950314999 ], [ 730729.727405138430186, 6031574.048387599177659 ], [ 733380.118954279227182, 6029231.294985140673816 ], [ 738238.111002280842513, 6033198.186590270139277 ], [ 737343.839551166398451, 6035103.011912471614778 ], [ 741114.375258672400378, 6034866.71339400857687 ], [ 740490.752632761490531, 6033761.12232952285558 ], [ 742574.09886308084242, 6031196.200175931677222 ], [ 745811.492503998451866, 6034219.16872688382864 ], [ 747633.007331274449825, 6028617.714804833754897 ], [ 760641.514350591110997, 6039812.5924241123721 ], [ 761272.066481558489613, 6035108.118149667978287 ], [ 765897.085961091797799, 6032059.716168124228716 ], [ 764880.696880680392496, 6029614.772490632720292 ], [ 767241.634653583168983, 6022656.169133870862424 ], [ 779302.434422763530165, 6018167.777684420347214 ], [ 783584.738833220675588, 6012324.03561567235738 ], [ 781876.999712942168117, 6009925.720972480252385 ], [ 788149.698743764078245, 6012018.900782811455429 ], [ 786202.144793853978626, 6008239.476960605941713 ], [ 787989.280122406198643, 6009931.87110519874841 ], [ 791423.565725187305361, 6002800.775084567256272 ], [ 794330.832389754010364, 6002365.351449414156377 ], [ 793295.396232134546153, 6006608.355397677049041 ], [ 806469.056806833483279, 6012830.383713263086975 ], [ 814197.914569876505993, 6005690.808234607800841 ], [ 810649.324282054789364, 5997200.898931420408189 ], [ 822599.152575012063608, 5986076.293567755259573 ], [ 817156.949170204461552, 5979436.314904940314591 ], [ 824237.493951236479916, 5984639.787612514570355 ], [ 821531.887624704628251, 5993539.989509935490787 ], [ 825422.73509686649777, 5993842.881320347078145 ], [ 825496.383286356925964, 5987581.715830174274743 ], [ 826838.897308562183753, 5990871.327540193684399 ], [ 830860.810463860398158, 5988860.576219010166824 ], [ 830720.108035707147792, 5994931.895198756828904 ], [ 825428.60145896137692, 6002064.392293876037002 ], [ 821283.941100162453949, 6001835.959697943180799 ], [ 822379.625356582342647, 5998686.192784947343171 ], [ 818621.692857848247513, 5994393.522788570262492 ], [ 819399.363398834131658, 5999006.690978804603219 ], [ 817954.731502989074215, 5999837.820258574560285 ], [ 812362.248937490861863, 5996168.886569491587579 ], [ 814592.262240094132721, 6005252.56816138792783 ], [ 810006.354498790809885, 6011640.591606298461556 ], [ 813410.351463106228039, 6014042.092588039115071 ], [ 818383.596893547801301, 6005791.709996131248772 ], [ 828117.965318457572721, 6001199.770305543206632 ], [ 842686.768270119326189, 5988384.917517265304923 ], [ 840506.347557223401964, 5986598.124005571939051 ], [ 842951.557274406775832, 5981173.783818430267274 ], [ 831149.146640575490892, 5981218.302403685636818 ], [ 822215.642636813689023, 5976806.386979578062892 ], [ 816013.428566405083984, 5978459.395796502009034 ], [ 832084.932618138147518, 5968068.099501824937761 ], [ 848274.5123225832358, 5967509.41522438172251 ], [ 844148.238245540065691, 5963076.565858084708452 ], [ 847992.383775168564171, 5962988.442777090705931 ], [ 849602.619060774333775, 5955787.305138982832432 ], [ 852077.12520020105876, 5954281.54165596421808 ], [ 851241.581431639380753, 5945722.993168948218226 ], [ 856765.785595416789874, 5936845.972001783549786 ], [ 860524.240574440686032, 5922642.806336200796068 ], [ 854288.998204217292368, 5920253.969983502291143 ], [ 850639.038701316225342, 5913908.612791382707655 ], [ 840070.068947290303186, 5913495.019692404195666 ], [ 848217.513354133698158, 5926156.353874184191227 ], [ 848053.437711308943108, 5932732.337417979724705 ], [ 826674.635153560666367, 5930322.788840604014695 ], [ 823542.707647885428742, 5939284.508541913703084 ], [ 819371.357035597553477, 5940377.858264384791255 ], [ 817177.685337342089042, 5944831.326840734109282 ], [ 816889.665028767194599, 5939876.87049881182611 ], [ 820241.893252044450492, 5938336.805244702845812 ], [ 812432.903462623478845, 5935981.087344789877534 ], [ 807299.354364878265187, 5927544.937644258141518 ], [ 802404.615646868944168, 5926112.517668507061899 ], [ 801449.098406063625589, 5916992.458916995674372 ], [ 795763.343565506977029, 5914312.55016325879842 ], [ 793888.501324986456893, 5908462.113414621911943 ], [ 786783.993277214816771, 5911535.635829578153789 ], [ 782472.013853861950338, 5904348.227567513473332 ], [ 779057.688188782660291, 5907959.675716475583613 ], [ 774979.138294303440489, 5906585.980392657220364 ], [ 766203.217768453294411, 5897199.709182016551495 ], [ 763691.810744517832063, 5898362.957089181058109 ], [ 765660.741404896252789, 5901322.183850854635239 ], [ 751698.495518277981319, 5899235.511221108026803 ], [ 750011.387411380885169, 5900427.806139077059925 ], [ 751158.533447637688369, 5903362.110155862756073 ], [ 745373.970307390205562, 5903603.56645184289664 ], [ 744873.764758897945285, 5906489.917443973943591 ], [ 730049.403593432391062, 5905234.862623433582485 ], [ 726576.304992413846776, 5910943.636400051414967 ], [ 717434.188974033575505, 5912767.657451053149998 ], [ 715260.5371973447036, 5916444.91055610217154 ], [ 711190.450080904993229, 5914260.220128911547363 ], [ 703241.553520457819104, 5917375.011683341115713 ], [ 701801.726185364532284, 5909865.928036073222756 ], [ 696942.795718057313934, 5906008.682435445487499 ], [ 693192.445494963787496, 5906744.879239750094712 ], [ 691629.567925117560662, 5903388.280943940393627 ], [ 687058.384195092599839, 5903693.222567206248641 ], [ 689213.705322471098043, 5900841.440912113524973 ], [ 683443.515083879232407, 5899460.923012542538345 ], [ 675888.264321017195471, 5902190.230816047638655 ], [ 670603.380898157949559, 5897924.917489551007748 ], [ 672395.145288069266826, 5893403.571589291095734 ], [ 670029.930498247384094, 5888791.148655134253204 ], [ 660413.477944956859574, 5890245.465028814040124 ], [ 659674.79925385164097, 5886913.815479103475809 ], [ 646254.642656600568444, 5889568.208272889256477 ], [ 646950.834981692722067, 5894556.97731698770076 ], [ 638083.495728582609445, 5899841.472789681516588 ], [ 632775.679965939954855, 5911365.640957165509462 ], [ 627747.073829617118463, 5913057.962186720222235 ], [ 622509.799029320827685, 5908241.843324206769466 ], [ 613629.784193048952147, 5915826.775291422381997 ], [ 606271.67628053680528, 5915026.328367158770561 ], [ 608829.064536437042989, 5925262.164312852546573 ], [ 620959.879826985765249, 5931364.844214102253318 ], [ 620718.025560259353369, 5938371.053978378884494 ], [ 627321.36890979448799, 5939103.666814501397312 ], [ 628596.452561211772263, 5949409.578691486269236 ], [ 615897.802650665631518, 5957316.719462264329195 ], [ 614763.127108281012625, 5967193.158892125822604 ], [ 616210.081509085255675, 5971737.968604933470488 ], [ 623129.469226463930681, 5977122.210654010996222 ], [ 624905.788489236147143, 5974212.699601290747523 ], [ 628986.978434762451798, 5975406.001506367698312 ], [ 623960.622739073238336, 5976702.219629951752722 ], [ 624321.976601736620069, 5980285.314497828483582 ], [ 642779.082693384261802, 5987465.282153282314539 ], [ 648092.807210160768591, 5984198.645264722406864 ], [ 648273.125609495327808, 5978544.569989738054574 ], [ 653215.596554495743476, 5981426.725032418966293 ], [ 661274.656242522061802, 5975234.277380690909922 ], [ 662906.816318581695668, 5982869.871876881457865 ], [ 660314.589754524640739, 5981882.472798457369208 ], [ 660246.570888955844566, 5985963.401387721300125 ], [ 659292.133879675180651, 5981909.324486398138106 ], [ 656651.682582507841289, 5982314.422898476943374 ], [ 655876.516117481281981, 5985845.533742789179087 ], [ 663276.649729054537602, 5988945.982417451217771 ], [ 661828.684207321610302, 5983451.138593550771475 ], [ 663345.261990719242021, 5982854.259610313922167 ], [ 664986.792553689097986, 5990027.426244890317321 ], [ 668476.817861425923184, 5990215.044882857240736 ], [ 671733.632022509002127, 5996677.157524011097848 ], [ 670227.015379585325718, 5998075.347699703648686 ], [ 665792.375709327170625, 5991943.334445933811367 ], [ 665229.137509486172348, 5994459.933978849090636 ], [ 675170.279569465317763, 6003891.280517783015966 ], [ 686377.3588115000166, 6003433.022768851369619 ], [ 701463.819646523101255, 6008307.577825803309679 ], [ 701905.353291950887069, 6004860.574071472510695 ], [ 704054.605529726832174, 6004738.396145569160581 ], [ 705105.180854676640593, 6007261.069789974018931 ], [ 701982.089946153340861, 6008082.89156774058938 ], [ 717275.787628901889548, 6021812.721147845499218 ], [ 727983.254010140546598, 6043110.812894518487155 ] ] ], [ [ [ 785451.192603892413899, 6068703.308358434587717 ], [ 782359.226383904227987, 6062991.251200275495648 ], [ 785662.017141572199762, 6056812.077063017524779 ], [ 802491.948264667065814, 6056198.105348619632423 ], [ 802084.353631601901725, 6051488.40017075650394 ], [ 796116.102616043994203, 6044522.117779520340264 ], [ 799121.474114172160625, 6038361.696641507558525 ], [ 803294.97658683010377, 6038172.194646392948925 ], [ 809793.130799782229587, 6032002.229879687540233 ], [ 806779.939536243095063, 6028294.818898553028703 ], [ 807595.178743852768093, 6024255.816231125965714 ], [ 802294.312935780035332, 6026476.994615065865219 ], [ 805829.912727132672444, 6030029.753969443030655 ], [ 799839.010172926355153, 6028517.127876134589314 ], [ 804287.828710245201364, 6032500.895818510092795 ], [ 799914.281200955156237, 6030134.671241903677583 ], [ 797624.313984895357862, 6032465.46274974476546 ], [ 789557.258031900972128, 6030025.176086006686091 ], [ 786106.739266276010312, 6022616.712184724397957 ], [ 783371.069402504479513, 6022260.837235160171986 ], [ 787739.123549569863826, 6020889.570081554353237 ], [ 786382.880214392207563, 6017023.275219541043043 ], [ 779446.772491546813399, 6019974.442510264925659 ], [ 781513.548302234150469, 6019418.848647966980934 ], [ 782191.640982514480129, 6023148.839109921827912 ], [ 778091.79113595886156, 6020170.929358227178454 ], [ 773426.604078886448406, 6021718.947413604706526 ], [ 772888.489896657411009, 6024662.167484463192523 ], [ 769406.459948269533925, 6022844.555786266922951 ], [ 772246.969219016958959, 6025088.744907578453422 ], [ 767495.070133165456355, 6028248.541695607826114 ], [ 768068.167925744084641, 6032682.295263273641467 ], [ 776716.234381438349374, 6034499.34027158934623 ], [ 773123.227527253096923, 6039520.980645656585693 ], [ 769131.705850727972575, 6039190.460518087260425 ], [ 776462.412968622054905, 6045238.893455855548382 ], [ 773792.309397796401754, 6045821.473253685049713 ], [ 773804.779481260571629, 6048611.312042658217251 ], [ 769214.529627489391714, 6047562.626665469259024 ], [ 767963.486289297346957, 6052261.132674111053348 ], [ 775144.95580265391618, 6053279.300241242162883 ], [ 778635.359680024441332, 6049245.772006519138813 ], [ 777871.38958728662692, 6053476.456354010850191 ], [ 782280.177961038425565, 6056755.238107522018254 ], [ 780516.906185846077278, 6053236.486373589374125 ], [ 782994.59106727107428, 6054537.128715485334396 ], [ 785747.888525608694181, 6047424.634318511933088 ], [ 791878.249093211721629, 6046387.569973138161004 ], [ 791109.546667566290125, 6053872.394983228296041 ], [ 784082.333037111908197, 6056155.138307935558259 ], [ 782143.466992950066924, 6060683.648634979501367 ], [ 774310.335853179218248, 6053972.791699661873281 ], [ 776300.932385975844227, 6063857.220536211505532 ], [ 768996.011180990608409, 6053685.762966906651855 ], [ 774060.285836084512994, 6065239.604197143577039 ], [ 785451.192603892413899, 6068703.308358434587717 ] ] ], [ [ [ 770932.339434437220916, 6046579.797448719851673 ], [ 773871.499362190719694, 6043904.573485911823809 ], [ 767172.361806677188724, 6040562.57336030062288 ], [ 770932.339434437220916, 6046579.797448719851673 ] ] ], [ [ [ 767114.442972424789332, 6058718.979129168204963 ], [ 768682.928461779141799, 6055929.206586538814008 ], [ 765604.384516958612949, 6056244.0745057342574 ], [ 766299.583811325370334, 6051140.618123285472393 ], [ 763366.045504038687795, 6042045.308494111523032 ], [ 764700.133775502676144, 6056934.645518643781543 ], [ 767114.442972424789332, 6058718.979129168204963 ] ] ] ] } },
{ "type": "Feature", "properties": { "ID_0": 86, "ISO": "DEU", "NAME_0": "Germany", "ID_1": 9, "NAME_1": "Niedersachsen", "NL_NAME_1": null, "VARNAME_1": "Lower Saxony", "TYPE_1": "Land", "ENGTYPE_1": "State" }, "geometry": { "type": "MultiPolygon", "coordinates": [ [ [ [ 479024.76194535207469, 5971561.9848956130445 ], [ 484007.884958578506485, 5966041.321891265921295 ], [ 492339.307344425353222, 5964381.980383780784905 ], [ 501078.503224719723221, 5965272.184282495640218 ], [ 506335.79690630332334, 5970618.05334276240319 ], [ 518951.08196960267378, 5969030.975090280175209 ], [ 533471.864701791317202, 5950358.440769700333476 ], [ 536188.723393118125387, 5941862.607470588758588 ], [ 550906.678812497993931, 5935459.956261736340821 ], [ 550620.968829650431871, 5930049.641218662261963 ], [ 557189.934301551664248, 5921484.772021585144103 ], [ 559662.258278660476208, 5924874.264921654015779 ], [ 561422.339361546211876, 5922425.680063579231501 ], [ 560198.124068718752824, 5919901.110061291605234 ], [ 565327.755182807217352, 5920031.41988905146718 ], [ 569935.182186034508049, 5925535.731577879749238 ], [ 578258.088296733796597, 5918298.876852686516941 ], [ 588423.559626720263623, 5922325.580785408616066 ], [ 605080.923772088717669, 5914576.984109740704298 ], [ 613629.784193048952147, 5915826.775291422381997 ], [ 622509.799029320827685, 5908241.843324206769466 ], [ 628576.195852695032954, 5913037.863688982091844 ], [ 632775.679965939954855, 5911365.640957165509462 ], [ 638083.495728582609445, 5899841.472789681516588 ], [ 646950.834981692722067, 5894556.97731698770076 ], [ 646254.642656600568444, 5889568.208272889256477 ], [ 651700.348462293855846, 5888831.339115832000971 ], [ 656078.263083323021419, 5881453.326147768646479 ], [ 664762.096488202456385, 5883704.556590181775391 ], [ 674461.84384794102516, 5878946.099908071570098 ], [ 672083.193788917502388, 5874751.428421651013196 ], [ 668746.257060037693009, 5875091.995547855272889 ], [ 668513.209884426789358, 5868461.83351022657007 ], [ 656235.355565654463135, 5860744.889663209207356 ], [ 637301.737157559138723, 5864554.619279058650136 ], [ 633983.090577257215045, 5863711.098082236014307 ], [ 630802.91986743232701, 5857505.573113137856126 ], [ 618932.248094865470193, 5857183.955070110037923 ], [ 621286.221929974271916, 5842692.715689832344651 ], [ 623730.883353332639672, 5843077.400398626923561 ], [ 630088.588212167611346, 5830251.569677465595305 ], [ 633895.610212012543343, 5832040.511550636030734 ], [ 631087.886926700128242, 5825730.349452323280275 ], [ 636469.018419216852635, 5817647.088616283610463 ], [ 632241.901384723256342, 5817549.055768764577806 ], [ 631551.564284180174582, 5813855.500369662418962 ], [ 641508.197608381975442, 5804609.332371498458087 ], [ 635414.553430114872754, 5800381.231536965817213 ], [ 642863.83195776771754, 5788203.375753729604185 ], [ 638057.429589697159827, 5784849.208730921149254 ], [ 641439.159555706195533, 5781620.208954163827002 ], [ 640342.803167514735833, 5777918.699987950734794 ], [ 633498.30706710042432, 5774553.579543642699718 ], [ 635392.161424446618184, 5769246.261581181548536 ], [ 615999.417116457480006, 5768257.97041183616966 ], [ 607299.222803779528476, 5763296.454256457276642 ], [ 613750.468965745065361, 5757946.058877409435809 ], [ 610850.243250543368049, 5755840.143801259808242 ], [ 613900.976970710093156, 5751724.017467393539846 ], [ 608608.505562610924244, 5745660.531681942753494 ], [ 608820.081094877095893, 5738048.304944109171629 ], [ 612651.155196381499991, 5735318.641442398540676 ], [ 617981.529725500848144, 5722770.973546156659722 ], [ 613531.866027573589236, 5719966.29868730623275 ], [ 615407.503378959256224, 5713178.370755876414478 ], [ 611218.575366083066911, 5715141.892500449903309 ], [ 605535.487148690852337, 5712145.866971721872687 ], [ 595491.658996203215793, 5715803.503106366842985 ], [ 593659.130834852112457, 5708716.30528109241277 ], [ 585991.26299344887957, 5702866.418871574103832 ], [ 583061.662594637251459, 5704092.438994204625487 ], [ 579482.562520168954507, 5699519.114350980147719 ], [ 580758.396936382283457, 5698283.179817137308419 ], [ 573301.593552057398483, 5699072.504373193718493 ], [ 565644.421374731697142, 5692413.516023573465645 ], [ 563361.407634747913107, 5696898.273361349478364 ], [ 559538.729942960082553, 5696410.494815222918987 ], [ 560502.91131444950588, 5691936.292382864281535 ], [ 556979.215042178635485, 5696362.569392285309732 ], [ 549135.51493708579801, 5691266.049787261523306 ], [ 551295.152564653661102, 5686035.26513335481286 ], [ 553682.88830616127234, 5688198.526248225010931 ], [ 550971.782308513298631, 5683531.83150261733681 ], [ 539127.879145127604716, 5688713.765876291319728 ], [ 539772.986250125220977, 5693702.492793855257332 ], [ 544932.709782452322543, 5696815.741735215298831 ], [ 544778.654823622549884, 5702543.278594213537872 ], [ 540962.104653870221227, 5708130.11164880823344 ], [ 547738.670924892881885, 5714898.438809267245233 ], [ 543458.421903527574614, 5720890.189116253517568 ], [ 526455.298036599997431, 5721923.678474036045372 ], [ 528264.054751033545472, 5727723.462245872244239 ], [ 526848.628544448292814, 5734221.088340442627668 ], [ 531115.137687461799942, 5738066.273697496391833 ], [ 530113.761350513785146, 5743357.743984873406589 ], [ 532088.384360642987303, 5745065.842432334087789 ], [ 523496.369003487750888, 5744826.051472467370331 ], [ 524151.245034078368917, 5749405.872771111316979 ], [ 519092.341909210314043, 5752998.907328872941434 ], [ 519357.149263361468911, 5757569.026541147381067 ], [ 512301.959117309714202, 5758619.685990836471319 ], [ 513885.427846496575512, 5760735.918409589678049 ], [ 512100.784332702809479, 5764835.802873692475259 ], [ 513209.902511194173712, 5769014.882285134866834 ], [ 509410.307416203140747, 5771398.814568457193673 ], [ 510961.31981222005561, 5774761.101876039989293 ], [ 501405.874400306027383, 5775746.719456206075847 ], [ 499118.890798100561369, 5782738.104460834525526 ], [ 503308.598962056508753, 5781190.028411728329957 ], [ 502755.667529497179203, 5785738.569768952205777 ], [ 505213.197774542029947, 5786634.967854741029441 ], [ 497589.647698764922097, 5792238.66189259942621 ], [ 508363.218156278657261, 5805814.070211810059845 ], [ 506574.685653404565528, 5810329.436254559084773 ], [ 509357.737064345739782, 5814146.004151275381446 ], [ 506391.29734336695401, 5816552.638811501674354 ], [ 503486.900416879041586, 5816885.772563102655113 ], [ 495946.53131313045742, 5805887.553474079817533 ], [ 490193.128540784469806, 5804493.308516688644886 ], [ 480243.442154498072341, 5805075.648878996260464 ], [ 479908.826267446216661, 5817093.736185420304537 ], [ 476508.753077371045947, 5820324.399043388664722 ], [ 466627.764684334106278, 5818421.768348396755755 ], [ 461443.173015522712376, 5811263.913245124742389 ], [ 452721.692992926575243, 5812712.888203164562583 ], [ 453292.765970875159837, 5806533.648207041434944 ], [ 462120.97222541476367, 5801757.018544971011579 ], [ 463924.539172281511128, 5796410.997535382397473 ], [ 462180.459129932743963, 5784772.214924838393927 ], [ 467231.319585322984494, 5781976.50937176682055 ], [ 459201.2605710264761, 5773531.535153908655047 ], [ 450022.865174715174362, 5776261.421092698350549 ], [ 444896.943130650615785, 5769563.687541211955249 ], [ 433684.460232470009942, 5769075.370259820483625 ], [ 429626.684224180993624, 5765581.356008003465831 ], [ 423654.958116722700652, 5771209.34716906119138 ], [ 432156.566416290821508, 5774310.812240963801742 ], [ 432830.87596965522971, 5780720.436304360628128 ], [ 424847.775971273484174, 5783763.143711307086051 ], [ 428688.351093966397457, 5792308.774678255431354 ], [ 426956.249596713052597, 5795570.371557206846774 ], [ 431038.001559165830258, 5796184.711895381100476 ], [ 427678.971437946893275, 5802581.501434183679521 ], [ 412874.873488991172053, 5806521.620555781759322 ], [ 411191.447597059828695, 5812593.38603291567415 ], [ 405820.392236395913642, 5814890.811165652237833 ], [ 403332.298693526536226, 5809949.006705625914037 ], [ 405414.592057421803474, 5808771.413564537651837 ], [ 403784.579927609534934, 5803827.342968161217868 ], [ 383893.682146194041707, 5791787.655701936222613 ], [ 368243.544019777560607, 5789871.850640556775033 ], [ 365634.630551350710448, 5795602.165076383389533 ], [ 369264.026432529673912, 5805343.532403999008238 ], [ 364573.556081996415742, 5815128.473115817643702 ], [ 360685.035221093217842, 5811616.49091240298003 ], [ 344749.706484484660905, 5817375.804015911184251 ], [ 342979.838351000682451, 5825408.671255416236818 ], [ 348736.758160220342688, 5826240.392083696089685 ], [ 345846.737490075756796, 5829163.148993089795113 ], [ 347364.93443144770572, 5835402.908450610935688 ], [ 368168.931486555724405, 5833544.592351607978344 ], [ 371659.329447243711911, 5856891.082005078904331 ], [ 383326.098611327586696, 5873410.6294364342466 ], [ 383269.586509208660573, 5884638.462674967944622 ], [ 381358.957418524252716, 5887584.702560088597238 ], [ 385859.677140795742162, 5891757.829866008833051 ], [ 385412.563637217273936, 5895845.112266454845667 ], [ 384689.006614695419557, 5899670.416788424365222 ], [ 380226.699017583276145, 5900339.495903294533491 ], [ 383403.603692231932655, 5910394.913107972592115 ], [ 368626.000210274360143, 5911491.458275051787496 ], [ 366817.581084719218779, 5914324.852322436869144 ], [ 370663.719049701641779, 5930513.31832280009985 ], [ 369710.713986731832847, 5933384.597402946092188 ], [ 376298.441160091431811, 5933114.364887192845345 ], [ 373558.405946323066019, 5938103.320917261764407 ], [ 378193.372098993335385, 5943701.674482168629766 ], [ 388845.996228946663905, 5949621.117453498765826 ], [ 402906.758538017165847, 5947980.044139459729195 ], [ 435042.715689486183692, 5951783.741807113401592 ], [ 436846.484653033257928, 5944093.768597492016852 ], [ 441181.035580644034781, 5944099.530810901895165 ], [ 445180.910861086798832, 5934284.822795741260052 ], [ 443986.07749350531958, 5929755.246968085877597 ], [ 437970.191501409339253, 5928965.369504887610674 ], [ 438500.292643095483072, 5924384.209527681581676 ], [ 450299.098426734213717, 5916920.968143321573734 ], [ 454618.682430166576523, 5924356.727544879540801 ], [ 454678.252832101250533, 5930567.956308368593454 ], [ 449004.124215152056422, 5930440.327757497318089 ], [ 451831.472913174075074, 5940362.223450698889792 ], [ 467963.512861338909715, 5934260.59426284302026 ], [ 470628.897879393305629, 5930843.764347054995596 ], [ 468142.791695963707753, 5928109.306988647207618 ], [ 471544.620642257737927, 5930003.782814742997289 ], [ 465903.575900392548647, 5949634.630559715442359 ], [ 470915.803145378653426, 5965146.1645716894418 ], [ 479024.76194535207469, 5971561.9848956130445 ] ], [ [ 467898.47104948782362, 5894186.629651762545109 ], [ 474985.91949502506759, 5890723.397643612697721 ], [ 481982.863642911193892, 5876443.442914885468781 ], [ 484814.817049029457849, 5878608.511511214077473 ], [ 487805.444419018516783, 5874969.177728612907231 ], [ 491045.027238189184573, 5877147.071405945345759 ], [ 495670.867994583328255, 5873967.769803436473012 ], [ 498859.782679241732694, 5877803.832920937798917 ], [ 497497.220244148280472, 5882333.105822366662323 ], [ 499530.532783564238343, 5883225.754787593148649 ], [ 496569.707260323571973, 5886043.871576864272356 ], [ 499026.36151656077709, 5886534.154950153082609 ], [ 496465.37760645931121, 5889779.198312934488058 ], [ 490759.405752808612306, 5887520.70050735771656 ], [ 488607.743512748100329, 5890772.585395624861121 ], [ 472858.916671953804325, 5893134.414760324172676 ], [ 473179.604333547060378, 5896463.552444165572524 ], [ 465747.367171401798259, 5897828.360545491799712 ], [ 467898.47104948782362, 5894186.629651762545109 ] ] ], [ [ [ 467080.272690853686072, 5975989.146405787207186 ], [ 468163.631642774038482, 5974405.25815723836422 ], [ 466336.765094752539881, 5974078.134037869982421 ], [ 467080.272690853686072, 5975989.146405787207186 ] ] ], [ [ [ 434719.119538650498725, 5960133.749070921912789 ], [ 435535.038075392600149, 5955578.905607376247644 ], [ 433267.05752418981865, 5958423.224818517453969 ], [ 434719.119538650498725, 5960133.749070921912789 ] ] ], [ [ [ 427266.90251166804228, 5961171.181642738170922 ], [ 431993.103096382867079, 5958967.06344916857779 ], [ 423996.947978559299372, 5960419.183403184637427 ], [ 427266.90251166804228, 5961171.181642738170922 ] ] ], [ [ [ 414759.256077492784243, 5959774.780523632653058 ], [ 421302.324191808584146, 5959103.635863376781344 ], [ 412116.723779988591559, 5957505.344131397083402 ], [ 414759.256077492784243, 5959774.780523632653058 ] ] ], [ [ [ 405960.887465582927689, 5957470.395185556262732 ], [ 409494.327473170415033, 5956411.614644084125757 ], [ 398893.168307724874467, 5954247.947022345848382 ], [ 400095.151200825814158, 5957313.361493464559317 ], [ 405960.887465582927689, 5957470.395185556262732 ] ] ], [ [ [ 394074.031560584844556, 5955189.079182531684637 ], [ 396396.071427238639444, 5954085.943938657641411 ], [ 391818.890190779580735, 5954374.878371479921043 ], [ 394074.031560584844556, 5955189.079182531684637 ] ] ], [ [ [ 388914.818726481869817, 5954071.710099353455007 ], [ 390630.225595175579656, 5953722.27974396571517 ], [ 377095.939843153348193, 5952325.909148483537138 ], [ 388914.818726481869817, 5954071.710099353455007 ] ] ], [ [ [ 371790.093565882998519, 5950179.507614919915795 ], [ 374236.446902332711034, 5949680.623458719812334 ], [ 358248.679250523680821, 5947971.449043922126293 ], [ 371790.093565882998519, 5950179.507614919915795 ] ] ], [ [ [ 361307.278681505355053, 5947045.220771980471909 ], [ 360959.731018007500097, 5943993.931942192837596 ], [ 358835.19098403211683, 5945479.512186493724585 ], [ 361307.278681505355053, 5947045.220771980471909 ] ] ], [ [ [ 351970.464637211000081, 5943433.243082706816494 ], [ 355185.189604327140842, 5941539.230182392522693 ], [ 349163.682179761119187, 5939625.468005817383528 ], [ 350944.257665808545426, 5936568.550965362228453 ], [ 343222.714427476457786, 5941396.581307855434716 ], [ 351970.464637211000081, 5943433.243082706816494 ] ] ] ] } },
{ "type": "Feature", "properties": { "ID_0": 86, "ISO": "DEU", "NAME_0": "Germany", "ID_1": 10, "NAME_1": "Nordrhein-Westfalen", "NL_NAME_1": null, "VARNAME_1": "North Rhine-Westphalia", "TYPE_1": "Land", "ENGTYPE_1": "State" }, "geometry": { "type": "Polygon", "coordinates": [ [ [ 477359.012439788726624, 5819516.294324981048703 ], [ 479908.826267446216661, 5817093.736185420304537 ], [ 480243.442154498072341, 5805075.648878996260464 ], [ 482334.463568711129483, 5804297.143542304635048 ], [ 495946.53131313045742, 5805887.553474079817533 ], [ 503486.900416879041586, 5816885.772563102655113 ], [ 508919.62408848805353, 5814963.696371859870851 ], [ 506030.546229164407123, 5800767.315499100834131 ], [ 501931.238223260326777, 5799409.616163045167923 ], [ 497589.647698764922097, 5792238.66189259942621 ], [ 505213.197774542029947, 5786634.967854741029441 ], [ 502755.667529497179203, 5785738.569768952205777 ], [ 503308.598962056508753, 5781190.028411728329957 ], [ 499118.890798100561369, 5782738.104460834525526 ], [ 501405.874400306027383, 5775746.719456206075847 ], [ 510961.31981222005561, 5774761.101876039989293 ], [ 509410.307416203140747, 5771398.814568457193673 ], [ 513209.902511194173712, 5769014.882285134866834 ], [ 512100.784332702809479, 5764835.802873692475259 ], [ 513885.427846496575512, 5760735.918409589678049 ], [ 512301.959117309714202, 5758619.685990836471319 ], [ 519357.149263361468911, 5757569.026541147381067 ], [ 519092.341909210314043, 5752998.907328872941434 ], [ 524151.245034078368917, 5749405.872771111316979 ], [ 523496.369003487750888, 5744826.051472467370331 ], [ 532088.384360642987303, 5745065.842432334087789 ], [ 530113.761350513785146, 5743357.743984873406589 ], [ 531115.137687461799942, 5738066.273697496391833 ], [ 526508.050997870857827, 5732570.983314064331353 ], [ 528264.054751033545472, 5727723.462245872244239 ], [ 526455.298036599997431, 5721923.678474036045372 ], [ 531256.588897873763926, 5721694.403872294351459 ], [ 523781.731818637636025, 5718137.004076132550836 ], [ 526251.38080102391541, 5715769.101695590652525 ], [ 515887.985454639187083, 5700975.650729268789291 ], [ 507913.133913640398532, 5699051.729073219001293 ], [ 507781.992315175361, 5704836.938526870682836 ], [ 502905.819752286945004, 5707576.257963310927153 ], [ 493920.93564840540057, 5703177.516532543115318 ], [ 495736.216740682779346, 5697415.735966953448951 ], [ 497813.538145975850057, 5697482.299409175291657 ], [ 497048.226326675387099, 5692893.272126141004264 ], [ 479380.948687602358405, 5691556.990244815126061 ], [ 474400.914802012033761, 5687267.949963943101466 ], [ 469936.087719086324796, 5680502.67407946754247 ], [ 472197.956622885656543, 5677235.993518996052444 ], [ 481841.404685117362533, 5679987.194785009138286 ], [ 484936.80232796468772, 5672597.694011643528938 ], [ 479694.00769524340285, 5664558.413780180737376 ], [ 481417.466243251517881, 5661700.709249906241894 ], [ 467658.607485158310737, 5660504.056694745086133 ], [ 466169.318785426439717, 5654235.029179801233113 ], [ 468760.950514381052926, 5651390.409697441384196 ], [ 462638.229526841896586, 5645874.085938293486834 ], [ 462844.345608249073848, 5640118.876843679696321 ], [ 456399.167389228008687, 5634322.778010061010718 ], [ 449044.695136856171302, 5636868.450409598648548 ], [ 438814.757591318455525, 5627037.518015697598457 ], [ 442098.724496682931203, 5621180.337798942811787 ], [ 440186.048842707939912, 5616227.325599982403219 ], [ 433108.457480906625278, 5616795.859974134713411 ], [ 427681.170662801014259, 5625269.258581396192312 ], [ 427765.366021374298725, 5633117.802913553081453 ], [ 418014.640838137303945, 5637255.322255613282323 ], [ 419493.937827249465045, 5642260.828733939677477 ], [ 415668.60376041114796, 5644174.527496879920363 ], [ 411178.564514280995354, 5641524.629766777157784 ], [ 413156.855608305020723, 5633344.598699735477567 ], [ 405749.584820496616885, 5630570.412015709094703 ], [ 407544.630280073790345, 5627338.107010403648019 ], [ 405557.304494527750649, 5624776.552185593172908 ], [ 385733.397896408045199, 5619437.58684700448066 ], [ 382698.955723367689643, 5610637.76418736949563 ], [ 374018.012277169094887, 5609052.651530520990491 ], [ 373512.065946170594543, 5611929.460519527085125 ], [ 369119.981680308526848, 5606378.824060703627765 ], [ 362469.364155304967426, 5606967.432946556247771 ], [ 353504.839276098413393, 5602132.809114434756339 ], [ 353591.64567284390796, 5599222.048701004125178 ], [ 350301.399874025140889, 5598727.22790427133441 ], [ 351325.002864909707569, 5592089.839929123409092 ], [ 348487.826523185241967, 5590346.715262209996581 ], [ 344214.592632189509459, 5594839.132833961397409 ], [ 340535.450938422756735, 5593101.845023782923818 ], [ 344145.228932937607169, 5579820.196754863485694 ], [ 336791.518888251972385, 5577812.855017927475274 ], [ 334636.482288950355724, 5581677.8160205418244 ], [ 332163.306739915336948, 5578802.332587168551981 ], [ 329877.568565344088711, 5583799.449296561069787 ], [ 318536.704081248375587, 5578868.984862437471747 ], [ 319316.106306596309878, 5581746.015674412250519 ], [ 314578.756149426742923, 5584627.026877678930759 ], [ 315162.149684442090802, 5577649.965404430404305 ], [ 310867.393694315163884, 5584253.698494296520948 ], [ 313608.807953041861765, 5591508.864356810227036 ], [ 310630.355889722821303, 5596924.167174955829978 ], [ 303136.473866490880027, 5598160.598813935182989 ], [ 299678.584036545595154, 5603660.921608781442046 ], [ 307468.591137323528528, 5610703.836610931903124 ], [ 300042.612820908077992, 5611542.555719718337059 ], [ 300249.001595188397914, 5615650.866341463290155 ], [ 296576.324798309186008, 5621396.167458383366466 ], [ 290288.724536964786239, 5623479.838014411740005 ], [ 289332.465483489912003, 5629089.607938295230269 ], [ 285991.578133447910659, 5631430.86444020550698 ], [ 290582.309330588905141, 5633439.363543788902462 ], [ 290196.635993532952853, 5636847.54949776083231 ], [ 294015.459731867187656, 5636875.725242578424513 ], [ 294985.312745581381023, 5645181.593677517026663 ], [ 290274.348080123541877, 5646635.085092221386731 ], [ 291541.157145732780918, 5652174.434995677322149 ], [ 282653.620563505566679, 5651973.208648 ], [ 280745.496202206064481, 5660134.68291591014713 ], [ 287532.367056981194764, 5658028.682174694724381 ], [ 291006.146306602400728, 5664521.650678399018943 ], [ 302216.45175615453627, 5670634.801903645507991 ], [ 300417.050264413352124, 5673018.802938846871257 ], [ 303873.019006603979506, 5674883.626256060786545 ], [ 296723.66622101876419, 5673339.068128848448396 ], [ 296076.904041782487184, 5681094.779837192036211 ], [ 307316.852842155902181, 5694161.790478768758476 ], [ 307578.476349686970934, 5698264.595219499431551 ], [ 306811.133530211169273, 5710992.599290707148612 ], [ 298560.478905942698475, 5721140.684195383451879 ], [ 300728.256411237525754, 5727205.797274090349674 ], [ 295291.339789580146316, 5729347.390379359945655 ], [ 296266.304737407830544, 5733655.552356539294124 ], [ 290402.458104835881386, 5736662.37781425844878 ], [ 293337.863582443678752, 5739498.751832236535847 ], [ 291379.240192683995701, 5746672.671685190871358 ], [ 298149.267772765771952, 5750075.978773047216237 ], [ 304997.423479198128916, 5747592.075391099788249 ], [ 300933.439978347159922, 5752646.877342833206058 ], [ 304564.374649416189641, 5754329.605555888265371 ], [ 322033.895489191287197, 5744798.985095388256013 ], [ 321183.925696166057605, 5750303.244138637557626 ], [ 326477.4188897467684, 5747870.544425511732697 ], [ 341313.388364900369197, 5754674.441002096049488 ], [ 344696.979882586048916, 5752218.497748437337577 ], [ 351498.397313060471788, 5759418.924389474093914 ], [ 351390.071457036247011, 5762753.425432876683772 ], [ 342130.321681824047118, 5768001.26125699840486 ], [ 342421.01880155724939, 5771740.244399440474808 ], [ 345312.540971694164909, 5771797.271496447734535 ], [ 347225.086721064173616, 5776819.065197438932955 ], [ 354630.445522435707971, 5777402.254576122388244 ], [ 363119.122226083243731, 5788376.043939520604908 ], [ 374390.083347448089626, 5792461.543529277667403 ], [ 383893.682146194041707, 5791787.655701936222613 ], [ 403784.579927609534934, 5803827.342968161217868 ], [ 405414.592057421803474, 5808771.413564537651837 ], [ 403332.298693526536226, 5809949.006705625914037 ], [ 405820.392236395913642, 5814890.811165652237833 ], [ 411191.447597059828695, 5812593.38603291567415 ], [ 412874.873488991172053, 5806521.620555781759322 ], [ 427678.971437946893275, 5802581.501434183679521 ], [ 431038.001559165830258, 5796184.711895381100476 ], [ 426956.249596713052597, 5795570.371557206846774 ], [ 428688.351093966397457, 5792308.774678255431354 ], [ 424847.775971273484174, 5783763.143711307086051 ], [ 433314.582757498079445, 5779505.770546330139041 ], [ 431587.923961990571115, 5778922.01999537833035 ], [ 432156.566416290821508, 5774310.812240963801742 ], [ 423654.958116722700652, 5771209.34716906119138 ], [ 425855.539873375790194, 5767120.0141292642802 ], [ 444896.943130650615785, 5769563.687541211955249 ], [ 450022.865174715174362, 5776261.421092698350549 ], [ 459201.2605710264761, 5773531.535153908655047 ], [ 467231.319585322984494, 5781976.50937176682055 ], [ 462180.459129932743963, 5784772.214924838393927 ], [ 463924.539172281511128, 5796410.997535382397473 ], [ 462120.97222541476367, 5801757.018544971011579 ], [ 453292.765970875159837, 5806533.648207041434944 ], [ 452319.408073056547437, 5812290.735146853141487 ], [ 461443.173015522712376, 5811263.913245124742389 ], [ 466627.764684334106278, 5818421.768348396755755 ], [ 477359.012439788726624, 5819516.294324981048703 ] ] ] } },
{ "type": "Feature", "properties": { "ID_0": 86, "ISO": "DEU", "NAME_0": "Germany", "ID_1": 11, "NAME_1": "Rheinland-Pfalz", "NL_NAME_1": null, "VARNAME_1": "Rhineland-Palatinate", "TYPE_1": "Land", "ENGTYPE_1": "State" }, "geometry": { "type": "Polygon", "coordinates": [ [ [ 415668.60376041114796, 5644174.527496879920363 ], [ 419493.937827249465045, 5642260.828733939677477 ], [ 418014.640838137303945, 5637255.322255613282323 ], [ 427765.366021374298725, 5633117.802913553081453 ], [ 427681.170662801014259, 5625269.258581396192312 ], [ 433108.457480906625278, 5616795.859974134713411 ], [ 437933.733095484785736, 5617080.834259172901511 ], [ 439208.08324317575898, 5607000.543705477379262 ], [ 441572.587477110442705, 5604864.005574883893132 ], [ 439123.261548630427569, 5598564.108807578682899 ], [ 433166.056826298881788, 5601008.32991108391434 ], [ 429899.076766900718212, 5597596.746045435778797 ], [ 428812.738609588705003, 5593009.627203756012022 ], [ 431132.536137553397566, 5588912.9663250381127 ], [ 427826.324438168434426, 5585111.484065173193812 ], [ 434779.029718620120548, 5580635.054703340865672 ], [ 438640.157944121921901, 5569457.228030390106142 ], [ 432417.006124157924205, 5568951.217720231041312 ], [ 434124.570257644751109, 5564804.321754081174731 ], [ 432069.070395622460637, 5562695.98811662197113 ], [ 429129.283127434784546, 5565182.06661048065871 ], [ 422896.447065962245688, 5561838.94888845551759 ], [ 421271.692164898267947, 5558100.68727202527225 ], [ 424651.317648391821422, 5554745.878313425928354 ], [ 424275.414442941953894, 5550565.029352329671383 ], [ 419230.301041643193457, 5553537.268870377913117 ], [ 413030.197021709987894, 5545242.888655757531524 ], [ 420237.875954243761953, 5535962.395897001028061 ], [ 446830.909761570161209, 5541904.329902877099812 ], [ 453146.343089890200645, 5534308.825987209565938 ], [ 453254.977201490080915, 5525680.52414760645479 ], [ 456628.977837399055716, 5522115.724072881042957 ], [ 455842.50382617948344, 5518801.883046777918935 ], [ 458838.17047522548819, 5512770.653479476459324 ], [ 462992.5960652292124, 5512937.40892403293401 ], [ 453978.333424377779011, 5504378.759425733238459 ], [ 458730.379691761685535, 5492716.356150206178427 ], [ 457963.693727803882211, 5489005.19044472835958 ], [ 461423.99454684642842, 5480179.978841944597661 ], [ 459815.799669741187245, 5477658.756858112290502 ], [ 464375.826213321997784, 5476650.828901045955718 ], [ 461173.278475118393544, 5471193.9685745453462 ], [ 463643.60512095579179, 5471313.574192982167006 ], [ 463300.436837332323194, 5467626.988038302399218 ], [ 460071.616471596527845, 5464603.615979146212339 ], [ 463022.446642535389401, 5461073.920547583140433 ], [ 455808.024353048647754, 5454545.941608611494303 ], [ 453445.915142620680854, 5438733.726372770033777 ], [ 444481.916348153958097, 5424269.298725502565503 ], [ 433527.061189236992504, 5426659.367056647315621 ], [ 422340.631784802419133, 5434251.072414443828166 ], [ 417215.657709499471821, 5431796.922864453867078 ], [ 412337.840960942558013, 5435282.120176513679326 ], [ 402890.42596728465287, 5433416.771140437573195 ], [ 392777.44918494974263, 5439292.63825130648911 ], [ 390027.586553964123596, 5447284.169785154052079 ], [ 380013.430259351269342, 5447726.156304589472711 ], [ 375720.100825616915245, 5456176.24637162592262 ], [ 382670.539297928102314, 5461252.980235368013382 ], [ 384562.701816414948553, 5470688.096333745867014 ], [ 376185.361583467398304, 5473000.924536816775799 ], [ 373577.008182161021978, 5477862.226410232484341 ], [ 377630.024255551630631, 5482074.302334450185299 ], [ 375872.573335895547643, 5485737.834287135861814 ], [ 377871.039881918288302, 5489075.947767117992043 ], [ 375778.982338152069133, 5489441.484179176390171 ], [ 375221.138561284926254, 5494786.371533192694187 ], [ 371109.200843835307751, 5492616.492088598199189 ], [ 357923.767698940355331, 5501223.668694485910237 ], [ 326931.628711824130733, 5488035.539168490096927 ], [ 310354.998546053422615, 5491680.15210660174489 ], [ 309406.952512042189483, 5494612.116469703614712 ], [ 313459.794692921976093, 5499306.197041449137032 ], [ 314128.370368387841154, 5504719.054137113504112 ], [ 321006.70712185872253, 5510924.83541754912585 ], [ 322163.848732440557797, 5520278.170569144189358 ], [ 313356.79103749099886, 5521844.786731774918735 ], [ 310453.42839176702546, 5525736.687239577062428 ], [ 306734.454417598666623, 5523806.23727697879076 ], [ 306634.275458687567152, 5527112.315414712764323 ], [ 301548.496680727635976, 5530325.427745399996638 ], [ 300519.696466109366156, 5536960.97482371609658 ], [ 296515.723336034163367, 5537371.66212023049593 ], [ 292322.732088044867851, 5549325.294406058266759 ], [ 296246.374563099583611, 5561863.395925547927618 ], [ 299396.654717426106799, 5563477.195972715504467 ], [ 298219.9114834627253, 5568730.689699715003371 ], [ 305843.449789003352635, 5571695.400769582949579 ], [ 307877.371344567916822, 5577530.909351539798081 ], [ 316438.228819805546664, 5577644.640764569863677 ], [ 313742.260813630302437, 5584213.581962793134153 ], [ 319316.106306596309878, 5581746.015674412250519 ], [ 318536.704081248375587, 5578868.984862437471747 ], [ 329877.568565344088711, 5583799.449296561069787 ], [ 332163.306739915336948, 5578802.332587168551981 ], [ 334636.482288950355724, 5581677.8160205418244 ], [ 336791.518888251972385, 5577812.855017927475274 ], [ 344145.228932937607169, 5579820.196754863485694 ], [ 340535.450938422756735, 5593101.845023782923818 ], [ 344214.592632189509459, 5594839.132833961397409 ], [ 348487.826523185241967, 5590346.715262209996581 ], [ 351325.002864909707569, 5592089.839929123409092 ], [ 350301.399874025140889, 5598727.22790427133441 ], [ 353591.64567284390796, 5599222.048701004125178 ], [ 353504.839276098413393, 5602132.809114434756339 ], [ 362469.364155304967426, 5606967.432946556247771 ], [ 369119.981680308526848, 5606378.824060703627765 ], [ 373512.065946170594543, 5611929.460519527085125 ], [ 374018.012277169094887, 5609052.651530520990491 ], [ 382698.955723367689643, 5610637.76418736949563 ], [ 385733.397896408045199, 5619437.58684700448066 ], [ 405557.304494527750649, 5624776.552185593172908 ], [ 407544.630280073790345, 5627338.107010403648019 ], [ 405749.584820496616885, 5630570.412015709094703 ], [ 413156.855608305020723, 5633344.598699735477567 ], [ 411178.564514280995354, 5641524.629766777157784 ], [ 415668.60376041114796, 5644174.527496879920363 ] ] ] } },
{ "type": "Feature", "properties": { "ID_0": 86, "ISO": "DEU", "NAME_0": "Germany", "ID_1": 12, "NAME_1": "Saarland", "NL_NAME_1": null, "VARNAME_1": null, "TYPE_1": "Land", "ENGTYPE_1": "State" }, "geometry": { "type": "Polygon", "coordinates": [ [ [ 358353.393690796219744, 5500829.663488163612783 ], [ 371109.200843835307751, 5492616.492088598199189 ], [ 375221.138561284926254, 5494786.371533192694187 ], [ 375778.982338152069133, 5489441.484179176390171 ], [ 377871.039881918288302, 5489075.947767117992043 ], [ 375872.573335895547643, 5485737.834287135861814 ], [ 377630.024255551630631, 5482074.302334450185299 ], [ 373577.008182161021978, 5477862.226410232484341 ], [ 376185.361583467398304, 5473000.924536816775799 ], [ 384562.701816414948553, 5470688.096333745867014 ], [ 382670.539297928102314, 5461252.980235368013382 ], [ 375720.100825616915245, 5456176.24637162592262 ], [ 380599.936790245759767, 5444884.979581590741873 ], [ 368528.644071381888352, 5441822.601188882254064 ], [ 361327.894237591535784, 5446353.608877506107092 ], [ 358283.285544507671148, 5441787.639154249802232 ], [ 356727.206477119121701, 5450245.459340915083885 ], [ 348861.731353614479303, 5454328.123233921825886 ], [ 342728.612657245772425, 5453516.158656921237707 ], [ 344108.890602501109242, 5449515.82855871040374 ], [ 342093.09576193644898, 5446541.845644451677799 ], [ 335102.641439740778878, 5448213.821306088007987 ], [ 330387.011255630874075, 5461248.385409877635539 ], [ 323182.325583931058645, 5469136.726303902454674 ], [ 325708.975056621711701, 5470984.131220154464245 ], [ 321314.800746019056533, 5478641.613184594549239 ], [ 313958.828989854489919, 5483371.738096663728356 ], [ 308342.888170546502806, 5482511.518314745277166 ], [ 309867.636219844105653, 5491698.429890431463718 ], [ 326931.628711824130733, 5488035.539168490096927 ], [ 351255.808663912001066, 5500545.98129459656775 ], [ 358353.393690796219744, 5500829.663488163612783 ] ] ] } },
{ "type": "Feature", "properties": { "ID_0": 86, "ISO": "DEU", "NAME_0": "Germany", "ID_1": 13, "NAME_1": "Sachsen-Anhalt", "NL_NAME_1": null, "VARNAME_1": "Saxony-Anhalt", "TYPE_1": "Land", "ENGTYPE_1": "State" }, "geometry": { "type": "Polygon", "coordinates": [ [ [ 676584.487408398999833, 5877337.585566348396242 ], [ 680355.228971347678453, 5876182.274704914540052 ], [ 680860.786418960196897, 5872880.416853189468384 ], [ 691725.32169770845212, 5870245.490810008719563 ], [ 690146.350414319778793, 5867309.555842627771199 ], [ 691446.934556583175436, 5865272.75054882094264 ], [ 718103.672628739848733, 5861012.300457154400647 ], [ 719962.211196738062426, 5854035.889580370858312 ], [ 717133.428922472172417, 5851477.24400654155761 ], [ 716493.724371147342026, 5844848.374341582879424 ], [ 719064.079314653994516, 5842028.000230573117733 ], [ 719668.639035001746379, 5835436.978067815303802 ], [ 715117.478132672375068, 5834898.705021661706269 ], [ 716111.786053367424756, 5829146.321694491431117 ], [ 713772.993033854174428, 5823717.32180882897228 ], [ 716655.726779676508158, 5824621.829592285677791 ], [ 715492.020791521295905, 5821700.590688864700496 ], [ 717603.677471232367679, 5820520.733832645229995 ], [ 720000.526238765800372, 5823887.542008184827864 ], [ 726785.710185249103233, 5819126.605513148009777 ], [ 723251.619167154189199, 5812014.104654906317592 ], [ 725364.513378641451709, 5810835.953119480982423 ], [ 724261.300085430033505, 5805856.613103713840246 ], [ 725970.544574373285286, 5804254.690073572099209 ], [ 722109.975934174493887, 5793842.736463864333928 ], [ 725531.493715690681711, 5790641.043208282440901 ], [ 720300.466426207334734, 5784316.767897005192935 ], [ 724662.192062445101328, 5777434.802926975302398 ], [ 735758.895601765019819, 5768271.11636910866946 ], [ 739456.171400442835875, 5770021.917692706920207 ], [ 743776.320256863953546, 5764792.406300664879382 ], [ 752832.994334653951228, 5768351.629322029650211 ], [ 760900.786087078158744, 5763241.057193061336875 ], [ 765034.01616147835739, 5764193.241832992061973 ], [ 765564.330745016806759, 5760501.391599519178271 ], [ 773038.161725968471728, 5761151.00815196428448 ], [ 773986.021304188412614, 5757474.697913715615869 ], [ 778976.322179106064141, 5757636.641921488568187 ], [ 778665.104182144859806, 5754330.163674645125866 ], [ 786551.61485680390615, 5755008.571153626777232 ], [ 784981.35151561209932, 5752069.701343497261405 ], [ 790017.829092237632722, 5737823.294570280238986 ], [ 779479.240535830147564, 5728413.618115374818444 ], [ 777710.933205521781929, 5731649.528947372920811 ], [ 773646.845972214825451, 5728227.598941371776164 ], [ 765590.657323649153113, 5732504.835940438322723 ], [ 761965.777298141969368, 5728282.249625052325428 ], [ 755663.652883544098586, 5729743.426246076822281 ], [ 752475.655913194874302, 5724718.675634824670851 ], [ 725121.471507460111752, 5717819.537212327122688 ], [ 722319.735322430264205, 5713641.218422145582736 ], [ 722879.769144677906297, 5708732.554467928595841 ], [ 719195.343364102882333, 5706174.123091349378228 ], [ 722666.394814377767034, 5701754.716961578465998 ], [ 722968.075441300868988, 5691519.309150871820748 ], [ 720082.411105351755396, 5690214.667823686264455 ], [ 724602.593505741446279, 5678872.820959913544357 ], [ 722625.472560677677393, 5675138.143351058475673 ], [ 725131.269010385498405, 5675204.93486219830811 ], [ 724432.667838082881644, 5670686.67730007879436 ], [ 727393.857600608957, 5669539.121931443922222 ], [ 726202.694863895885646, 5667462.820206062868237 ], [ 730858.772103600669652, 5665543.28367374651134 ], [ 728529.644133746507578, 5659759.716558690182865 ], [ 731895.623442609095946, 5659032.033553942106664 ], [ 727198.97644047846552, 5648696.363061805255711 ], [ 724143.07744197268039, 5652692.012389467097819 ], [ 712003.313470155699179, 5651086.620127595029771 ], [ 708980.670064462348819, 5653855.54600159265101 ], [ 709766.916005363222212, 5655931.902645545080304 ], [ 702069.04180057393387, 5660601.808593793772161 ], [ 693722.564053386566229, 5658268.855717964470387 ], [ 686816.475149731617421, 5665857.151040403172374 ], [ 673034.775210921186954, 5664958.130263306200504 ], [ 672799.329723116010427, 5674044.201750527136028 ], [ 665216.183806923218071, 5677084.719725890085101 ], [ 672920.796511633321643, 5686014.195209722034633 ], [ 667375.161979208700359, 5690795.484454176388681 ], [ 666845.989648208487779, 5695317.218779076822102 ], [ 661776.51539379672613, 5698055.5111960535869 ], [ 638535.204183807363734, 5698079.518114454112947 ], [ 639745.992239298298955, 5699367.83587884157896 ], [ 636838.206386131932959, 5699679.404618951492012 ], [ 637119.673309446312487, 5705086.116258439607918 ], [ 634585.599516711547039, 5707075.033299302682281 ], [ 635314.501147245522588, 5711256.971500411629677 ], [ 630643.102037844830193, 5716095.411898369900882 ], [ 634332.548835829482414, 5717878.860901969484985 ], [ 633448.168937390903011, 5720350.217276788316667 ], [ 617981.529725500848144, 5722770.973546156659722 ], [ 612651.155196381499991, 5735318.641442398540676 ], [ 608820.081094877095893, 5738048.304944109171629 ], [ 608608.505562610924244, 5745660.531681942753494 ], [ 613900.976970710093156, 5751724.017467393539846 ], [ 610850.243250543368049, 5755840.143801259808242 ], [ 613750.468965745065361, 5757946.058877409435809 ], [ 609063.276266342028975, 5759990.08907191362232 ], [ 607697.548709781840444, 5764120.815294774249196 ], [ 611918.219332098262385, 5763723.929049003869295 ], [ 615999.417116457945667, 5768257.970411817543209 ], [ 635392.161424446618184, 5769246.261581181548536 ], [ 633498.30706710042432, 5774553.579543642699718 ], [ 640342.803167514735833, 5777918.699987950734794 ], [ 641439.159555706195533, 5781620.208954163827002 ], [ 638057.429589697159827, 5784849.208730921149254 ], [ 642863.83195776771754, 5788203.375753729604185 ], [ 635414.553430114872754, 5800381.231536965817213 ], [ 641508.197608381975442, 5804609.332371498458087 ], [ 631551.564284180174582, 5813855.500369662418962 ], [ 632241.901384723256342, 5817549.055768764577806 ], [ 636469.018419216852635, 5817647.088616283610463 ], [ 631087.886926700128242, 5825730.349452323280275 ], [ 633895.610212012543343, 5832040.511550636030734 ], [ 630088.588212167611346, 5830251.569677465595305 ], [ 623730.883353332639672, 5843077.400398626923561 ], [ 621286.221929974271916, 5842692.715689832344651 ], [ 618932.248094865470193, 5857183.955070110037923 ], [ 630802.91986743232701, 5857505.573113137856126 ], [ 633983.090577257215045, 5863711.098082236014307 ], [ 637301.737157559138723, 5864554.619279058650136 ], [ 656235.355565654463135, 5860744.889663209207356 ], [ 668513.209884426789358, 5868461.83351022657007 ], [ 669151.273103954968974, 5875514.841601384803653 ], [ 677784.193371519097127, 5879021.990761484950781 ], [ 676584.487408398999833, 5877337.585566348396242 ] ] ] } },
{ "type": "Feature", "properties": { "ID_0": 86, "ISO": "DEU", "NAME_0": "Germany", "ID_1": 14, "NAME_1": "Sachsen", "NL_NAME_1": null, "VARNAME_1": "Saxony", "TYPE_1": "Land", "ENGTYPE_1": "State" }, "geometry": { "type": "Polygon", "coordinates": [ [ [ 768116.757957573980093, 5731758.765598356723785 ], [ 773646.845972214825451, 5728227.598941371776164 ], [ 777710.933205521781929, 5731649.528947372920811 ], [ 783746.222834368469194, 5725259.574179228395224 ], [ 788769.116327059688047, 5724603.207656684331596 ], [ 788480.880607528146356, 5720476.347737325355411 ], [ 793188.81009998684749, 5716519.219066807068884 ], [ 791433.062978414352983, 5705759.905877116136253 ], [ 793503.76430688216351, 5706240.172406179830432 ], [ 794446.788404624210671, 5702566.481524313800037 ], [ 798228.988840675679967, 5701452.111980875954032 ], [ 801376.109739489387721, 5707740.165133763104677 ], [ 805582.330063830362633, 5706232.372897985391319 ], [ 807150.076743880170397, 5709586.229531094431877 ], [ 817359.091015311423689, 5700833.507314375601709 ], [ 832660.446244984166697, 5700906.185334804467857 ], [ 845758.9794582715258, 5705923.235680056735873 ], [ 848977.805815259227529, 5703395.799790275283158 ], [ 852948.382215914316475, 5711868.789501944556832 ], [ 850569.877905136905611, 5715346.243800649419427 ], [ 854558.025046412134543, 5715611.196354628540576 ], [ 853349.95591971068643, 5717338.75372333265841 ], [ 857266.176088055595756, 5723037.20657024346292 ], [ 870675.077821702929214, 5719061.5071787731722 ], [ 885880.776630765991285, 5728198.134472474455833 ], [ 892666.754968600813299, 5726303.426301073282957 ], [ 893977.442944318288937, 5731846.525819827802479 ], [ 898003.616683393716812, 5723735.75332715921104 ], [ 910151.352250176016241, 5721252.311172443442047 ], [ 914213.541978244436905, 5717149.837137438356876 ], [ 915395.235844417475164, 5706162.005456808954477 ], [ 920022.805002363864332, 5701552.474597994238138 ], [ 921330.471912092412822, 5693888.182382399216294 ], [ 916035.684424643171951, 5665625.86214042827487 ], [ 909216.405354250920936, 5653965.198586978018284 ], [ 908694.520692454767413, 5646876.136521959677339 ], [ 894886.274150208104402, 5648696.224495335482061 ], [ 897016.787045736215077, 5657559.233702823519707 ], [ 890666.049300934420899, 5656052.297929533757269 ], [ 892569.954345456790179, 5663462.1442697243765 ], [ 885839.75794307119213, 5666116.89421312417835 ], [ 885498.630760740023106, 5669966.570935965515673 ], [ 884985.619473297381774, 5666448.488823683001101 ], [ 878549.892345015192404, 5664622.588219403289258 ], [ 870935.443517693551257, 5669193.345383483916521 ], [ 868275.952151157311164, 5659960.955851553939283 ], [ 879335.788601849111728, 5657315.591034029610455 ], [ 877758.877014654921368, 5651194.489359738305211 ], [ 869501.4525100850733, 5650352.791921392083168 ], [ 856383.431331362575293, 5639843.056574758142233 ], [ 849040.239224242744967, 5639706.040686315856874 ], [ 845025.253396443091333, 5637178.405716580338776 ], [ 845552.985045097768307, 5632692.842903048731387 ], [ 842355.858110266039148, 5629718.326879948377609 ], [ 821096.702618757844903, 5627809.222334355115891 ], [ 820001.926520017441362, 5619077.575121531262994 ], [ 815968.387997226789594, 5614476.704723912291229 ], [ 809272.336290772771463, 5619337.71353402454406 ], [ 806273.665244106668979, 5612264.247847645543516 ], [ 800675.671691852388903, 5613105.924519758671522 ], [ 797529.698577899718657, 5602704.603244668804109 ], [ 785946.882149535929784, 5602948.721858154982328 ], [ 785944.174956628354266, 5596350.805571779608727 ], [ 782524.018590680323541, 5592255.282789658755064 ], [ 771739.356825393275358, 5596630.904408233240247 ], [ 763304.221413925290108, 5589420.553818644955754 ], [ 756788.91082049428951, 5591491.899068288505077 ], [ 749862.881978352321312, 5589026.298546846024692 ], [ 748493.431067721568979, 5583288.502190295606852 ], [ 739684.02635346353054, 5574780.400666835717857 ], [ 737564.473891820758581, 5563915.371268170885742 ], [ 734346.994585271575488, 5564101.069646392948925 ], [ 734248.877033869852312, 5569081.070770370773971 ], [ 730540.842564880498685, 5571797.891938003711402 ], [ 731769.357033090433106, 5574347.344047926366329 ], [ 727618.204481953987852, 5574548.145696352235973 ], [ 727352.815221389522776, 5579410.266300751827657 ], [ 722104.4571391006466, 5578060.061753162182868 ], [ 711676.494848523754627, 5582457.095920025371015 ], [ 712078.076837402535602, 5586639.027238735929132 ], [ 705418.342450750409625, 5592143.734998061321676 ], [ 709967.817178915254772, 5593595.067867199890316 ], [ 710753.954884443664923, 5597364.178436130285263 ], [ 703948.022339470218867, 5603278.954977530986071 ], [ 713385.211504102451727, 5614046.231221569702029 ], [ 715239.479314683238044, 5605028.489182887598872 ], [ 724040.261098355986178, 5607911.664624338969588 ], [ 723115.823475609300658, 5613663.460330771282315 ], [ 731989.122788663487881, 5614898.88844011630863 ], [ 735729.966103575541638, 5620455.112033405341208 ], [ 728740.124470312497579, 5626717.555263130925596 ], [ 732812.611343304859474, 5630924.567118808627129 ], [ 729724.504539049230516, 5635311.56469018291682 ], [ 742960.683978154789656, 5638469.846337229013443 ], [ 745692.228550786385313, 5644234.534052545204759 ], [ 757629.131565224612132, 5648146.926184422336519 ], [ 754077.898215585621074, 5656267.276848553679883 ], [ 748250.894288722192869, 5656143.332254783250391 ], [ 748999.796697077341378, 5659023.655872972682118 ], [ 746940.920045127160847, 5658161.403253660537302 ], [ 746377.266177337383851, 5663058.238011797890067 ], [ 742968.607475139433518, 5665436.186006473377347 ], [ 726202.694863895885646, 5667462.820206062868237 ], [ 727393.857600608957, 5669539.121931443922222 ], [ 724432.667838082881644, 5670686.67730007879436 ], [ 725131.269010385498405, 5675204.93486219830811 ], [ 722625.472560677677393, 5675138.143351058475673 ], [ 724602.593505741446279, 5678872.820959913544357 ], [ 720082.411105351755396, 5690214.667823686264455 ], [ 722968.075441300868988, 5691519.309150871820748 ], [ 722666.394814377767034, 5701754.716961578465998 ], [ 719195.343364102882333, 5706174.123091349378228 ], [ 722879.769144677906297, 5708732.554467928595841 ], [ 721926.041128656244837, 5712809.844009786844254 ], [ 725121.471507460111752, 5717819.537212327122688 ], [ 768116.757957573980093, 5731758.765598356723785 ] ] ] } },
{ "type": "Feature", "properties": { "ID_0": 86, "ISO": "DEU", "NAME_0": "Germany", "ID_1": 15, "NAME_1": "Schleswig-Holstein", "NL_NAME_1": null, "VARNAME_1": null, "TYPE_1": "Land", "ENGTYPE_1": "State" }, "geometry": { "type": "MultiPolygon", "coordinates": [ [ [ [ 633915.234046707861125, 6044985.898348914459348 ], [ 644652.179276221548207, 6042208.159905819222331 ], [ 650177.676789193996228, 6030725.290121220983565 ], [ 637520.352490289718844, 6030388.604943293146789 ], [ 635827.337925532832742, 6035132.019522096961737 ], [ 630294.639295111759566, 6034475.943000067956746 ], [ 630664.82838923309464, 6040424.552043695934117 ], [ 633915.234046707861125, 6044985.898348914459348 ] ] ], [ [ [ 462127.406896521686576, 6099842.956136197783053 ], [ 464351.911123863887042, 6096710.883214597590268 ], [ 458618.063178818265442, 6091350.585780432447791 ], [ 459406.360082353872713, 6084110.025984794832766 ], [ 463409.354651385743637, 6081324.379196923226118 ], [ 487951.556327552360017, 6085542.189217852428555 ], [ 514430.24510239623487, 6078785.375852445140481 ], [ 518165.762957126193214, 6072821.258352197706699 ], [ 526245.749006284750067, 6077193.876756554469466 ], [ 527990.292705612489954, 6071339.990539747290313 ], [ 539372.540000613080338, 6081162.376917572692037 ], [ 538737.831996173830703, 6076210.907754542306066 ], [ 550913.917173060239293, 6072529.687419272959232 ], [ 554254.822774532483891, 6067993.543909968808293 ], [ 558283.983326478046365, 6068878.394173678010702 ], [ 558342.905622252146713, 6072619.720285303890705 ], [ 561440.553139586350881, 6070744.505539299920201 ], [ 566726.729010646697134, 6058824.492196962237358 ], [ 563349.877594077726826, 6061991.004438566043973 ], [ 560492.256144049926661, 6058798.898467904888093 ], [ 560236.867897810647264, 6053756.777325040660799 ], [ 549785.626948955352418, 6048406.053059970028698 ], [ 546638.489138819859363, 6042532.655596728436649 ], [ 548425.688255544519052, 6044589.098554806783795 ], [ 560565.723927206476219, 6053297.573753789998591 ], [ 561135.926984432386234, 6058900.515058058314025 ], [ 566694.970122058410197, 6058545.949469551444054 ], [ 566459.393803296727128, 6045249.390845755115151 ], [ 554460.387816625181586, 6035847.54493972286582 ], [ 556324.229746600147337, 6033644.484993295744061 ], [ 573043.498590691946447, 6038085.555009189061821 ], [ 577741.524025268503465, 6034917.116307329386473 ], [ 575801.337872898788191, 6032442.500429796986282 ], [ 577397.743412561481819, 6027553.87245143391192 ], [ 574585.359109524171799, 6025219.332610007375479 ], [ 573642.398414676892571, 6018743.114729364402592 ], [ 577008.601755163166672, 6020653.179042309522629 ], [ 576549.621017209719867, 6024324.551572417840362 ], [ 579696.792475965805352, 6030220.886396047659218 ], [ 585526.906393548008054, 6032799.77451235614717 ], [ 604195.898213234497234, 6025055.613516625016928 ], [ 610920.509156196843833, 6018782.00343484710902 ], [ 616359.4657224023249, 6019658.561927225440741 ], [ 625252.322728261118755, 6027716.799580235034227 ], [ 638173.435475021833554, 6029078.415691805072129 ], [ 633783.276196153019555, 6024896.435349229723215 ], [ 636573.865142149152234, 6007566.591296198777854 ], [ 622910.324335965909995, 5994997.717990738339722 ], [ 618020.337031186092645, 5995705.634157965891063 ], [ 614626.732969513861462, 5990363.788215381093323 ], [ 617137.279979745741002, 5984613.358167416416109 ], [ 623140.213631950551644, 5983593.735762071795762 ], [ 623960.622739073238336, 5976702.219629951752722 ], [ 628986.978434762451798, 5975406.001506367698312 ], [ 624905.788489236147143, 5974212.699601290747523 ], [ 623129.469226463930681, 5977122.210654010996222 ], [ 616210.081509085255675, 5971737.968604933470488 ], [ 614763.127108281478286, 5967193.158892108127475 ], [ 615897.802650665631518, 5957316.719462264329195 ], [ 628596.452561211772263, 5949409.578691486269236 ], [ 627321.36890979448799, 5939103.666814501397312 ], [ 620718.025560259353369, 5938371.053978378884494 ], [ 620959.879826985765249, 5931364.844214102253318 ], [ 608829.064536437042989, 5925262.164312852546573 ], [ 607845.835086244973354, 5917075.042241214774549 ], [ 605080.923772088717669, 5914576.984109740704298 ], [ 587620.555401650257409, 5922305.989600014872849 ], [ 588750.307901664404199, 5924384.581062419340014 ], [ 577423.143063313444145, 5932321.301871706731617 ], [ 576757.007449890603311, 5938464.971280976198614 ], [ 580125.493456783238798, 5938950.634379538707435 ], [ 579148.235038767103106, 5942213.297842980362475 ], [ 581201.512331341276877, 5943490.354712672531605 ], [ 575482.350219262181781, 5949522.979302455671132 ], [ 579097.712308395886794, 5954118.253628003410995 ], [ 577758.169484060257673, 5956143.188365763984621 ], [ 571515.827542755287141, 5953955.278750467114151 ], [ 570835.886009593028575, 5949422.55738294031471 ], [ 566170.55588439758867, 5949733.959894573315978 ], [ 565450.895118111046031, 5946022.956422890536487 ], [ 559926.357056735432707, 5946318.971340727061033 ], [ 554638.507563174003735, 5938818.705956226214767 ], [ 550259.587672728463076, 5943639.924672774970531 ], [ 547923.742062232340686, 5935813.65893770288676 ], [ 544600.797137690824457, 5936477.540147776715457 ], [ 536188.723393118008971, 5941862.607470608316362 ], [ 533471.864701791317202, 5950358.440769700333476 ], [ 518951.08196960267378, 5969030.975090280175209 ], [ 496733.142298117280006, 5972659.736820756457746 ], [ 488189.762223693076521, 5986241.140083364211023 ], [ 497653.11820494174026, 5987431.646510818041861 ], [ 499072.671907997864764, 5990336.358269990421832 ], [ 495262.668537277728319, 5998188.986863783560693 ], [ 490795.625500289723277, 5997175.808849344030023 ], [ 487434.675586730940267, 6003025.265261622145772 ], [ 489303.953150008281227, 6011550.561569403856993 ], [ 493684.936234866967425, 6012469.870036066509783 ], [ 496873.6436119924183, 6018336.253572322428226 ], [ 491008.958360320713837, 6013432.296299342997372 ], [ 489819.703661004663445, 6015629.164164780639112 ], [ 489994.35352023615269, 6012785.415722915902734 ], [ 488482.611497536476236, 6015972.304720018990338 ], [ 476900.317262477881741, 6013914.485642739571631 ], [ 472655.882244126638398, 6018048.220946343615651 ], [ 474312.717891738459002, 6023447.95249804481864 ], [ 479583.109196515171789, 6023297.493299688212574 ], [ 474618.998030746763106, 6026598.719836860895157 ], [ 491327.026557506120298, 6028514.518411937169731 ], [ 501530.079038017429411, 6036202.791259297169745 ], [ 498795.281596489541698, 6041488.073473543860018 ], [ 494076.051135969581082, 6034938.946919435635209 ], [ 487452.399789714894723, 6035879.796443452127278 ], [ 487388.798738717741799, 6038939.916999243199825 ], [ 491712.636604810773861, 6042298.963360323570669 ], [ 492910.246237415180076, 6049467.86157124210149 ], [ 487922.021466200298164, 6050003.879653939045966 ], [ 489792.762464502127841, 6051946.331703007221222 ], [ 488545.851691126183141, 6055411.298716231249273 ], [ 479875.664915669360198, 6064776.237439423799515 ], [ 480252.995707703230437, 6069225.289718392305076 ], [ 473715.860689640627243, 6082086.852431828156114 ], [ 462525.539851845300291, 6077931.351760841906071 ], [ 455742.034849546267651, 6081022.313135870732367 ], [ 457156.201740435382817, 6079771.998352113179862 ], [ 455074.049124310491607, 6078401.175116019323468 ], [ 454846.190975235425867, 6066317.138149030506611 ], [ 453641.319585437595379, 6067410.998547757975757 ], [ 454996.743806153244805, 6084924.683760943822563 ], [ 462127.406896521686576, 6099842.956136197783053 ] ], [ [ 545762.348061545868404, 6041525.467827218584716 ], [ 535304.817009539925493, 6040326.271994232200086 ], [ 537206.250705497572199, 6036539.748641215264797 ], [ 540410.278605185914785, 6040616.170481238514185 ], [ 546296.030130028142594, 6038415.57368241995573 ], [ 545334.208344516693614, 6041033.515936587005854 ], [ 545762.348061545868404, 6041525.467827218584716 ] ] ], [ [ [ 462419.31273152702488, 6100455.987568373791873 ], [ 462790.92361385008553, 6101236.674415688030422 ], [ 465691.675010150531307, 6100008.235518188215792 ], [ 462419.31273152702488, 6100455.987568373791873 ] ] ], [ [ [ 480077.73495442623971, 6045549.515656413510442 ], [ 478751.859537423064467, 6038601.01199867669493 ], [ 473401.5462810502504, 6040545.579417738132179 ], [ 480077.73495442623971, 6045549.515656413510442 ] ] ], [ [ [ 470378.260793584573548, 6067703.165039931423962 ], [ 473930.280316906282678, 6063662.631186877377331 ], [ 472077.952109133242629, 6059253.93637174833566 ], [ 461141.847778613155242, 6062209.287662209942937 ], [ 462751.20678806619253, 6066368.562902976758778 ], [ 470378.260793584573548, 6067703.165039931423962 ] ] ], [ [ [ 471003.756973094656132, 6048101.887570469640195 ], [ 472390.222536758403294, 6045775.182573427446187 ], [ 468270.486534294730518, 6047502.104916370473802 ], [ 471003.756973094656132, 6048101.887570469640195 ] ] ], [ [ [ 466070.808723184280097, 6036668.707307847216725 ], [ 469242.425520676013548, 6031855.205468093976378 ], [ 465629.080867822107393, 6030582.919447462074459 ], [ 464322.221554578340147, 6034023.969915430061519 ], [ 466070.808723184280097, 6036668.707307847216725 ] ] ], [ [ [ 466200.529538872768171, 6044425.945469434373081 ], [ 467949.464138629846275, 6042713.250644658692181 ], [ 465799.069887208985165, 6038834.29863291606307 ], [ 466200.529538872768171, 6044425.945469434373081 ] ] ], [ [ [ 466591.173708930669818, 6048688.683650719933212 ], [ 467755.12226529349573, 6045743.710181124508381 ], [ 464773.722522677329835, 6045827.800513634458184 ], [ 466591.173708930669818, 6048688.683650719933212 ] ] ], [ [ [ 458570.349168500164524, 6062881.173968793824315 ], [ 457401.692039801040664, 6060418.877857723273337 ], [ 460944.812857396609616, 6051793.867316676303744 ], [ 454368.602268545364495, 6057975.698320278897882 ], [ 458570.349168500164524, 6062881.173968793824315 ] ] ] ] } },
{ "type": "Feature", "properties": { "ID_0": 86, "ISO": "DEU", "NAME_0": "Germany", "ID_1": 16, "NAME_1": "Thüringen", "NL_NAME_1": null, "VARNAME_1": "Thuringia", "TYPE_1": "Land", "ENGTYPE_1": "State" }, "geometry": { "type": "Polygon", "coordinates": [ [ [ 622596.871312381466851, 5723031.929160878062248 ], [ 634304.327043781988323, 5719126.554638073779643 ], [ 630643.102037844830193, 5716095.411898369900882 ], [ 635314.501147245522588, 5711256.971500411629677 ], [ 634585.599516711547039, 5707075.033299302682281 ], [ 637119.673309446312487, 5705086.116258439607918 ], [ 636838.206386131932959, 5699679.404618951492012 ], [ 639745.992239298298955, 5699367.83587884157896 ], [ 638535.204183807363734, 5698079.518114454112947 ], [ 661776.51539379672613, 5698055.5111960535869 ], [ 666845.989648208487779, 5695317.218779076822102 ], [ 667375.161979208700359, 5690795.484454176388681 ], [ 672920.796511633321643, 5686014.195209722034633 ], [ 665216.183806923218071, 5677084.719725890085101 ], [ 672799.329723116010427, 5674044.201750527136028 ], [ 674123.919548922451213, 5671199.387920763343573 ], [ 671686.70383086334914, 5668630.449146104045212 ], [ 674306.28315574361477, 5664178.527974287047982 ], [ 686816.475149731617421, 5665857.151040403172374 ], [ 693722.564053386566229, 5658268.855717964470387 ], [ 702069.04180057393387, 5660601.808593793772161 ], [ 709766.916005363222212, 5655931.902645545080304 ], [ 708980.670064462348819, 5653855.54600159265101 ], [ 712003.313470155699179, 5651086.620127595029771 ], [ 724143.07744197268039, 5652692.012389467097819 ], [ 726780.134798029786907, 5648683.523390777409077 ], [ 731933.901598190423101, 5657807.435648030601442 ], [ 728529.644133746507578, 5659759.716558690182865 ], [ 730858.772103600669652, 5665543.28367374651134 ], [ 742968.607475139433518, 5665436.186006473377347 ], [ 746377.266177337383851, 5663058.238011797890067 ], [ 746940.920045127160847, 5658161.403253660537302 ], [ 748999.796697077341378, 5659023.655872972682118 ], [ 748250.894288722192869, 5656143.332254783250391 ], [ 754077.898215585621074, 5656267.276848553679883 ], [ 757639.57020631886553, 5647737.248880566097796 ], [ 745692.228550786385313, 5644234.534052545204759 ], [ 742960.683978154789656, 5638469.846337229013443 ], [ 729724.504539049230516, 5635311.56469018291682 ], [ 732812.611343304859474, 5630924.567118808627129 ], [ 728740.124470312497579, 5626717.555263130925596 ], [ 731279.167719596647657, 5626812.144435752183199 ], [ 731427.920444729621522, 5621912.172480663284659 ], [ 735308.104519191780128, 5618786.192442490719259 ], [ 731989.122788663487881, 5614898.88844011630863 ], [ 726899.228687217226252, 5615487.644847724586725 ], [ 726516.193939882097766, 5612569.772873827256262 ], [ 723521.565078828018159, 5614081.80524679645896 ], [ 722779.304957596585155, 5608668.938684112392366 ], [ 724463.844359500682913, 5608330.812894141301513 ], [ 716925.153489834396169, 5605097.869967423379421 ], [ 714385.652214939938858, 5606216.891455029137433 ], [ 714246.132421935675666, 5613256.479493523947895 ], [ 711314.467800535610877, 5612711.738866611383855 ], [ 707690.625997625174932, 5605104.998823088593781 ], [ 703948.022339470218867, 5603278.954977530986071 ], [ 710757.881931912968867, 5596942.990695158019662 ], [ 709099.273132955189794, 5596455.503388640470803 ], [ 709967.817178915254772, 5593595.067867199890316 ], [ 705418.342450750409625, 5592143.734998061321676 ], [ 708337.796458934317343, 5590610.377671641297638 ], [ 703820.879612208809704, 5587506.861197389662266 ], [ 700523.068376037641428, 5586121.394141362980008 ], [ 697550.961575018125586, 5589319.23540373146534 ], [ 679332.878125164890662, 5583204.721230742521584 ], [ 676249.542774348054081, 5589721.232765274122357 ], [ 673779.193521958659403, 5588385.98843770287931 ], [ 671618.352070871274918, 5591619.513366039842367 ], [ 672281.212566860951483, 5598682.764159481972456 ], [ 666441.156164603075013, 5599290.29718264285475 ], [ 664871.010754986549728, 5595508.435604646801949 ], [ 659508.98894956544973, 5594070.194737853482366 ], [ 662289.295922741759568, 5581760.44841433595866 ], [ 660473.630972795886919, 5570541.869378829374909 ], [ 652615.290805826545693, 5572748.985603640787303 ], [ 653696.676970177446492, 5577323.630407286807895 ], [ 650293.977872785297222, 5581338.035727104172111 ], [ 645456.614132154965773, 5578697.362964604981244 ], [ 642107.902819024864584, 5581065.064116689376533 ], [ 642189.896827483549714, 5578594.172702886164188 ], [ 637933.248054136522114, 5583821.841230500489473 ], [ 633432.639865755219944, 5584098.848916722461581 ], [ 622122.29830754629802, 5579251.240059827454388 ], [ 623081.192487432970665, 5575140.676106371916831 ], [ 631800.967021413845941, 5570428.875458899885416 ], [ 631889.623681256780401, 5567121.371033072471619 ], [ 623665.734905195073225, 5567683.58427470177412 ], [ 623381.079671412706375, 5562280.562601672485471 ], [ 615413.767105700680986, 5564546.712628119625151 ], [ 614267.84721099876333, 5576582.045045892708004 ], [ 606260.17490081419237, 5578884.369813547469676 ], [ 603621.164665704360232, 5584223.205525872297585 ], [ 599050.528268257738091, 5583293.750065271742642 ], [ 599805.058119709719904, 5586632.281601912342012 ], [ 594618.193898879922926, 5594413.608014175668359 ], [ 579879.610505847027525, 5602061.449822864495218 ], [ 573715.290940047940239, 5596507.481077455915511 ], [ 575299.066291181254201, 5601137.660631625913084 ], [ 573450.082820947980508, 5607411.574688368476927 ], [ 576845.375802188995294, 5608267.589447242207825 ], [ 574115.20689681370277, 5614461.002084320411086 ], [ 567234.850092492764816, 5613662.976692088879645 ], [ 566913.210359095362946, 5609119.050141070969403 ], [ 561735.69694995728787, 5610361.293695707805455 ], [ 566257.050820532138459, 5621045.929448528215289 ], [ 564948.29580813832581, 5623896.535888517275453 ], [ 567442.333313801209442, 5625987.075192155316472 ], [ 566930.842860578675754, 5630505.561793343164027 ], [ 571966.347473880276084, 5631786.135778750292957 ], [ 571876.35967681533657, 5635496.364188641309738 ], [ 574769.399073996231891, 5637574.960759503766894 ], [ 571307.149826538050547, 5641676.889843189157546 ], [ 568823.19883914233651, 5640006.100635281763971 ], [ 569586.85043447825592, 5643312.834379069507122 ], [ 566678.298331539495848, 5642042.129147450439632 ], [ 566621.21066305146087, 5644517.390423484146595 ], [ 575014.808093326166272, 5644588.392669686116278 ], [ 571568.056247888598591, 5648280.04022051114589 ], [ 573156.80621471721679, 5652004.08487992733717 ], [ 584467.753919103648514, 5650838.264320883899927 ], [ 584354.329548571258783, 5655374.344767717644572 ], [ 580576.42711058491841, 5656584.367486951872706 ], [ 582487.176313633914106, 5663608.785121621564031 ], [ 578681.273927794070914, 5666058.552222457714379 ], [ 581981.4573169357609, 5667316.795335032045841 ], [ 584981.043366658384912, 5663626.838394132442772 ], [ 586466.950932612642646, 5670650.27778356987983 ], [ 575126.151489717885852, 5675527.501305896788836 ], [ 573747.615514021250419, 5681299.189486495219171 ], [ 567888.921211439417675, 5682101.1284418720752 ], [ 564376.278299008961767, 5691582.29736914858222 ], [ 573301.593552057398483, 5699072.504373193718493 ], [ 580758.396936382283457, 5698283.179817137308419 ], [ 579482.562520168954507, 5699519.114350980147719 ], [ 583061.662594637251459, 5704092.438994204625487 ], [ 590458.191235639853403, 5705377.993405681103468 ], [ 594845.210306513705291, 5710388.269074044190347 ], [ 595491.658996203215793, 5715803.503106366842985 ], [ 615017.502341619576328, 5712672.50329829659313 ], [ 613531.866027573589236, 5719966.29868730623275 ], [ 622596.871312381466851, 5723031.929160878062248 ] ] ] } }
]
}
